seed,split,model,n_train,n_test,mean_rowwise_pearson,rmse,n_genes
1,split_random,global_train_mean,1767,433,0.14930799116644952,0.09551236152262561,2000
1,split_random,ridge_cell_dose_drug_fp,1767,433,0.27835757516545,0.08935042452907198,2000
1,split_scaffold_heldout,global_train_mean,1766,434,0.15080291517414393,0.09273780303631257,2000
1,split_scaffold_heldout,ridge_cell_dose_drug_fp,1766,434,0.16658571251873158,0.09447352366693314,2000
1,split_cell_scaffold_heldout,global_train_mean,1173,144,0.08745348788379778,0.09196644464884153,2000
1,split_cell_scaffold_heldout,ridge_cell_dose_drug_fp,1173,144,0.06615834755147484,0.0980054393965873,2000
2,split_random,global_train_mean,1742,458,0.1738565195483873,0.10320920933410983,2000
2,split_random,ridge_cell_dose_drug_fp,1742,458,0.30480241000689956,0.09349209080848161,2000
2,split_scaffold_heldout,global_train_mean,1818,382,0.21051564657218547,0.1270020427135405,2000
2,split_scaffold_heldout,ridge_cell_dose_drug_fp,1818,382,0.23237113280978705,0.12280179282448152,2000
2,split_cell_scaffold_heldout,global_train_mean,1226,127,0.06132430090127316,0.10245321946213852,2000
2,split_cell_scaffold_heldout,ridge_cell_dose_drug_fp,1226,127,0.053665109701332515,0.10565113768239413,2000
3,split_random,global_train_mean,1729,471,0.16087438942840226,0.09466421054424358,2000
3,split_random,ridge_cell_dose_drug_fp,1729,471,0.2873068962586059,0.08821554420044182,2000
3,split_scaffold_heldout,global_train_mean,1702,498,0.18340268303822346,0.11060851871089915,2000
3,split_scaffold_heldout,ridge_cell_dose_drug_fp,1702,498,0.2070141387873671,0.10737534623676656,2000
3,split_cell_scaffold_heldout,global_train_mean,1145,162,0.04755922526770341,0.08938422120777305,2000
3,split_cell_scaffold_heldout,ridge_cell_dose_drug_fp,1145,162,0.032603714567293336,0.09558681101974958,2000
4,split_random,global_train_mean,1766,434,0.16130783031145568,0.10187439290925165,2000
4,split_random,ridge_cell_dose_drug_fp,1766,434,0.2930398763567746,0.0927973230775478,2000
4,split_scaffold_heldout,global_train_mean,1772,428,0.1839174948150045,0.09584255870761277,2000
4,split_scaffold_heldout,ridge_cell_dose_drug_fp,1772,428,0.2027838296360471,0.09578733306984576,2000
4,split_cell_scaffold_heldout,global_train_mean,1177,142,0.13513913908939051,0.09553959747586016,2000
4,split_cell_scaffold_heldout,ridge_cell_dose_drug_fp,1177,142,0.10090730716720603,0.09941200084826578,2000
5,split_random,global_train_mean,1745,455,0.14730649263889736,0.09160979064072815,2000
5,split_random,ridge_cell_dose_drug_fp,1745,455,0.273467614539681,0.08667739235170363,2000
5,split_scaffold_heldout,global_train_mean,1809,391,0.13715111819992476,0.08907499336425287,2000
5,split_scaffold_heldout,ridge_cell_dose_drug_fp,1809,391,0.16896620902403386,0.09250850383401413,2000
5,split_cell_scaffold_heldout,global_train_mean,1203,131,0.07780383872584994,0.09066402648537374,2000
5,split_cell_scaffold_heldout,ridge_cell_dose_drug_fp,1203,131,0.08492371050513257,0.09689583433930977,2000
6,split_random,global_train_mean,1779,421,0.17059832353996393,0.10058540785853273,2000
6,split_random,ridge_cell_dose_drug_fp,1779,421,0.3035226957883122,0.09324630724473197,2000
6,split_scaffold_heldout,global_train_mean,1814,386,0.15154412211648477,0.08522223691399286,2000
6,split_scaffold_heldout,ridge_cell_dose_drug_fp,1814,386,0.16459471501667408,0.0898851463632705,2000
6,split_cell_scaffold_heldout,global_train_mean,1199,129,0.100799777482332,0.07545303336575113,2000
6,split_cell_scaffold_heldout,ridge_cell_dose_drug_fp,1199,129,0.07790206697180689,0.08460409648538526,2000
7,split_random,global_train_mean,1766,434,0.1667866806282154,0.10496868446258989,2000
7,split_random,ridge_cell_dose_drug_fp,1766,434,0.2963805100115647,0.09398765074400005,2000
7,split_scaffold_heldout,global_train_mean,1754,446,0.16382429588078132,0.0948891601673247,2000
7,split_scaffold_heldout,ridge_cell_dose_drug_fp,1754,446,0.20069615498811286,0.09451184477990617,2000
7,split_cell_scaffold_heldout,global_train_mean,1161,151,0.10534686206001462,0.08373127823377631,2000
7,split_cell_scaffold_heldout,ridge_cell_dose_drug_fp,1161,151,0.09074246313684152,0.0879255441515749,2000
8,split_random,global_train_mean,1796,404,0.1771737226800828,0.10136036988464042,2000
8,split_random,ridge_cell_dose_drug_fp,1796,404,0.29871676473095893,0.0926169412164095,2000
8,split_scaffold_heldout,global_train_mean,1781,419,0.16683308032934208,0.09087128700719818,2000
8,split_scaffold_heldout,ridge_cell_dose_drug_fp,1781,419,0.17767376351488362,0.09182438293337811,2000
8,split_cell_scaffold_heldout,global_train_mean,1196,134,0.04911912204566202,0.08295850758794772,2000
8,split_cell_scaffold_heldout,ridge_cell_dose_drug_fp,1196,134,0.014682160682161131,0.09062164342863274,2000
9,split_random,global_train_mean,1793,407,0.1534340603117586,0.09769264753581071,2000
9,split_random,ridge_cell_dose_drug_fp,1793,407,0.2867803570932305,0.08913362855406075,2000
9,split_scaffold_heldout,global_train_mean,1779,421,0.17833021679243802,0.11576005460362072,2000
9,split_scaffold_heldout,ridge_cell_dose_drug_fp,1779,421,0.2206166098354705,0.10964246470137448,2000
9,split_cell_scaffold_heldout,global_train_mean,1186,144,0.1034763284007726,0.11016183878271668,2000
9,split_cell_scaffold_heldout,ridge_cell_dose_drug_fp,1186,144,0.10331257738204797,0.10922378780068526,2000
10,split_random,global_train_mean,1755,445,0.1639424023554503,0.09831124791812026,2000
10,split_random,ridge_cell_dose_drug_fp,1755,445,0.2875705583549646,0.09128538175075435,2000
10,split_scaffold_heldout,global_train_mean,1810,390,0.13137369745552557,0.08635454337601649,2000
10,split_scaffold_heldout,ridge_cell_dose_drug_fp,1810,390,0.15072445784620822,0.08923490179912985,2000
10,split_cell_scaffold_heldout,global_train_mean,1219,128,0.041049497418231065,0.08003830833372409,2000
10,split_cell_scaffold_heldout,ridge_cell_dose_drug_fp,1219,128,0.01843019594440651,0.08772542613003831,2000
11,split_random,global_train_mean,1750,450,0.15998469321793607,0.09627144108625105,2000
11,split_random,ridge_cell_dose_drug_fp,1750,450,0.2885713192000892,0.09042815243776572,2000
11,split_scaffold_heldout,global_train_mean,1788,412,0.17214506330975624,0.10951791352885594,2000
11,split_scaffold_heldout,ridge_cell_dose_drug_fp,1788,412,0.20673164288341914,0.10726471474800274,2000
11,split_cell_scaffold_heldout,global_train_mean,1190,139,0.11115518760586583,0.10792257855246956,2000
11,split_cell_scaffold_heldout,ridge_cell_dose_drug_fp,1190,139,0.08280342761879309,0.11234574400714004,2000
12,split_random,global_train_mean,1760,440,0.16062000026393364,0.10035013663625472,2000
12,split_random,ridge_cell_dose_drug_fp,1760,440,0.2905487909590785,0.09279788423164308,2000
12,split_scaffold_heldout,global_train_mean,1779,421,0.12885052054395696,0.08084625255884317,2000
12,split_scaffold_heldout,ridge_cell_dose_drug_fp,1779,421,0.15944882742471683,0.08382019295637502,2000
12,split_cell_scaffold_heldout,global_train_mean,1196,136,0.04683756474716526,0.0718818383415817,2000
12,split_cell_scaffold_heldout,ridge_cell_dose_drug_fp,1196,136,0.0336562749393863,0.08009804086877959,2000
13,split_random,global_train_mean,1761,439,0.15995970795182057,0.09555155452008521,2000
13,split_random,ridge_cell_dose_drug_fp,1761,439,0.2853458162285482,0.08858753971716217,2000
13,split_scaffold_heldout,global_train_mean,1760,440,0.14892627198413816,0.09495403091981594,2000
13,split_scaffold_heldout,ridge_cell_dose_drug_fp,1760,440,0.17884098825605227,0.09497295421205831,2000
13,split_cell_scaffold_heldout,global_train_mean,1170,147,0.07924999770848432,0.09306160419814187,2000
13,split_cell_scaffold_heldout,ridge_cell_dose_drug_fp,1170,147,0.06073429158016866,0.09682221603271145,2000
14,split_random,global_train_mean,1743,457,0.16515377814773624,0.0981524571139294,2000
14,split_random,ridge_cell_dose_drug_fp,1743,457,0.2864429314006852,0.09179340777668178,2000
14,split_scaffold_heldout,global_train_mean,1679,521,0.160000459997265,0.0962815669548975,2000
14,split_scaffold_heldout,ridge_cell_dose_drug_fp,1679,521,0.20499113396092242,0.09372903021662086,2000
14,split_cell_scaffold_heldout,global_train_mean,1111,176,0.10848620712642226,0.08793926392064197,2000
14,split_cell_scaffold_heldout,ridge_cell_dose_drug_fp,1111,176,0.10407803532637257,0.09006240472196701,2000
15,split_random,global_train_mean,1771,429,0.16268913715371414,0.09492189450016757,2000
15,split_random,ridge_cell_dose_drug_fp,1771,429,0.29507800596594685,0.08815601642580735,2000
15,split_scaffold_heldout,global_train_mean,1716,484,0.14599752044822012,0.08883761906556893,2000
15,split_scaffold_heldout,ridge_cell_dose_drug_fp,1716,484,0.1731425357062804,0.09074647788773292,2000
15,split_cell_scaffold_heldout,global_train_mean,1153,156,0.04353291064798778,0.07797246245042605,2000
15,split_cell_scaffold_heldout,ridge_cell_dose_drug_fp,1153,156,0.03708661840276979,0.08502210028283523,2000
16,split_random,global_train_mean,1764,436,0.17111344246694496,0.10429550963795572,2000
16,split_random,ridge_cell_dose_drug_fp,1764,436,0.30636313491668776,0.09384697187631569,2000
16,split_scaffold_heldout,global_train_mean,1786,414,0.18368015736959947,0.1112129465104852,2000
16,split_scaffold_heldout,ridge_cell_dose_drug_fp,1786,414,0.21667210765837422,0.10841083157165132,2000
16,split_cell_scaffold_heldout,global_train_mean,1204,137,0.05185426296765473,0.09395040116082555,2000
16,split_cell_scaffold_heldout,ridge_cell_dose_drug_fp,1204,137,0.04805639689051324,0.09946623150873202,2000
17,split_random,global_train_mean,1759,441,0.1636073186417815,0.09887614743703861,2000
17,split_random,ridge_cell_dose_drug_fp,1759,441,0.2983048452336921,0.09101031451458366,2000
17,split_scaffold_heldout,global_train_mean,1767,433,0.18485359728479048,0.10848758764057413,2000
17,split_scaffold_heldout,ridge_cell_dose_drug_fp,1767,433,0.2107426564517576,0.10522729571750254,2000
17,split_cell_scaffold_heldout,global_train_mean,1188,140,0.06241161682782904,0.08873884097731578,2000
17,split_cell_scaffold_heldout,ridge_cell_dose_drug_fp,1188,140,0.058518778915430635,0.09522947458789921,2000
18,split_random,global_train_mean,1750,450,0.1655209611205466,0.10270254393225234,2000
18,split_random,ridge_cell_dose_drug_fp,1750,450,0.2968297773736255,0.09310331562322251,2000
18,split_scaffold_heldout,global_train_mean,1692,508,0.15443288248405332,0.10620948506119404,2000
18,split_scaffold_heldout,ridge_cell_dose_drug_fp,1692,508,0.19757301879879388,0.10301164999722127,2000
18,split_cell_scaffold_heldout,global_train_mean,1127,172,0.08773120847509247,0.10448488133081953,2000
18,split_cell_scaffold_heldout,ridge_cell_dose_drug_fp,1127,172,0.08193077698741434,0.10505203459977361,2000
19,split_random,global_train_mean,1750,450,0.160884406485157,0.08973849846017248,2000
19,split_random,ridge_cell_dose_drug_fp,1750,450,0.28537797533540066,0.08552444050654666,2000
19,split_scaffold_heldout,global_train_mean,1761,439,0.14672120869569338,0.08424850304684671,2000
19,split_scaffold_heldout,ridge_cell_dose_drug_fp,1761,439,0.17745414484181254,0.08844134199433476,2000
19,split_cell_scaffold_heldout,global_train_mean,1169,145,0.09086573306162479,0.08753032305685753,2000
19,split_cell_scaffold_heldout,ridge_cell_dose_drug_fp,1169,145,0.07904167856743777,0.09473348995936014,2000
20,split_random,global_train_mean,1750,450,0.1498730842710305,0.0910746860122929,2000
20,split_random,ridge_cell_dose_drug_fp,1750,450,0.28186914436490734,0.086098465482363,2000
20,split_scaffold_heldout,global_train_mean,1775,425,0.1612593019184308,0.11164670276029892,2000
20,split_scaffold_heldout,ridge_cell_dose_drug_fp,1775,425,0.19941213985636788,0.10662440036914284,2000
20,split_cell_scaffold_heldout,global_train_mean,1181,143,0.10338593355804539,0.11034802439711462,2000
20,split_cell_scaffold_heldout,ridge_cell_dose_drug_fp,1181,143,0.10115787800876704,0.1096744336533997,2000
21,split_random,global_train_mean,1764,436,0.16918156796244813,0.10872794520829455,2000
21,split_random,ridge_cell_dose_drug_fp,1764,436,0.29542454055071155,0.09834491311279919,2000
21,split_scaffold_heldout,global_train_mean,1797,403,0.1694634324648206,0.09966361922247897,2000
21,split_scaffold_heldout,ridge_cell_dose_drug_fp,1797,403,0.1946787171518004,0.09782538764612392,2000
21,split_cell_scaffold_heldout,global_train_mean,1191,138,0.11958379336021524,0.08837360405565968,2000
21,split_cell_scaffold_heldout,ridge_cell_dose_drug_fp,1191,138,0.08912430686678519,0.0911125489387882,2000
22,split_random,global_train_mean,1744,456,0.1652866446257636,0.11425654227347867,2000
22,split_random,ridge_cell_dose_drug_fp,1744,456,0.29435089875116016,0.10217294775472495,2000
22,split_scaffold_heldout,global_train_mean,1763,437,0.16292476550867718,0.0977893749173889,2000
22,split_scaffold_heldout,ridge_cell_dose_drug_fp,1763,437,0.19058616127072775,0.09653138107439867,2000
22,split_cell_scaffold_heldout,global_train_mean,1187,143,0.0632389022281687,0.08491403396206096,2000
22,split_cell_scaffold_heldout,ridge_cell_dose_drug_fp,1187,143,0.042303863784659244,0.09031264103079974,2000
23,split_random,global_train_mean,1783,417,0.1657695178907215,0.10333297126294547,2000
23,split_random,ridge_cell_dose_drug_fp,1783,417,0.2918462487857557,0.09492398758481099,2000
23,split_scaffold_heldout,global_train_mean,1790,410,0.16069549367236344,0.09457362639035358,2000
23,split_scaffold_heldout,ridge_cell_dose_drug_fp,1790,410,0.16710109439772114,0.09786948101605901,2000
23,split_cell_scaffold_heldout,global_train_mean,1189,136,0.09563805553024532,0.08932002368020422,2000
23,split_cell_scaffold_heldout,ridge_cell_dose_drug_fp,1189,136,0.060212274223832504,0.0963614154818552,2000
24,split_random,global_train_mean,1763,437,0.1566740909268763,0.09372850245709606,2000
24,split_random,ridge_cell_dose_drug_fp,1763,437,0.2865222310314496,0.0887794842617809,2000
24,split_scaffold_heldout,global_train_mean,1801,399,0.16542728201837745,0.09245818331349087,2000
24,split_scaffold_heldout,ridge_cell_dose_drug_fp,1801,399,0.19180412794766055,0.09403590422053376,2000
24,split_cell_scaffold_heldout,global_train_mean,1191,134,0.11232272005773235,0.08110238794882028,2000
24,split_cell_scaffold_heldout,ridge_cell_dose_drug_fp,1191,134,0.09390863297033347,0.08685629335820781,2000
25,split_random,global_train_mean,1751,449,0.15880448713949294,0.09393332324528379,2000
25,split_random,ridge_cell_dose_drug_fp,1751,449,0.29284637975099104,0.08613917260928042,2000
25,split_scaffold_heldout,global_train_mean,1799,401,0.13706412281418567,0.08928986721000043,2000
25,split_scaffold_heldout,ridge_cell_dose_drug_fp,1799,401,0.18440681414251722,0.08971516411811763,2000
25,split_cell_scaffold_heldout,global_train_mean,1212,132,0.03919505472446904,0.08078939751148702,2000
25,split_cell_scaffold_heldout,ridge_cell_dose_drug_fp,1212,132,0.033270548341270065,0.08815589503878243,2000
26,split_random,global_train_mean,1769,431,0.15916168412930884,0.09120379337795022,2000
26,split_random,ridge_cell_dose_drug_fp,1769,431,0.2796354654981988,0.08663464003677208,2000
26,split_scaffold_heldout,global_train_mean,1786,414,0.17461500017226889,0.10295484923630706,2000
26,split_scaffold_heldout,ridge_cell_dose_drug_fp,1786,414,0.18997088219229036,0.10229870263049817,2000
26,split_cell_scaffold_heldout,global_train_mean,1181,139,0.12740230447819245,0.08990242896946932,2000
26,split_cell_scaffold_heldout,ridge_cell_dose_drug_fp,1181,139,0.10153865105303188,0.0937613255995362,2000
27,split_random,global_train_mean,1760,440,0.16326320640393877,0.1005959628186248,2000
27,split_random,ridge_cell_dose_drug_fp,1760,440,0.2944977525132105,0.0912010728780041,2000
27,split_scaffold_heldout,global_train_mean,1802,398,0.1514503508859458,0.09455986183050817,2000
27,split_scaffold_heldout,ridge_cell_dose_drug_fp,1802,398,0.17903249059822135,0.09482609834424331,2000
27,split_cell_scaffold_heldout,global_train_mean,1214,131,0.04243748566820849,0.08645957079597634,2000
27,split_cell_scaffold_heldout,ridge_cell_dose_drug_fp,1214,131,0.02531399804844171,0.09363243702457741,2000
28,split_random,global_train_mean,1767,433,0.16539714075860135,0.09931724345722048,2000
28,split_random,ridge_cell_dose_drug_fp,1767,433,0.299849261159656,0.09213980442370209,2000
28,split_scaffold_heldout,global_train_mean,1796,404,0.14767819469653576,0.09384379530624203,2000
28,split_scaffold_heldout,ridge_cell_dose_drug_fp,1796,404,0.19194907921738802,0.0938505523903874,2000
28,split_cell_scaffold_heldout,global_train_mean,1214,137,0.043633590129113727,0.0851759906318117,2000
28,split_cell_scaffold_heldout,ridge_cell_dose_drug_fp,1214,137,0.03751779846196627,0.09225458884470915,2000
29,split_random,global_train_mean,1794,406,0.16270361726527405,0.09736675768797333,2000
29,split_random,ridge_cell_dose_drug_fp,1794,406,0.29562562432981254,0.09208376287794441,2000
29,split_scaffold_heldout,global_train_mean,1781,419,0.15511022835568916,0.08909267983636796,2000
29,split_scaffold_heldout,ridge_cell_dose_drug_fp,1781,419,0.175099262187526,0.09069043523744669,2000
29,split_cell_scaffold_heldout,global_train_mean,1184,140,0.08915587478918773,0.0858059339047572,2000
29,split_cell_scaffold_heldout,ridge_cell_dose_drug_fp,1184,140,0.056149856580247244,0.09097943318958225,2000
30,split_random,global_train_mean,1785,415,0.16245001069482176,0.10172959591969344,2000
30,split_random,ridge_cell_dose_drug_fp,1785,415,0.29102174189451174,0.09298909925624389,2000
30,split_scaffold_heldout,global_train_mean,1765,435,0.14626969883058524,0.09366931320121945,2000
30,split_scaffold_heldout,ridge_cell_dose_drug_fp,1765,435,0.17498241166933182,0.09472642241135323,2000
30,split_cell_scaffold_heldout,global_train_mean,1173,145,0.06810659702396889,0.09217780212429331,2000
30,split_cell_scaffold_heldout,ridge_cell_dose_drug_fp,1173,145,0.060017620016266156,0.09664128957769245,2000
