mean_all_gene_pearson,mean_all_gene_rmse,mean_top50_overlap,mean_top50_direction_agreement,mean_top100_overlap,mean_top100_direction_agreement,mean_top200_overlap,mean_top200_direction_agreement,dataset,seed,split_type,split,model_name,input_dim,n_train,n_val,n_test,status,runtime_seconds,notes,same_drug_overlap,same_scaffold_overlap,same_cell_line_overlap,same_drug_dose_overlap,same_drug_cell_line_dose_overlap,same_numeric_dose_overlap
0.2086870395535325,0.0801277599895805,0.1576443418013857,0.6338568129330255,0.1967898383371824,0.6365357967667437,0.2464087759815242,0.6339491916859122,sciplex3_24h_top2000,1,random,split_random,transigen_basal_only,2000,1767,177,433,completed,0.6192231178283691,TranSiGen-style input ablation; same architecture and split protocol as full adaptation.,1.0,1.0,1.0,0.9330254041570438,0.0,1.0
-0.0045264807550914,0.3397817609290226,0.1009497964721845,0.5058073270013568,0.1114518317503392,0.4981139755766621,0.1448236092265943,0.5027476255088195,sciplex3_24h_top2000,1,cell_heldout,split_cell_heldout,transigen_basal_only,2000,1463,146,737,completed,0.1101150512695312,TranSiGen-style input ablation; same architecture and split protocol as full adaptation.,1.0,1.0,0.0,0.9972862957937584,0.0,1.0
0.2107037759315203,0.0800579225168028,0.1673732718894009,0.6449308755760368,0.1990783410138249,0.6429723502304148,0.2469354838709677,0.6374884792626728,sciplex3_24h_top2000,1,scaffold_heldout,split_scaffold_heldout,transigen_basal_only,2000,1766,177,434,completed,0.1241571903228759,TranSiGen-style input ablation; same architecture and split protocol as full adaptation.,0.0,0.0,1.0,0.0,0.0,1.0
-0.00201355288012,0.3182448548134345,0.0419444444444444,0.4886111111111111,0.0925694444444444,0.4945833333333334,0.1373958333333333,0.5055208333333333,sciplex3_24h_top2000,1,cell_scaffold_heldout,split_cell_scaffold_heldout,transigen_basal_only,2000,1173,117,144,completed,0.0863440036773681,TranSiGen-style input ablation; same architecture and split protocol as full adaptation.,0.0,0.0,0.0,0.0,0.0,1.0
0.2374856598186472,0.0848482506570819,0.1651965065502184,0.6716593886462883,0.2020087336244541,0.6684497816593886,0.2518231441048035,0.6522052401746725,sciplex3_24h_top2000,2,random,split_random,transigen_basal_only,2000,1742,174,458,completed,0.1226229667663574,TranSiGen-style input ablation; same architecture and split protocol as full adaptation.,1.0,1.0,1.0,0.9301310043668122,0.0,1.0
-0.0097757729579602,0.3757966964438824,0.0711265646731571,0.4791655076495132,0.0878303198887343,0.4937830319888734,0.1121974965229485,0.4923296244784423,sciplex3_24h_top2000,2,cell_heldout,split_cell_heldout,transigen_basal_only,2000,1481,148,719,completed,0.1062479019165039,TranSiGen-style input ablation; same architecture and split protocol as full adaptation.,0.9944367176634216,0.9944367176634216,0.0,0.9930458970792768,0.0,1.0
0.2756528571664781,0.1044668247279798,0.2092146596858639,0.6894764397905759,0.237434554973822,0.6887958115183246,0.2800392670157068,0.6787303664921466,sciplex3_24h_top2000,2,scaffold_heldout,split_scaffold_heldout,transigen_basal_only,2000,1818,182,382,completed,0.1300740242004394,TranSiGen-style input ablation; same architecture and split protocol as full adaptation.,0.0,0.0,1.0,0.0,0.0,1.0
-0.0043464397512913,0.381616326741408,0.0744881889763779,0.487244094488189,0.0918897637795275,0.4809448818897638,0.1223622047244094,0.5083858267716536,sciplex3_24h_top2000,2,cell_scaffold_heldout,split_cell_scaffold_heldout,transigen_basal_only,2000,1226,123,127,completed,0.0857160091400146,TranSiGen-style input ablation; same architecture and split protocol as full adaptation.,0.0,0.0,0.0,0.0,0.0,1.0
0.2236469823273172,0.0811026021352836,0.1598301486199575,0.6507855626326964,0.1923142250530785,0.6528662420382164,0.2470169851380042,0.6420063694267516,sciplex3_24h_top2000,3,random,split_random,transigen_basal_only,2000,1729,173,471,completed,0.1212399005889892,TranSiGen-style input ablation; same architecture and split protocol as full adaptation.,1.0,1.0,1.0,0.9384288747346072,0.0,1.0
0.0161133851451047,0.2850200071406764,0.0736856745479833,0.5285396383866481,0.0926703755215577,0.5173991655076495,0.1201112656467315,0.5099095966620306,sciplex3_24h_top2000,3,cell_heldout,split_cell_heldout,transigen_basal_only,2000,1481,148,719,completed,0.1081762313842773,TranSiGen-style input ablation; same architecture and split protocol as full adaptation.,0.9944367176634216,0.9944367176634216,0.0,0.9930458970792768,0.0,1.0
0.246393552025453,0.0905259627965384,0.1683534136546185,0.6729718875502008,0.2012449799196787,0.6671887550200803,0.2529819277108434,0.6597489959839358,sciplex3_24h_top2000,3,scaffold_heldout,split_scaffold_heldout,transigen_basal_only,2000,1702,170,498,completed,0.1140730381011962,TranSiGen-style input ablation; same architecture and split protocol as full adaptation.,0.0,0.0,1.0,0.0,0.0,1.0
0.005353297902662,0.2210692714456483,0.0907407407407407,0.4933333333333333,0.1029629629629629,0.5099382716049383,0.1301851851851851,0.5018518518518519,sciplex3_24h_top2000,3,cell_scaffold_heldout,split_cell_scaffold_heldout,transigen_basal_only,2000,1145,114,162,completed,0.0826327800750732,TranSiGen-style input ablation; same architecture and split protocol as full adaptation.,0.0,0.0,0.0,0.0,0.0,1.0
0.2142200415923806,0.0840926299159271,0.1688479262672811,0.6406912442396313,0.1950460829493087,0.646889400921659,0.2384331797235023,0.6406912442396313,sciplex3_24h_top2000,4,random,split_random,transigen_basal_only,2000,1766,177,434,completed,0.1253738403320312,TranSiGen-style input ablation; same architecture and split protocol as full adaptation.,1.0,1.0,1.0,0.923963133640553,0.0,1.0
-0.0095716342398003,0.5844039794484106,0.0793215739484396,0.4854002713704206,0.0999457259158751,0.4880054274084124,0.1435142469470827,0.4977544097693351,sciplex3_24h_top2000,4,cell_heldout,split_cell_heldout,transigen_basal_only,2000,1463,146,737,completed,0.1045801639556884,TranSiGen-style input ablation; same architecture and split protocol as full adaptation.,1.0,1.0,0.0,0.9972862957937584,0.0,1.0
0.2421509114676568,0.0831386312812761,0.1881775700934579,0.6510747663551402,0.2185046728971962,0.6560046728971962,0.2583878504672897,0.6555841121495328,sciplex3_24h_top2000,4,scaffold_heldout,split_scaffold_heldout,transigen_basal_only,2000,1772,177,428,completed,0.1230778694152832,TranSiGen-style input ablation; same architecture and split protocol as full adaptation.,0.0,0.0,1.0,0.0,0.0,1.0
-0.015418664306566,0.5628615922995812,0.072112676056338,0.5005633802816902,0.09,0.4880985915492958,0.1303521126760563,0.4872183098591549,sciplex3_24h_top2000,4,cell_scaffold_heldout,split_cell_scaffold_heldout,transigen_basal_only,2000,1177,118,142,completed,0.100816011428833,TranSiGen-style input ablation; same architecture and split protocol as full adaptation.,0.0,0.0,0.0,0.0,0.0,1.0
0.2067870153568335,0.0805803757265768,0.1608351648351648,0.6383296703296704,0.1974725274725275,0.6388351648351649,0.2408351648351648,0.6321978021978022,sciplex3_24h_top2000,5,random,split_random,transigen_basal_only,2000,1745,174,455,completed,0.1256921291351318,TranSiGen-style input ablation; same architecture and split protocol as full adaptation.,1.0,1.0,1.0,0.9384615384615383,0.0,1.0
-0.0109867456109185,0.4549655811031657,0.0866485753052917,0.4827137042062415,0.0988331071913161,0.4926594301221167,0.1406173677069199,0.4926322930800542,sciplex3_24h_top2000,5,cell_heldout,split_cell_heldout,transigen_basal_only,2000,1463,146,737,completed,0.1114511489868164,TranSiGen-style input ablation; same architecture and split protocol as full adaptation.,1.0,1.0,0.0,0.9972862957937584,0.0,1.0
0.1946295576212559,0.0789176131743665,0.1608695652173913,0.612378516624041,0.1942199488491048,0.6206649616368287,0.2401023017902813,0.6208567774936061,sciplex3_24h_top2000,5,scaffold_heldout,split_scaffold_heldout,transigen_basal_only,2000,1809,181,391,completed,0.1304290294647216,TranSiGen-style input ablation; same architecture and split protocol as full adaptation.,0.0,0.0,1.0,0.0,0.0,1.0
-0.0008626358141079,0.478508150990225,0.0601526717557251,0.490534351145038,0.0953435114503816,0.5093129770992366,0.1529007633587786,0.5103816793893129,sciplex3_24h_top2000,5,cell_scaffold_heldout,split_cell_scaffold_heldout,transigen_basal_only,2000,1203,120,131,completed,0.0883882045745849,TranSiGen-style input ablation; same architecture and split protocol as full adaptation.,0.0,0.0,0.0,0.0,0.0,1.0
0.2258063171482517,0.0849319235650152,0.1627553444180522,0.6668408551068884,0.2040380047505938,0.6605463182897863,0.2531353919239905,0.6476840855106887,sciplex3_24h_top2000,6,random,split_random,transigen_basal_only,2000,1779,178,421,completed,0.1307358741760254,TranSiGen-style input ablation; same architecture and split protocol as full adaptation.,1.0,1.0,1.0,0.9382422802850356,0.0,1.0
0.0202985583958305,1.6537272256955389,0.0589516129032258,0.528252688172043,0.0882930107526881,0.5088575268817205,0.1363709677419355,0.5092876344086021,sciplex3_24h_top2000,6,cell_heldout,split_cell_heldout,transigen_basal_only,2000,1456,146,744,completed,0.1088178157806396,TranSiGen-style input ablation; same architecture and split protocol as full adaptation.,1.0,1.0,0.0,0.9919354838709676,0.0,1.0
0.2161624868793292,0.0772884170328535,0.1642487046632124,0.6478756476683938,0.1990932642487046,0.6416839378238341,0.2475259067357513,0.6419818652849741,sciplex3_24h_top2000,6,scaffold_heldout,split_scaffold_heldout,transigen_basal_only,2000,1814,181,386,completed,0.1238269805908203,TranSiGen-style input ablation; same architecture and split protocol as full adaptation.,0.0,0.0,1.0,0.0,0.0,1.0
0.0004132490495374,1.4312403777287064,0.0781395348837209,0.4956589147286822,0.0986046511627906,0.4989147286821705,0.1401550387596899,0.4948062015503875,sciplex3_24h_top2000,6,cell_scaffold_heldout,split_cell_scaffold_heldout,transigen_basal_only,2000,1199,120,129,completed,0.0858597755432128,TranSiGen-style input ablation; same architecture and split protocol as full adaptation.,0.0,0.0,0.0,0.0,0.0,1.0
0.2305970692988197,0.0856468228349128,0.1669124423963134,0.654147465437788,0.2062442396313364,0.6538248847926267,0.2490207373271889,0.6492511520737326,sciplex3_24h_top2000,7,random,split_random,transigen_basal_only,2000,1766,177,434,completed,0.1228489875793457,TranSiGen-style input ablation; same architecture and split protocol as full adaptation.,1.0,1.0,1.0,0.9308755760368664,0.0,1.0
0.0089305518898765,1.8607155692052053,0.0851075268817204,0.5041666666666667,0.1086693548387096,0.5075537634408602,0.1486962365591397,0.5087736059328902,sciplex3_24h_top2000,7,cell_heldout,split_cell_heldout,transigen_basal_only,2000,1456,146,744,completed,0.1037900447845459,TranSiGen-style input ablation; same architecture and split protocol as full adaptation.,1.0,1.0,0.0,0.9919354838709676,0.0,1.0
0.237416430355435,0.0818183341732173,0.1713004484304932,0.6625112107623319,0.2118834080717488,0.6581165919282512,0.2561210762331838,0.6545515695067263,sciplex3_24h_top2000,7,scaffold_heldout,split_scaffold_heldout,transigen_basal_only,2000,1754,175,446,completed,0.1248509883880615,TranSiGen-style input ablation; same architecture and split protocol as full adaptation.,0.0,0.0,1.0,0.0,0.0,1.0
-0.0106179144711409,1.848976676288773,0.0747019867549668,0.5072847682119205,0.0980794701986755,0.4820529801324503,0.1430132450331125,0.4910264900662252,sciplex3_24h_top2000,7,cell_scaffold_heldout,split_cell_scaffold_heldout,transigen_basal_only,2000,1161,116,151,completed,0.082921028137207,TranSiGen-style input ablation; same architecture and split protocol as full adaptation.,0.0,0.0,0.0,0.0,0.0,1.0
0.2355668295012422,0.0852246304045638,0.1713366336633663,0.6593069306930693,0.2073267326732673,0.6565099009900991,0.2483663366336633,0.6513242574257425,sciplex3_24h_top2000,8,random,split_random,transigen_basal_only,2000,1796,180,404,completed,0.1227128505706787,TranSiGen-style input ablation; same architecture and split protocol as full adaptation.,1.0,1.0,1.0,0.9678217821782178,0.0,1.0
-0.0036385821079215,0.2458554795710936,0.0745757997218359,0.4904867872044506,0.0881363004172461,0.494019471488178,0.1235813630041724,0.4968776077885952,sciplex3_24h_top2000,8,cell_heldout,split_cell_heldout,transigen_basal_only,2000,1481,148,719,completed,0.1080908775329589,TranSiGen-style input ablation; same architecture and split protocol as full adaptation.,0.9944367176634216,0.9944367176634216,0.0,0.9930458970792768,0.0,1.0
0.2342096433957275,0.0806269574165794,0.167780429594272,0.6557040572792363,0.2056563245823389,0.6614558472553699,0.2506205250596658,0.6516348448687351,sciplex3_24h_top2000,8,scaffold_heldout,split_scaffold_heldout,transigen_basal_only,2000,1781,178,419,completed,0.1245560646057128,TranSiGen-style input ablation; same architecture and split protocol as full adaptation.,0.0,0.0,1.0,0.0,0.0,1.0
-0.0006365301646079,0.2846862483363361,0.0688059701492537,0.5095522388059701,0.0926865671641791,0.5061194029850746,0.129776119402985,0.5030223880597015,sciplex3_24h_top2000,8,cell_scaffold_heldout,split_cell_scaffold_heldout,transigen_basal_only,2000,1196,120,134,completed,0.0846900939941406,TranSiGen-style input ablation; same architecture and split protocol as full adaptation.,0.0,0.0,0.0,0.0,0.0,1.0
0.2189178299636688,0.0812655208360399,0.1717444717444717,0.6364127764127764,0.2007125307125307,0.6393611793611794,0.2481818181818182,0.6402457002457004,sciplex3_24h_top2000,9,random,split_random,transigen_basal_only,2000,1793,179,407,completed,0.1248612403869628,TranSiGen-style input ablation; same architecture and split protocol as full adaptation.,1.0,1.0,1.0,0.9484029484029484,0.0,1.0
0.0136847634960005,0.3565794638359087,0.0765535956580732,0.4987788331071913,0.1068521031207598,0.5284667571234736,0.1498778833107191,0.5159565807327001,sciplex3_24h_top2000,9,cell_heldout,split_cell_heldout,transigen_basal_only,2000,1463,146,737,completed,0.1072049140930175,TranSiGen-style input ablation; same architecture and split protocol as full adaptation.,1.0,1.0,0.0,0.9972862957937584,0.0,1.0
0.2476621558539793,0.0927786373877116,0.1674109263657957,0.6801425178147268,0.2138004750593824,0.6699524940617576,0.2604750593824227,0.661270783847981,sciplex3_24h_top2000,9,scaffold_heldout,split_scaffold_heldout,transigen_basal_only,2000,1779,178,421,completed,0.1239018440246582,TranSiGen-style input ablation; same architecture and split protocol as full adaptation.,0.0,0.0,1.0,0.0,0.0,1.0
0.003974068967808,0.4106248218955582,0.0766666666666666,0.4893055555555556,0.1015972222222222,0.4981944444444445,0.1394097222222222,0.5045138888888888,sciplex3_24h_top2000,9,cell_scaffold_heldout,split_cell_scaffold_heldout,transigen_basal_only,2000,1186,119,144,completed,0.0845758914947509,TranSiGen-style input ablation; same architecture and split protocol as full adaptation.,0.0,0.0,0.0,0.0,0.0,1.0
0.2273764957720928,0.0837289320122636,0.1760898876404494,0.6475955056179774,0.201438202247191,0.6505842696629214,0.2487865168539325,0.644370786516854,sciplex3_24h_top2000,10,random,split_random,transigen_basal_only,2000,1755,176,445,completed,0.1220200061798095,TranSiGen-style input ablation; same architecture and split protocol as full adaptation.,1.0,1.0,1.0,0.9258426966292136,0.0,1.0
0.0096553022946948,0.2107255174534821,0.0485396383866481,0.4957719054242003,0.0773018080667593,0.5026981919332406,0.1084979137691238,0.5027260083449235,sciplex3_24h_top2000,10,cell_heldout,split_cell_heldout,transigen_basal_only,2000,1481,148,719,completed,0.1053102016448974,TranSiGen-style input ablation; same architecture and split protocol as full adaptation.,0.9944367176634216,0.9944367176634216,0.0,0.9930458970792768,0.0,1.0
0.192007119711304,0.0766077305182983,0.1455897435897435,0.6192307692307693,0.1851538461538461,0.6225128205128205,0.2318333333333333,0.6210897435897436,sciplex3_24h_top2000,10,scaffold_heldout,split_scaffold_heldout,transigen_basal_only,2000,1810,181,390,completed,0.1246619224548339,TranSiGen-style input ablation; same architecture and split protocol as full adaptation.,0.0,0.0,1.0,0.0,0.0,1.0
0.0051167210908329,0.2222803453677295,0.05390625,0.5096875000000001,0.071875,0.5023437500000001,0.1140625,0.5021875,sciplex3_24h_top2000,10,cell_scaffold_heldout,split_cell_scaffold_heldout,transigen_basal_only,2000,1219,122,128,completed,0.0880522727966308,TranSiGen-style input ablation; same architecture and split protocol as full adaptation.,0.0,0.0,0.0,0.0,0.0,1.0
0.2302745823649806,0.0777707432168873,0.1563972286374134,0.6912240184757507,0.1750808314087759,0.6811778290993071,0.2172286374133949,0.6681062355658198,sciplex3_24h_top2000,1,random,split_random,transigen_drug_only,1024,1767,177,433,completed,0.1144709587097168,TranSiGen-style input ablation; same architecture and split protocol as full adaptation.,1.0,1.0,1.0,0.9330254041570438,0.0,1.0
0.1201366944348704,0.0918570886296075,0.1111533242876526,0.6177204884667571,0.128303934871099,0.608561736770692,0.1703188602442334,0.6023541383989145,sciplex3_24h_top2000,1,cell_heldout,split_cell_heldout,transigen_drug_only,1024,1463,146,737,completed,0.0974340438842773,TranSiGen-style input ablation; same architecture and split protocol as full adaptation.,1.0,1.0,0.0,0.9972862957937584,0.0,1.0
0.1374853151513973,0.0825878301305762,0.1378801843317972,0.5956682027649769,0.1569815668202764,0.5940092165898616,0.1963479262672811,0.5861981566820277,sciplex3_24h_top2000,1,scaffold_heldout,split_scaffold_heldout,transigen_drug_only,1024,1766,177,434,completed,0.113279104232788,TranSiGen-style input ablation; same architecture and split protocol as full adaptation.,0.0,0.0,1.0,0.0,0.0,1.0
0.075256418926672,0.09063222263288,0.1045833333333333,0.5554166666666667,0.1265972222222222,0.5479166666666667,0.1674305555555555,0.5501388888888888,sciplex3_24h_top2000,1,cell_scaffold_heldout,split_cell_scaffold_heldout,transigen_drug_only,1024,1173,117,144,completed,0.0783500671386718,TranSiGen-style input ablation; same architecture and split protocol as full adaptation.,0.0,0.0,0.0,0.0,0.0,1.0
0.2466496703982675,0.082238756117567,0.1507423580786026,0.7002620087336244,0.1727729257641921,0.6913973799126637,0.2156877729257642,0.6788537117903931,sciplex3_24h_top2000,2,random,split_random,transigen_drug_only,1024,1742,174,458,completed,0.1134588718414306,TranSiGen-style input ablation; same architecture and split protocol as full adaptation.,1.0,1.0,1.0,0.9301310043668122,0.0,1.0
0.0735166033884226,0.083372751798304,0.0784979137691238,0.5650069541029208,0.0994297635605007,0.5635465924895688,0.1431293463143254,0.5589638386648123,sciplex3_24h_top2000,2,cell_heldout,split_cell_heldout,transigen_drug_only,1024,1481,148,719,completed,0.0959200859069824,TranSiGen-style input ablation; same architecture and split protocol as full adaptation.,0.9944367176634216,0.9944367176634216,0.0,0.9930458970792768,0.0,1.0
0.1967056050456908,0.1050600294734185,0.1624083769633507,0.6472251308900524,0.1804973821989528,0.6380366492146597,0.2190575916230366,0.6326701570680628,sciplex3_24h_top2000,2,scaffold_heldout,split_scaffold_heldout,transigen_drug_only,1024,1818,182,382,completed,0.1119759082794189,TranSiGen-style input ablation; same architecture and split protocol as full adaptation.,0.0,0.0,1.0,0.0,0.0,1.0
0.0640131114535089,0.0996269929427372,0.0792125984251968,0.5481889763779528,0.1036220472440944,0.55,0.1382283464566928,0.5451968503937007,sciplex3_24h_top2000,2,cell_scaffold_heldout,split_cell_scaffold_heldout,transigen_drug_only,1024,1226,123,127,completed,0.0768330097198486,TranSiGen-style input ablation; same architecture and split protocol as full adaptation.,0.0,0.0,0.0,0.0,0.0,1.0
0.2296824658294737,0.0787660306671621,0.1490445859872611,0.6953290870488322,0.1692144373673036,0.6810615711252654,0.2132271762208068,0.6684255673270812,sciplex3_24h_top2000,3,random,split_random,transigen_drug_only,1024,1729,173,471,completed,0.1084561347961425,TranSiGen-style input ablation; same architecture and split protocol as full adaptation.,1.0,1.0,1.0,0.9384288747346072,0.0,1.0
0.0726583146959761,0.0836490728760047,0.0773574408901251,0.5669262865090403,0.0990264255910987,0.5632267037552156,0.1419401947148817,0.5620236439499304,sciplex3_24h_top2000,3,cell_heldout,split_cell_heldout,transigen_drug_only,1024,1481,148,719,completed,0.0948131084442138,TranSiGen-style input ablation; same architecture and split protocol as full adaptation.,0.9944367176634216,0.9944367176634216,0.0,0.9930458970792768,0.0,1.0
0.183696260285684,0.0916271331381532,0.1343775100401606,0.6387550200803213,0.1547991967871486,0.6308032128514057,0.2044979919678715,0.6219779116465863,sciplex3_24h_top2000,3,scaffold_heldout,split_scaffold_heldout,transigen_drug_only,1024,1702,170,498,completed,0.1018257141113281,TranSiGen-style input ablation; same architecture and split protocol as full adaptation.,0.0,0.0,1.0,0.0,0.0,1.0
0.0524062951181661,0.0883692909676119,0.0691358024691358,0.5401234567901234,0.0935802469135802,0.5400617283950618,0.1388888888888889,0.5349691358024691,sciplex3_24h_top2000,3,cell_scaffold_heldout,split_cell_scaffold_heldout,transigen_drug_only,1024,1145,114,162,completed,0.0733618736267089,TranSiGen-style input ablation; same architecture and split protocol as full adaptation.,0.0,0.0,0.0,0.0,0.0,1.0
0.2460852038195738,0.0805967976264613,0.1570506912442396,0.6994470046082948,0.1756682027649769,0.6900460829493088,0.2194124423963133,0.6756451612903226,sciplex3_24h_top2000,4,random,split_random,transigen_drug_only,1024,1766,177,434,completed,0.109739065170288,TranSiGen-style input ablation; same architecture and split protocol as full adaptation.,1.0,1.0,1.0,0.923963133640553,0.0,1.0
0.119508656339817,0.0918850129683587,0.1110447761194029,0.618561736770692,0.1288059701492537,0.6079104477611941,0.1698982360922659,0.6013161465400272,sciplex3_24h_top2000,4,cell_heldout,split_cell_heldout,transigen_drug_only,1024,1463,146,737,completed,0.094006061553955,TranSiGen-style input ablation; same architecture and split protocol as full adaptation.,1.0,1.0,0.0,0.9972862957937584,0.0,1.0
0.1868011402024471,0.0841311176843779,0.1339719626168224,0.6380373831775702,0.1599065420560747,0.6297663551401869,0.2026285046728971,0.623177570093458,sciplex3_24h_top2000,4,scaffold_heldout,split_scaffold_heldout,transigen_drug_only,1024,1772,177,428,completed,0.1095180511474609,TranSiGen-style input ablation; same architecture and split protocol as full adaptation.,0.0,0.0,1.0,0.0,0.0,1.0
0.1224592197214011,0.0942294434040365,0.098169014084507,0.5947887323943661,0.1228169014084507,0.5838028169014085,0.1696478873239436,0.5804225352112676,sciplex3_24h_top2000,4,cell_scaffold_heldout,split_cell_scaffold_heldout,transigen_drug_only,1024,1177,118,142,completed,0.0766494274139404,TranSiGen-style input ablation; same architecture and split protocol as full adaptation.,0.0,0.0,0.0,0.0,0.0,1.0
0.1770471273546396,0.0788693994660154,0.1166593406593406,0.64189010989011,0.1465274725274725,0.6355164835164835,0.1954175824175824,0.6301428571428572,sciplex3_24h_top2000,5,random,split_random,transigen_drug_only,1024,1745,174,455,completed,0.0986220836639404,TranSiGen-style input ablation; same architecture and split protocol as full adaptation.,1.0,1.0,1.0,0.9384615384615383,0.0,1.0
0.1345155113875047,0.0921663607045748,0.1138127544097693,0.6306648575305291,0.1322388059701492,0.6211940298507462,0.1742944369063772,0.6121031207598372,sciplex3_24h_top2000,5,cell_heldout,split_cell_heldout,transigen_drug_only,1024,1463,146,737,completed,0.0932400226593017,TranSiGen-style input ablation; same architecture and split protocol as full adaptation.,1.0,1.0,0.0,0.9972862957937584,0.0,1.0
0.1394156770042453,0.0798479844604413,0.1189769820971866,0.604450127877238,0.1402557544757033,0.5949616368286444,0.1851790281329923,0.5915984654731458,sciplex3_24h_top2000,5,scaffold_heldout,split_scaffold_heldout,transigen_drug_only,1024,1809,181,391,completed,0.1114881038665771,TranSiGen-style input ablation; same architecture and split protocol as full adaptation.,0.0,0.0,1.0,0.0,0.0,1.0
0.074267675772168,0.0896393048841791,0.0935877862595419,0.5497709923664121,0.1226717557251908,0.5462595419847328,0.164236641221374,0.5437786259541985,sciplex3_24h_top2000,5,cell_scaffold_heldout,split_cell_scaffold_heldout,transigen_drug_only,1024,1203,120,131,completed,0.0753631591796875,TranSiGen-style input ablation; same architecture and split protocol as full adaptation.,0.0,0.0,0.0,0.0,0.0,1.0
0.2503350021034076,0.0826933805716236,0.1589548693586698,0.711686460807601,0.1779809976247031,0.6935866983372921,0.2231235154394299,0.6781084758710415,sciplex3_24h_top2000,6,random,split_random,transigen_drug_only,1024,1779,178,421,completed,0.1105742454528808,TranSiGen-style input ablation; same architecture and split protocol as full adaptation.,1.0,1.0,1.0,0.9382422802850356,0.0,1.0
0.1113911953032393,0.0815348560829975,0.0859408602150537,0.5993817204301075,0.1112231182795699,0.5936559139784946,0.1547043010752688,0.587718160695953,sciplex3_24h_top2000,6,cell_heldout,split_cell_heldout,transigen_drug_only,1024,1456,146,744,completed,0.0846669673919677,TranSiGen-style input ablation; same architecture and split protocol as full adaptation.,1.0,1.0,0.0,0.9919354838709676,0.0,1.0
0.1441896992968927,0.0787889939051489,0.1126424870466321,0.6092227979274611,0.1386787564766839,0.6082124352331606,0.1853108808290155,0.6034067357512954,sciplex3_24h_top2000,6,scaffold_heldout,split_scaffold_heldout,transigen_drug_only,1024,1814,181,386,completed,0.1138999462127685,TranSiGen-style input ablation; same architecture and split protocol as full adaptation.,0.0,0.0,1.0,0.0,0.0,1.0
0.0935984718029061,0.0762611077509966,0.0680620155038759,0.5848062015503875,0.0972868217054263,0.5872093023255814,0.1456201550387597,0.5786821705426357,sciplex3_24h_top2000,6,cell_scaffold_heldout,split_cell_scaffold_heldout,transigen_drug_only,1024,1199,120,129,completed,0.0788109302520752,TranSiGen-style input ablation; same architecture and split protocol as full adaptation.,0.0,0.0,0.0,0.0,0.0,1.0
0.2262586423056312,0.0815051628074276,0.1503225806451613,0.6881566820276498,0.1679953917050691,0.6798617511520739,0.2166013824884792,0.6642972350230415,sciplex3_24h_top2000,7,random,split_random,transigen_drug_only,1024,1766,177,434,completed,0.1143720149993896,TranSiGen-style input ablation; same architecture and split protocol as full adaptation.,1.0,1.0,1.0,0.9308755760368664,0.0,1.0
0.1298435825833002,0.0807146725623392,0.1018279569892473,0.6299193548387096,0.1196102150537634,0.6213037634408602,0.1622983870967742,0.6132930107526882,sciplex3_24h_top2000,7,cell_heldout,split_cell_heldout,transigen_drug_only,1024,1456,146,744,completed,0.0958399772644043,TranSiGen-style input ablation; same architecture and split protocol as full adaptation.,1.0,1.0,0.0,0.9919354838709676,0.0,1.0
0.1754327687939015,0.082425153850482,0.13,0.6294170403587444,0.1555381165919282,0.6250224215246637,0.2001233183856502,0.6135089686098655,sciplex3_24h_top2000,7,scaffold_heldout,split_scaffold_heldout,transigen_drug_only,1024,1754,175,446,completed,0.1136050224304199,TranSiGen-style input ablation; same architecture and split protocol as full adaptation.,0.0,0.0,1.0,0.0,0.0,1.0
0.0966927960756344,0.0795628377820884,0.0903311258278145,0.5867549668874171,0.1098675496688742,0.5818543046357616,0.1535099337748344,0.5701655629139073,sciplex3_24h_top2000,7,cell_scaffold_heldout,split_cell_scaffold_heldout,transigen_drug_only,1024,1161,116,151,completed,0.0762288570404052,TranSiGen-style input ablation; same architecture and split protocol as full adaptation.,0.0,0.0,0.0,0.0,0.0,1.0
0.2310547580552631,0.082706207314188,0.151089108910891,0.6955940594059405,0.1710891089108911,0.685891089108911,0.2176485148514851,0.672079207920792,sciplex3_24h_top2000,8,random,split_random,transigen_drug_only,1024,1796,180,404,completed,0.1126978397369384,TranSiGen-style input ablation; same architecture and split protocol as full adaptation.,1.0,1.0,1.0,0.9678217821782178,0.0,1.0
0.0708838007222562,0.0836391750615395,0.0837830319888734,0.568817802503477,0.1040611961057023,0.563240611961057,0.1446870653685674,0.558664812239221,sciplex3_24h_top2000,8,cell_heldout,split_cell_heldout,transigen_drug_only,1024,1481,148,719,completed,0.0936908721923828,TranSiGen-style input ablation; same architecture and split protocol as full adaptation.,0.9944367176634216,0.9944367176634216,0.0,0.9930458970792768,0.0,1.0
0.1745415891747428,0.0819046798375042,0.1105489260143198,0.632601431980907,0.140763723150358,0.6298329355608592,0.1929355608591885,0.6159069212410501,sciplex3_24h_top2000,8,scaffold_heldout,split_scaffold_heldout,transigen_drug_only,1024,1781,178,419,completed,0.1106410026550293,TranSiGen-style input ablation; same architecture and split protocol as full adaptation.,0.0,0.0,1.0,0.0,0.0,1.0
0.0487387019872981,0.0834827996113267,0.0670149253731343,0.5470149253731345,0.0886567164179104,0.5374626865671642,0.132276119402985,0.5348880597014927,sciplex3_24h_top2000,8,cell_scaffold_heldout,split_cell_scaffold_heldout,transigen_drug_only,1024,1196,120,134,completed,0.0751700401306152,TranSiGen-style input ablation; same architecture and split protocol as full adaptation.,0.0,0.0,0.0,0.0,0.0,1.0
0.2402750676241863,0.0780206362274686,0.1543980343980344,0.6986240786240787,0.1739312039312039,0.6863390663390663,0.2164373464373464,0.6705528255528256,sciplex3_24h_top2000,9,random,split_random,transigen_drug_only,1024,1793,179,407,completed,0.1102242469787597,TranSiGen-style input ablation; same architecture and split protocol as full adaptation.,1.0,1.0,1.0,0.9484029484029484,0.0,1.0
0.1316855806851581,0.0921401882404077,0.1192130257801899,0.628032564450475,0.1349932157394844,0.6185481682496607,0.1745318860244233,0.6082903663500678,sciplex3_24h_top2000,9,cell_heldout,split_cell_heldout,transigen_drug_only,1024,1463,146,737,completed,0.0970067977905273,TranSiGen-style input ablation; same architecture and split protocol as full adaptation.,1.0,1.0,0.0,0.9972862957937584,0.0,1.0
0.1896733620679608,0.0925593168941241,0.1335866983372921,0.6485035629453682,0.1585273159144893,0.6381710213776721,0.2047862232779097,0.6318289786223278,sciplex3_24h_top2000,9,scaffold_heldout,split_scaffold_heldout,transigen_drug_only,1024,1779,178,421,completed,0.1143929958343505,TranSiGen-style input ablation; same architecture and split protocol as full adaptation.,0.0,0.0,1.0,0.0,0.0,1.0
0.0994011391779046,0.1012779552728967,0.1036111111111111,0.5934722222222223,0.1215972222222222,0.5820138888888889,0.1657986111111111,0.5777777777777778,sciplex3_24h_top2000,9,cell_scaffold_heldout,split_cell_scaffold_heldout,transigen_drug_only,1024,1186,119,144,completed,0.0773329734802246,TranSiGen-style input ablation; same architecture and split protocol as full adaptation.,0.0,0.0,0.0,0.0,0.0,1.0
0.2454689040274807,0.0802193948452608,0.1571685393258426,0.7093932584269662,0.1781123595505618,0.6953707865168538,0.221191011235955,0.6799662921348315,sciplex3_24h_top2000,10,random,split_random,transigen_drug_only,1024,1755,176,445,completed,0.1105659008026123,TranSiGen-style input ablation; same architecture and split protocol as full adaptation.,1.0,1.0,1.0,0.9258426966292136,0.0,1.0
0.0736218159522875,0.0833368827480625,0.0791655076495132,0.5687065368567454,0.0980250347705146,0.5627955493741308,0.1394645340751043,0.5599026425591098,sciplex3_24h_top2000,10,cell_heldout,split_cell_heldout,transigen_drug_only,1024,1481,148,719,completed,0.0966730117797851,TranSiGen-style input ablation; same architecture and split protocol as full adaptation.,0.9944367176634216,0.9944367176634216,0.0,0.9930458970792768,0.0,1.0
0.1280407935434812,0.0776104999850276,0.1029230769230769,0.593948717948718,0.1331282051282051,0.5912307692307692,0.1776282051282051,0.5853589743589744,sciplex3_24h_top2000,10,scaffold_heldout,split_scaffold_heldout,transigen_drug_only,1024,1810,181,390,completed,0.1121852397918701,TranSiGen-style input ablation; same architecture and split protocol as full adaptation.,0.0,0.0,1.0,0.0,0.0,1.0
0.0421730710362824,0.0793685665310863,0.0690625,0.52734375,0.09203125,0.52734375,0.1312890625,0.5297265625,sciplex3_24h_top2000,10,cell_scaffold_heldout,split_cell_scaffold_heldout,transigen_drug_only,1024,1219,122,128,completed,0.0764977931976318,TranSiGen-style input ablation; same architecture and split protocol as full adaptation.,0.0,0.0,0.0,0.0,0.0,1.0
0.2202212818319388,0.077224436969558,0.1609699769053118,0.6618937644341802,0.1892147806004619,0.6572979214780601,0.2391108545034642,0.6518129330254042,sciplex3_24h_top2000,1,random,split_random,transigen_basal_drug,3024,1767,177,433,completed,0.1504929065704345,TranSiGen-style input ablation; same architecture and split protocol as full adaptation.,1.0,1.0,1.0,0.9330254041570438,0.0,1.0
0.0168603611185982,0.4580935004296675,0.0899592944369064,0.5048303934871099,0.102618724559023,0.5140298507462686,0.143629579375848,0.5108073270013569,sciplex3_24h_top2000,1,cell_heldout,split_cell_heldout,transigen_basal_drug,3024,1463,146,737,completed,0.1269340515136718,TranSiGen-style input ablation; same architecture and split protocol as full adaptation.,1.0,1.0,0.0,0.9972862957937584,0.0,1.0
0.1997735597010423,0.0806407439269966,0.1813824884792626,0.6414746543778803,0.201774193548387,0.6426728110599079,0.2442165898617511,0.6369930875576036,sciplex3_24h_top2000,1,scaffold_heldout,split_scaffold_heldout,transigen_basal_drug,3024,1766,177,434,completed,0.1461310386657714,TranSiGen-style input ablation; same architecture and split protocol as full adaptation.,0.0,0.0,1.0,0.0,0.0,1.0
3.977044963272026e-05,0.427724833359002,0.0698611111111111,0.4820833333333333,0.109375,0.4879166666666667,0.1589930555555555,0.4968055555555555,sciplex3_24h_top2000,1,cell_scaffold_heldout,split_cell_scaffold_heldout,transigen_basal_drug,3024,1173,117,144,completed,0.0975499153137207,TranSiGen-style input ablation; same architecture and split protocol as full adaptation.,0.0,0.0,0.0,0.0,0.0,1.0
0.2429628517664521,0.0825643148052379,0.1658078602620087,0.6795633187772926,0.1947161572052401,0.6739737991266376,0.2419868995633187,0.667674672489083,sciplex3_24h_top2000,2,random,split_random,transigen_basal_drug,3024,1742,174,458,completed,0.1450507640838623,TranSiGen-style input ablation; same architecture and split protocol as full adaptation.,1.0,1.0,1.0,0.9301310043668122,0.0,1.0
0.025054026897806,0.3036031199907025,0.0469819193324061,0.5240055632823366,0.0739082058414464,0.5221418636995828,0.1172878998609179,0.5181641168289292,sciplex3_24h_top2000,2,cell_heldout,split_cell_heldout,transigen_basal_drug,3024,1481,148,719,completed,0.1298959255218505,TranSiGen-style input ablation; same architecture and split protocol as full adaptation.,0.9944367176634216,0.9944367176634216,0.0,0.9930458970792768,0.0,1.0
0.2631923052447571,0.1041342217662489,0.2105235602094241,0.6904712041884816,0.2356544502617801,0.6847382198952879,0.2761387434554974,0.6730497382198953,sciplex3_24h_top2000,2,scaffold_heldout,split_scaffold_heldout,transigen_basal_drug,3024,1818,182,382,completed,0.1582639217376709,TranSiGen-style input ablation; same architecture and split protocol as full adaptation.,0.0,0.0,1.0,0.0,0.0,1.0
0.006753186104064,0.2349751413427883,0.0609448818897637,0.4979527559055118,0.0839370078740157,0.5066141732283465,0.1245669291338582,0.4988582677165355,sciplex3_24h_top2000,2,cell_scaffold_heldout,split_cell_scaffold_heldout,transigen_basal_drug,3024,1226,123,127,completed,0.1068296432495117,TranSiGen-style input ablation; same architecture and split protocol as full adaptation.,0.0,0.0,0.0,0.0,0.0,1.0
0.2285366323006929,0.0784573098901387,0.1575371549893843,0.6780891719745222,0.1863057324840764,0.6684713375796179,0.2353503184713375,0.6584925690021232,sciplex3_24h_top2000,3,random,split_random,transigen_basal_drug,3024,1729,173,471,completed,0.1511802673339843,TranSiGen-style input ablation; same architecture and split protocol as full adaptation.,1.0,1.0,1.0,0.9384288747346072,0.0,1.0
0.0389891478270907,0.3742306515908296,0.0493741307371349,0.5402781641168289,0.0813769123783031,0.5353407510431154,0.1390264255910987,0.5311404728789986,sciplex3_24h_top2000,3,cell_heldout,split_cell_heldout,transigen_basal_drug,3024,1481,148,719,completed,0.1282720565795898,TranSiGen-style input ablation; same architecture and split protocol as full adaptation.,0.9944367176634216,0.9944367176634216,0.0,0.9930458970792768,0.0,1.0
0.2360478913514498,0.0908390244605324,0.1744979919678715,0.6702008032128514,0.2029317269076305,0.6611044176706827,0.249508032128514,0.650562248995984,sciplex3_24h_top2000,3,scaffold_heldout,split_scaffold_heldout,transigen_basal_drug,3024,1702,170,498,completed,0.134706974029541,TranSiGen-style input ablation; same architecture and split protocol as full adaptation.,0.0,0.0,1.0,0.0,0.0,1.0
0.0139736160045123,0.1973457540702342,0.0392592592592592,0.5024691358024692,0.0682098765432098,0.5096913580246913,0.1262654320987654,0.5111111111111112,sciplex3_24h_top2000,3,cell_scaffold_heldout,split_cell_scaffold_heldout,transigen_basal_drug,3024,1145,114,162,completed,0.0974078178405761,TranSiGen-style input ablation; same architecture and split protocol as full adaptation.,0.0,0.0,0.0,0.0,0.0,1.0
0.2417770158203625,0.0800215632785818,0.1640552995391705,0.6842857142857143,0.1980875576036866,0.6794700460829493,0.2471774193548387,0.6682949308755759,sciplex3_24h_top2000,4,random,split_random,transigen_basal_drug,3024,1766,177,434,completed,0.14589524269104,TranSiGen-style input ablation; same architecture and split protocol as full adaptation.,1.0,1.0,1.0,0.923963133640553,0.0,1.0
0.0053868506454564,0.2828081975473797,0.0764450474898236,0.5185345997286296,0.1048710990502035,0.5193351424694709,0.1533107191316146,0.5069267299864315,sciplex3_24h_top2000,4,cell_heldout,split_cell_heldout,transigen_basal_drug,3024,1463,146,737,completed,0.1263549327850341,TranSiGen-style input ablation; same architecture and split protocol as full adaptation.,1.0,1.0,0.0,0.9972862957937584,0.0,1.0
0.2372406670061161,0.0846172011711303,0.1786915887850467,0.6607943925233646,0.2076635514018691,0.6593925233644861,0.2504439252336448,0.6497429906542056,sciplex3_24h_top2000,4,scaffold_heldout,split_scaffold_heldout,transigen_basal_drug,3024,1772,177,428,completed,0.1468260288238525,TranSiGen-style input ablation; same architecture and split protocol as full adaptation.,0.0,0.0,1.0,0.0,0.0,1.0
0.0354889895765253,0.4812360934936102,0.0769014084507042,0.5190140845070423,0.1116197183098591,0.5307042253521127,0.1631338028169014,0.525,sciplex3_24h_top2000,4,cell_scaffold_heldout,split_cell_scaffold_heldout,transigen_basal_drug,3024,1177,118,142,completed,0.0989549160003662,TranSiGen-style input ablation; same architecture and split protocol as full adaptation.,0.0,0.0,0.0,0.0,0.0,1.0
0.2130560954147882,0.0785386609618312,0.162989010989011,0.6534945054945054,0.1918021978021978,0.6503296703296703,0.2394285714285714,0.6463516483516484,sciplex3_24h_top2000,5,random,split_random,transigen_basal_drug,3024,1745,174,455,completed,0.1480360031127929,TranSiGen-style input ablation; same architecture and split protocol as full adaptation.,1.0,1.0,1.0,0.9384615384615383,0.0,1.0
0.0256812236859361,0.4409778575719413,0.0792944369063772,0.4951153324287652,0.0901085481682496,0.507910447761194,0.1456648575305291,0.5108005427408413,sciplex3_24h_top2000,5,cell_heldout,split_cell_heldout,transigen_basal_drug,3024,1463,146,737,completed,0.1236350536346435,TranSiGen-style input ablation; same architecture and split protocol as full adaptation.,1.0,1.0,0.0,0.9972862957937584,0.0,1.0
0.1744069299072096,0.0790172527818364,0.1514066496163683,0.6194373401534526,0.1767774936061381,0.6187212276214833,0.2246803069053708,0.6113043478260869,sciplex3_24h_top2000,5,scaffold_heldout,split_scaffold_heldout,transigen_basal_drug,3024,1809,181,391,completed,0.1498167514801025,TranSiGen-style input ablation; same architecture and split protocol as full adaptation.,0.0,0.0,1.0,0.0,0.0,1.0
0.0006749533291581,0.4149591660436418,0.1297709923664122,0.4983206106870229,0.1249618320610686,0.4996946564885496,0.1712977099236641,0.5049236641221375,sciplex3_24h_top2000,5,cell_scaffold_heldout,split_cell_scaffold_heldout,transigen_basal_drug,3024,1203,120,131,completed,0.0992469787597656,TranSiGen-style input ablation; same architecture and split protocol as full adaptation.,0.0,0.0,0.0,0.0,0.0,1.0
0.2544889887334624,0.082756818785092,0.1906888361045131,0.6913064133016626,0.2155106888361045,0.6900950118764846,0.2588004750593824,0.677790973871734,sciplex3_24h_top2000,6,random,split_random,transigen_basal_drug,3024,1779,178,421,completed,0.1457509994506836,TranSiGen-style input ablation; same architecture and split protocol as full adaptation.,1.0,1.0,1.0,0.9382422802850356,0.0,1.0
0.0461695094496799,1.7374815184366512,0.1087365591397849,0.5344086021505376,0.1110887096774193,0.5276747311827956,0.1452217741935484,0.5207258064516129,sciplex3_24h_top2000,6,cell_heldout,split_cell_heldout,transigen_basal_drug,3024,1456,146,744,completed,0.1234490871429443,TranSiGen-style input ablation; same architecture and split protocol as full adaptation.,1.0,1.0,0.0,0.9919354838709676,0.0,1.0
0.2000335753409419,0.0782656305169685,0.1602072538860103,0.6532124352331606,0.1854663212435233,0.6478497409326425,0.2328238341968912,0.6356476683937824,sciplex3_24h_top2000,6,scaffold_heldout,split_scaffold_heldout,transigen_basal_drug,3024,1814,181,386,completed,0.147813081741333,TranSiGen-style input ablation; same architecture and split protocol as full adaptation.,0.0,0.0,1.0,0.0,0.0,1.0
0.0024123795586605,1.623451686108777,0.0781395348837209,0.5069767441860465,0.1024806201550387,0.5005426356589148,0.1384108527131783,0.5056201550387597,sciplex3_24h_top2000,6,cell_scaffold_heldout,split_cell_scaffold_heldout,transigen_basal_drug,3024,1199,120,129,completed,0.1047067642211914,TranSiGen-style input ablation; same architecture and split protocol as full adaptation.,0.0,0.0,0.0,0.0,0.0,1.0
0.2501469421843439,0.0809425079067018,0.1841935483870967,0.6871889400921659,0.2100691244239631,0.6802534562211981,0.2537557603686636,0.6704032258064517,sciplex3_24h_top2000,7,random,split_random,transigen_basal_drug,3024,1766,177,434,completed,0.1479749679565429,TranSiGen-style input ablation; same architecture and split protocol as full adaptation.,1.0,1.0,1.0,0.9308755760368664,0.0,1.0
0.0188194517318136,1.266391574483255,0.0755913978494623,0.5075537634408602,0.1002150537634408,0.5182661290322581,0.1313239247311828,0.5134072580645161,sciplex3_24h_top2000,7,cell_heldout,split_cell_heldout,transigen_basal_drug,3024,1456,146,744,completed,0.1312382221221923,TranSiGen-style input ablation; same architecture and split protocol as full adaptation.,1.0,1.0,0.0,0.9919354838709676,0.0,1.0
0.2182733359024218,0.0824993879762342,0.1713901345291479,0.6589686098654709,0.200067264573991,0.6496636771300447,0.2447309417040358,0.642354260089686,sciplex3_24h_top2000,7,scaffold_heldout,split_scaffold_heldout,transigen_basal_drug,3024,1754,175,446,completed,0.1599402427673339,TranSiGen-style input ablation; same architecture and split protocol as full adaptation.,0.0,0.0,1.0,0.0,0.0,1.0
-0.0183017262958924,0.7840331817641581,0.0871523178807947,0.4721854304635762,0.0962251655629139,0.4828476821192052,0.1422847682119205,0.4964238410596027,sciplex3_24h_top2000,7,cell_scaffold_heldout,split_cell_scaffold_heldout,transigen_basal_drug,3024,1161,116,151,completed,0.1078221797943115,TranSiGen-style input ablation; same architecture and split protocol as full adaptation.,0.0,0.0,0.0,0.0,0.0,1.0
0.2532724508418735,0.0826828502027317,0.1817326732673267,0.6814851485148513,0.207029702970297,0.6803960396039603,0.2548514851485148,0.6731683168316832,sciplex3_24h_top2000,8,random,split_random,transigen_basal_drug,3024,1796,180,404,completed,0.1611902713775634,TranSiGen-style input ablation; same architecture and split protocol as full adaptation.,1.0,1.0,1.0,0.9678217821782178,0.0,1.0
0.0320939502071691,0.5633919209510717,0.0484840055632823,0.5246453407510432,0.0676912378303199,0.518191933240612,0.1210639777468706,0.5204102920723227,sciplex3_24h_top2000,8,cell_heldout,split_cell_heldout,transigen_basal_drug,3024,1481,148,719,completed,0.1361432075500488,TranSiGen-style input ablation; same architecture and split protocol as full adaptation.,0.9944367176634216,0.9944367176634216,0.0,0.9930458970792768,0.0,1.0
0.2132694994399354,0.0814771398942384,0.1628639618138425,0.6583770883054892,0.1901193317422434,0.6493078758949881,0.235107398568019,0.6361694510739857,sciplex3_24h_top2000,8,scaffold_heldout,split_scaffold_heldout,transigen_basal_drug,3024,1781,178,419,completed,0.1496088504791259,TranSiGen-style input ablation; same architecture and split protocol as full adaptation.,0.0,0.0,1.0,0.0,0.0,1.0
0.0255644572038734,0.4452796925472319,0.0494029850746268,0.508955223880597,0.0714179104477611,0.5178358208955225,0.1184328358208955,0.5089925373134329,sciplex3_24h_top2000,8,cell_scaffold_heldout,split_cell_scaffold_heldout,transigen_basal_drug,3024,1196,120,134,completed,0.1015849113464355,TranSiGen-style input ablation; same architecture and split protocol as full adaptation.,0.0,0.0,0.0,0.0,0.0,1.0
0.2256968325661302,0.0773804192818358,0.162014742014742,0.664127764127764,0.1930712530712531,0.6636609336609337,0.2443611793611794,0.6561793611793612,sciplex3_24h_top2000,9,random,split_random,transigen_basal_drug,3024,1793,179,407,completed,0.1569979190826416,TranSiGen-style input ablation; same architecture and split protocol as full adaptation.,1.0,1.0,1.0,0.9484029484029484,0.0,1.0
0.0404856343302502,0.3954266055976348,0.0706919945725915,0.5353867028493894,0.0888331071913161,0.5288738127544098,0.1418453188602442,0.5264043419267299,sciplex3_24h_top2000,9,cell_heldout,split_cell_heldout,transigen_basal_drug,3024,1463,146,737,completed,0.1339020729064941,TranSiGen-style input ablation; same architecture and split protocol as full adaptation.,1.0,1.0,0.0,0.9972862957937584,0.0,1.0
0.2381766835032704,0.0918519303485035,0.1688836104513064,0.6801900237529691,0.2017577197149643,0.6721377672209027,0.2511757719714964,0.6643467933491685,sciplex3_24h_top2000,9,scaffold_heldout,split_scaffold_heldout,transigen_basal_drug,3024,1779,178,421,completed,0.1476888656616211,TranSiGen-style input ablation; same architecture and split protocol as full adaptation.,0.0,0.0,1.0,0.0,0.0,1.0
0.0641257388542341,0.4192104103139036,0.07875,0.5605555555555556,0.0974305555555555,0.5555555555555556,0.1469097222222222,0.557638888888889,sciplex3_24h_top2000,9,cell_scaffold_heldout,split_cell_scaffold_heldout,transigen_basal_drug,3024,1186,119,144,completed,0.1078920364379882,TranSiGen-style input ablation; same architecture and split protocol as full adaptation.,0.0,0.0,0.0,0.0,0.0,1.0
0.2225715121938883,0.081343369549718,0.1613932584269663,0.6557752808988764,0.1915955056179775,0.6557752808988764,0.2410561797752808,0.6516404494382022,sciplex3_24h_top2000,10,random,split_random,transigen_basal_drug,3024,1755,176,445,completed,0.1532659530639648,TranSiGen-style input ablation; same architecture and split protocol as full adaptation.,1.0,1.0,1.0,0.9258426966292136,0.0,1.0
0.017629366177447,0.4479233393461331,0.0318219749652294,0.5195271210013908,0.0742559109874826,0.5242141863699583,0.1299860917941585,0.5167315716272601,sciplex3_24h_top2000,10,cell_heldout,split_cell_heldout,transigen_basal_drug,3024,1481,148,719,completed,0.1267457008361816,TranSiGen-style input ablation; same architecture and split protocol as full adaptation.,0.9944367176634216,0.9944367176634216,0.0,0.9930458970792768,0.0,1.0
0.1684480694060589,0.0769313234154333,0.1318461538461538,0.6147179487179487,0.1678205128205128,0.6163076923076923,0.2189358974358974,0.6119871794871795,sciplex3_24h_top2000,10,scaffold_heldout,split_scaffold_heldout,transigen_basal_drug,3024,1810,181,390,completed,0.1461880207061767,TranSiGen-style input ablation; same architecture and split protocol as full adaptation.,0.0,0.0,1.0,0.0,0.0,1.0
0.0292467078494014,0.6298022073813734,0.0425,0.52859375,0.068984375,0.52296875,0.1216796875,0.5194531250000001,sciplex3_24h_top2000,10,cell_scaffold_heldout,split_cell_scaffold_heldout,transigen_basal_drug,3024,1219,122,128,completed,0.1007237434387207,TranSiGen-style input ablation; same architecture and split protocol as full adaptation.,0.0,0.0,0.0,0.0,0.0,1.0
0.2269432610326302,0.0770333727668971,0.1783833718244803,0.6639260969976905,0.2053810623556582,0.664041570438799,0.2530831408775981,0.6592147806004619,sciplex3_24h_top2000,1,random,split_random,transigen_basal_drug_dose,3025,1767,177,433,completed,0.1487748622894287,TranSiGen-style input ablation; same architecture and split protocol as full adaptation.,1.0,1.0,1.0,0.9330254041570438,0.0,1.0
-0.0072601428439242,0.4155116206658096,0.0936227951153324,0.5084667571234736,0.105820895522388,0.5034735413839891,0.1515807327001357,0.4987991858887381,sciplex3_24h_top2000,1,cell_heldout,split_cell_heldout,transigen_basal_drug_dose,3025,1463,146,737,completed,0.1266889572143554,TranSiGen-style input ablation; same architecture and split protocol as full adaptation.,1.0,1.0,0.0,0.9972862957937584,0.0,1.0
0.1923513872805425,0.0806937464986054,0.1641013824884793,0.6315207373271889,0.1935944700460829,0.6342857142857143,0.2352073732718893,0.6300691244239631,sciplex3_24h_top2000,1,scaffold_heldout,split_scaffold_heldout,transigen_basal_drug_dose,3025,1766,177,434,completed,0.1623988151550293,TranSiGen-style input ablation; same architecture and split protocol as full adaptation.,0.0,0.0,1.0,0.0,0.0,1.0
-0.0101876235671908,0.6637439542860422,0.0915277777777777,0.5001388888888889,0.1052083333333333,0.5043055555555556,0.1519444444444444,0.5039236111111111,sciplex3_24h_top2000,1,cell_scaffold_heldout,split_cell_scaffold_heldout,transigen_basal_drug_dose,3025,1173,117,144,completed,0.1199140548706054,TranSiGen-style input ablation; same architecture and split protocol as full adaptation.,0.0,0.0,0.0,0.0,0.0,1.0
0.2400596981999043,0.0820915061456389,0.1837554585152838,0.6775109170305675,0.2039519650655021,0.6735152838427947,0.2449890829694323,0.6645524017467249,sciplex3_24h_top2000,2,random,split_random,transigen_basal_drug_dose,3025,1742,174,458,completed,0.1544930934906005,TranSiGen-style input ablation; same architecture and split protocol as full adaptation.,1.0,1.0,1.0,0.9301310043668122,0.0,1.0
0.0338793229106088,0.4341500826247629,0.0654242002781641,0.5291237830319889,0.087134909596662,0.5237552155771906,0.1326286509040333,0.5242628650904033,sciplex3_24h_top2000,2,cell_heldout,split_cell_heldout,transigen_basal_drug_dose,3025,1481,148,719,completed,0.1257300376892089,TranSiGen-style input ablation; same architecture and split protocol as full adaptation.,0.9944367176634216,0.9944367176634216,0.0,0.9930458970792768,0.0,1.0
0.2496622354782543,0.1044929531731056,0.1998429319371727,0.680890052356021,0.2241884816753926,0.6758376963350786,0.2669371727748691,0.6650785340314136,sciplex3_24h_top2000,2,scaffold_heldout,split_scaffold_heldout,transigen_basal_drug_dose,3025,1818,182,382,completed,0.1574480533599853,TranSiGen-style input ablation; same architecture and split protocol as full adaptation.,0.0,0.0,1.0,0.0,0.0,1.0
0.0114942136488155,0.2686070381085068,0.0617322834645669,0.4867716535433071,0.0818110236220472,0.501259842519685,0.1209842519685039,0.5151181102362203,sciplex3_24h_top2000,2,cell_scaffold_heldout,split_cell_scaffold_heldout,transigen_basal_drug_dose,3025,1226,123,127,completed,0.1087329387664794,TranSiGen-style input ablation; same architecture and split protocol as full adaptation.,0.0,0.0,0.0,0.0,0.0,1.0
0.2297789432439111,0.0788194109097113,0.1684076433121019,0.6656900212314224,0.1988747346072187,0.6627813163481953,0.2476220806794055,0.6563588110403397,sciplex3_24h_top2000,3,random,split_random,transigen_basal_drug_dose,3025,1729,173,471,completed,0.1494579315185547,TranSiGen-style input ablation; same architecture and split protocol as full adaptation.,1.0,1.0,1.0,0.9384288747346072,0.0,1.0
0.0167443782447488,0.347296789817445,0.0554381084840055,0.50673157162726,0.0742002781641168,0.5127260083449235,0.118038942976356,0.5153407510431154,sciplex3_24h_top2000,3,cell_heldout,split_cell_heldout,transigen_basal_drug_dose,3025,1481,148,719,completed,0.1288690567016601,TranSiGen-style input ablation; same architecture and split protocol as full adaptation.,0.9944367176634216,0.9944367176634216,0.0,0.9930458970792768,0.0,1.0
0.2348577001750953,0.0905412431461956,0.1614056224899598,0.6669879518072288,0.1926706827309236,0.6609839357429719,0.2460441767068273,0.6492670682730923,sciplex3_24h_top2000,3,scaffold_heldout,split_scaffold_heldout,transigen_basal_drug_dose,3025,1702,170,498,completed,0.1412041187286377,TranSiGen-style input ablation; same architecture and split protocol as full adaptation.,0.0,0.0,1.0,0.0,0.0,1.0
0.0079477097360983,0.2859764423341355,0.0717283950617284,0.4991358024691359,0.086358024691358,0.513641975308642,0.1218518518518518,0.5059259259259259,sciplex3_24h_top2000,3,cell_scaffold_heldout,split_cell_scaffold_heldout,transigen_basal_drug_dose,3025,1145,114,162,completed,0.0981230735778808,TranSiGen-style input ablation; same architecture and split protocol as full adaptation.,0.0,0.0,0.0,0.0,0.0,1.0
0.2300287628091806,0.0802568315488946,0.1701382488479262,0.6729953917050691,0.194700460829493,0.6675345622119816,0.2414400921658986,0.659758064516129,sciplex3_24h_top2000,4,random,split_random,transigen_basal_drug_dose,3025,1766,177,434,completed,0.1504430770874023,TranSiGen-style input ablation; same architecture and split protocol as full adaptation.,1.0,1.0,1.0,0.923963133640553,0.0,1.0
0.0174130694521912,0.461708835671362,0.0819810040705563,0.5264586160108549,0.0986838534599728,0.5173541383989144,0.1451356852103121,0.5135006784260515,sciplex3_24h_top2000,4,cell_heldout,split_cell_heldout,transigen_basal_drug_dose,3025,1463,146,737,completed,0.1339569091796875,TranSiGen-style input ablation; same architecture and split protocol as full adaptation.,1.0,1.0,0.0,0.9972862957937584,0.0,1.0
0.2245039819105561,0.0835627701326077,0.1658878504672897,0.6685046728971963,0.1917757009345794,0.6642990654205608,0.2356308411214953,0.6507359813084111,sciplex3_24h_top2000,4,scaffold_heldout,split_scaffold_heldout,transigen_basal_drug_dose,3025,1772,177,428,completed,0.1508989334106445,TranSiGen-style input ablation; same architecture and split protocol as full adaptation.,0.0,0.0,1.0,0.0,0.0,1.0
0.0422783111042066,0.5414614257870479,0.0953521126760563,0.5229577464788732,0.122112676056338,0.5216197183098591,0.1570070422535211,0.5221126760563382,sciplex3_24h_top2000,4,cell_scaffold_heldout,split_cell_scaffold_heldout,transigen_basal_drug_dose,3025,1177,118,142,completed,0.1037991046905517,TranSiGen-style input ablation; same architecture and split protocol as full adaptation.,0.0,0.0,0.0,0.0,0.0,1.0
0.2127885150244544,0.0782014587483992,0.1607912087912087,0.6568351648351649,0.1874065934065934,0.6567472527472529,0.2358351648351648,0.6461758241758242,sciplex3_24h_top2000,5,random,split_random,transigen_basal_drug_dose,3025,1745,174,455,completed,0.159740924835205,TranSiGen-style input ablation; same architecture and split protocol as full adaptation.,1.0,1.0,1.0,0.9384615384615383,0.0,1.0
0.0301700776887156,0.7740138042179688,0.0942740841248304,0.5260515603799186,0.1106919945725916,0.5241862313775476,0.1647693351424694,0.5241620926886807,sciplex3_24h_top2000,5,cell_heldout,split_cell_heldout,transigen_basal_drug_dose,3025,1463,146,737,completed,0.1322429180145263,TranSiGen-style input ablation; same architecture and split protocol as full adaptation.,1.0,1.0,0.0,0.9972862957937584,0.0,1.0
0.1914536579499854,0.0789499128075398,0.1654731457800512,0.6378005115089513,0.1933248081841432,0.6332480818414323,0.2383631713554987,0.6267902813299232,sciplex3_24h_top2000,5,scaffold_heldout,split_scaffold_heldout,transigen_basal_drug_dose,3025,1809,181,391,completed,0.1501917839050293,TranSiGen-style input ablation; same architecture and split protocol as full adaptation.,0.0,0.0,1.0,0.0,0.0,1.0
0.003577655208335,0.7677328831797654,0.0935877862595419,0.4887022900763358,0.1208396946564885,0.499618320610687,0.1595038167938931,0.4936641221374045,sciplex3_24h_top2000,5,cell_scaffold_heldout,split_cell_scaffold_heldout,transigen_basal_drug_dose,3025,1203,120,131,completed,0.1066670417785644,TranSiGen-style input ablation; same architecture and split protocol as full adaptation.,0.0,0.0,0.0,0.0,0.0,1.0
0.2519013918430146,0.0824007274051112,0.1916389548693587,0.6903087885985748,0.2142992874109263,0.6892161520190024,0.2615083135391924,0.676646355291899,sciplex3_24h_top2000,6,random,split_random,transigen_basal_drug_dose,3025,1779,178,421,completed,0.1566488742828369,TranSiGen-style input ablation; same architecture and split protocol as full adaptation.,1.0,1.0,1.0,0.9382422802850356,0.0,1.0
0.0123623693231645,1.7026563021063772,0.0813172043010752,0.5126344086021506,0.0923252688172042,0.5096908602150538,0.1375806451612903,0.520228494623656,sciplex3_24h_top2000,6,cell_heldout,split_cell_heldout,transigen_basal_drug_dose,3025,1456,146,744,completed,0.1315021514892578,TranSiGen-style input ablation; same architecture and split protocol as full adaptation.,1.0,1.0,0.0,0.9919354838709676,0.0,1.0
0.1877819958198774,0.0776730442886746,0.156321243523316,0.6416062176165803,0.1816062176165803,0.6360362694300518,0.2257512953367876,0.6285362694300518,sciplex3_24h_top2000,6,scaffold_heldout,split_scaffold_heldout,transigen_basal_drug_dose,3025,1814,181,386,completed,0.1580700874328613,TranSiGen-style input ablation; same architecture and split protocol as full adaptation.,0.0,0.0,1.0,0.0,0.0,1.0
0.0086235972085334,1.380373135113187,0.065891472868217,0.5108527131782946,0.0846511627906976,0.5110077519379845,0.1263565891472868,0.5091860465116279,sciplex3_24h_top2000,6,cell_scaffold_heldout,split_cell_scaffold_heldout,transigen_basal_drug_dose,3025,1199,120,129,completed,0.1062278747558593,TranSiGen-style input ablation; same architecture and split protocol as full adaptation.,0.0,0.0,0.0,0.0,0.0,1.0
0.2523995880547852,0.0798547004237439,0.1871889400921659,0.6926267281105991,0.2087788018433179,0.6836405529953917,0.2545622119815668,0.6717165898617511,sciplex3_24h_top2000,7,random,split_random,transigen_basal_drug_dose,3025,1766,177,434,completed,0.156351089477539,TranSiGen-style input ablation; same architecture and split protocol as full adaptation.,1.0,1.0,1.0,0.9308755760368664,0.0,1.0
0.0674794355408664,2.0163748894180276,0.1146505376344086,0.5463709677419355,0.1281317204301075,0.5513037634408602,0.1580376344086021,0.5441129032258064,sciplex3_24h_top2000,7,cell_heldout,split_cell_heldout,transigen_basal_drug_dose,3025,1456,146,744,completed,0.1277613639831543,TranSiGen-style input ablation; same architecture and split protocol as full adaptation.,1.0,1.0,0.0,0.9919354838709676,0.0,1.0
0.2174019675949751,0.0819029439600564,0.164304932735426,0.6608071748878923,0.1925336322869955,0.6541255605381167,0.2428139013452915,0.6413452914798206,sciplex3_24h_top2000,7,scaffold_heldout,split_scaffold_heldout,transigen_basal_drug_dose,3025,1754,175,446,completed,0.1471023559570312,TranSiGen-style input ablation; same architecture and split protocol as full adaptation.,0.0,0.0,1.0,0.0,0.0,1.0
0.0396583783095607,1.3729544555306192,0.0652980132450331,0.5242384105960265,0.0854304635761589,0.5258940397350994,0.1305960264900662,0.5182781456953642,sciplex3_24h_top2000,7,cell_scaffold_heldout,split_cell_scaffold_heldout,transigen_basal_drug_dose,3025,1161,116,151,completed,0.1024549007415771,TranSiGen-style input ablation; same architecture and split protocol as full adaptation.,0.0,0.0,0.0,0.0,0.0,1.0
0.2471848812562495,0.0815788349714606,0.1698514851485148,0.6827227722772277,0.199009900990099,0.6775990099009901,0.2482549504950495,0.6696658415841583,sciplex3_24h_top2000,8,random,split_random,transigen_basal_drug_dose,3025,1796,180,404,completed,0.1480298042297363,TranSiGen-style input ablation; same architecture and split protocol as full adaptation.,1.0,1.0,1.0,0.9678217821782178,0.0,1.0
0.0214209545626008,0.5349213046057485,0.0451460361613351,0.52336578581363,0.0751182197496523,0.5196662030598053,0.1119262865090403,0.5172531293463144,sciplex3_24h_top2000,8,cell_heldout,split_cell_heldout,transigen_basal_drug_dose,3025,1481,148,719,completed,0.1273908615112304,TranSiGen-style input ablation; same architecture and split protocol as full adaptation.,0.9944367176634216,0.9944367176634216,0.0,0.9930458970792768,0.0,1.0
0.2183664619811493,0.0814525980297066,0.1626730310262529,0.6577565632458234,0.1950835322195704,0.6502863961813843,0.2443675417661098,0.6367899761336515,sciplex3_24h_top2000,8,scaffold_heldout,split_scaffold_heldout,transigen_basal_drug_dose,3025,1781,178,419,completed,0.1457788944244384,TranSiGen-style input ablation; same architecture and split protocol as full adaptation.,0.0,0.0,1.0,0.0,0.0,1.0
0.005121748417259,0.4533094095814227,0.0471641791044776,0.487910447761194,0.0669402985074626,0.4897014925373134,0.1043283582089552,0.4942164179104477,sciplex3_24h_top2000,8,cell_scaffold_heldout,split_cell_scaffold_heldout,transigen_basal_drug_dose,3025,1196,120,134,completed,0.102184772491455,TranSiGen-style input ablation; same architecture and split protocol as full adaptation.,0.0,0.0,0.0,0.0,0.0,1.0
0.2237245760413396,0.0773869813200418,0.1643243243243243,0.6609828009828009,0.191990171990172,0.6581326781326782,0.2428132678132678,0.6535872235872235,sciplex3_24h_top2000,9,random,split_random,transigen_basal_drug_dose,3025,1793,179,407,completed,0.1471188068389892,TranSiGen-style input ablation; same architecture and split protocol as full adaptation.,1.0,1.0,1.0,0.9484029484029484,0.0,1.0
-0.0048143676839692,0.2683580821897723,0.0718588873812754,0.5023066485753054,0.1116553595658073,0.4965807327001357,0.1449592944369064,0.4922523744911805,sciplex3_24h_top2000,9,cell_heldout,split_cell_heldout,transigen_basal_drug_dose,3025,1463,146,737,completed,0.125,TranSiGen-style input ablation; same architecture and split protocol as full adaptation.,1.0,1.0,0.0,0.9972862957937584,0.0,1.0
0.2372266743888629,0.0919777519040327,0.1775296912114014,0.6778147268408551,0.2072446555819477,0.6731591448931116,0.2544299287410926,0.6619833729216151,sciplex3_24h_top2000,9,scaffold_heldout,split_scaffold_heldout,transigen_basal_drug_dose,3025,1779,178,421,completed,0.1461949348449707,TranSiGen-style input ablation; same architecture and split protocol as full adaptation.,0.0,0.0,1.0,0.0,0.0,1.0
0.0069058788406259,0.3461104483010861,0.0955555555555555,0.5218055555555556,0.1159722222222222,0.5159027777777778,0.1523611111111111,0.5044097222222222,sciplex3_24h_top2000,9,cell_scaffold_heldout,split_cell_scaffold_heldout,transigen_basal_drug_dose,3025,1186,119,144,completed,0.0999090671539306,TranSiGen-style input ablation; same architecture and split protocol as full adaptation.,0.0,0.0,0.0,0.0,0.0,1.0
0.2365123683484268,0.0795466274690088,0.1778876404494382,0.6710561797752809,0.2027865168539326,0.6680898876404494,0.2464157303370786,0.6607191011235954,sciplex3_24h_top2000,10,random,split_random,transigen_basal_drug_dose,3025,1755,176,445,completed,0.1486053466796875,TranSiGen-style input ablation; same architecture and split protocol as full adaptation.,1.0,1.0,1.0,0.9258426966292136,0.0,1.0
0.0385708066496698,0.3729649352314942,0.048038942976356,0.5268984700973575,0.065827538247566,0.5284005563282336,0.1126634214186369,0.5225034770514603,sciplex3_24h_top2000,10,cell_heldout,split_cell_heldout,transigen_basal_drug_dose,3025,1481,148,719,completed,0.1243078708648681,TranSiGen-style input ablation; same architecture and split protocol as full adaptation.,0.9944367176634216,0.9944367176634216,0.0,0.9930458970792768,0.0,1.0
0.1755955343500137,0.0766655140211677,0.1367692307692307,0.6252820512820513,0.1674358974358974,0.6208461538461539,0.2196153846153846,0.6145,sciplex3_24h_top2000,10,scaffold_heldout,split_scaffold_heldout,transigen_basal_drug_dose,3025,1810,181,390,completed,0.1493282318115234,TranSiGen-style input ablation; same architecture and split protocol as full adaptation.,0.0,0.0,1.0,0.0,0.0,1.0
0.0181340590611116,0.2132241694646302,0.0490624999999999,0.51453125,0.072265625,0.5175000000000001,0.1136328125,0.5137109375,sciplex3_24h_top2000,10,cell_scaffold_heldout,split_cell_scaffold_heldout,transigen_basal_drug_dose,3025,1219,122,128,completed,0.1047167778015136,TranSiGen-style input ablation; same architecture and split protocol as full adaptation.,0.0,0.0,0.0,0.0,0.0,1.0
0.2272540823834762,0.0770602778256673,0.174364896073903,0.6583833718244805,0.2037875288683602,0.6584757505773672,0.2509237875288683,0.6565127020785219,sciplex3_24h_top2000,1,random,split_random,transigen_basal_drug_dose_cell,3028,1767,177,433,completed,0.155998945236206,TranSiGen-style input ablation; same architecture and split protocol as full adaptation.,1.0,1.0,1.0,0.9330254041570438,0.0,1.0
0.026296558138829,0.3322015048638312,0.0825237449118046,0.5233378561736771,0.1109769335142469,0.5186702849389416,0.1404748982360922,0.519436906377205,sciplex3_24h_top2000,1,cell_heldout,split_cell_heldout,transigen_basal_drug_dose_cell,3028,1463,146,737,completed,0.1319408416748047,TranSiGen-style input ablation; same architecture and split protocol as full adaptation.,1.0,1.0,0.0,0.9972862957937584,0.0,1.0
0.1998045643567032,0.0808985190871366,0.1721658986175115,0.6399539170506913,0.1991244239631336,0.6379493087557604,0.2429608294930875,0.6335023041474654,sciplex3_24h_top2000,1,scaffold_heldout,split_scaffold_heldout,transigen_basal_drug_dose_cell,3028,1766,177,434,completed,0.1530320644378662,TranSiGen-style input ablation; same architecture and split protocol as full adaptation.,0.0,0.0,1.0,0.0,0.0,1.0
0.0270159516649453,0.4519601513318492,0.0586111111111111,0.5294444444444445,0.0830555555555555,0.532013888888889,0.1396527777777777,0.5215972222222223,sciplex3_24h_top2000,1,cell_scaffold_heldout,split_cell_scaffold_heldout,transigen_basal_drug_dose_cell,3028,1173,117,144,completed,0.1010582447052002,TranSiGen-style input ablation; same architecture and split protocol as full adaptation.,0.0,0.0,0.0,0.0,0.0,1.0
0.2422152290201649,0.0817483048635413,0.1827510917030568,0.6811353711790393,0.2081004366812227,0.6747161572052401,0.2486899563318777,0.667849344978166,sciplex3_24h_top2000,2,random,split_random,transigen_basal_drug_dose_cell,3028,1742,174,458,completed,0.14776611328125,TranSiGen-style input ablation; same architecture and split protocol as full adaptation.,1.0,1.0,1.0,0.9301310043668122,0.0,1.0
0.0146401676302094,0.1642031061398441,0.0396383866481223,0.5250347705146036,0.0635187760778859,0.5130458970792767,0.1117454798331015,0.5048678720445062,sciplex3_24h_top2000,2,cell_heldout,split_cell_heldout,transigen_basal_drug_dose_cell,3028,1481,148,719,completed,0.1533160209655761,TranSiGen-style input ablation; same architecture and split protocol as full adaptation.,0.9944367176634216,0.9944367176634216,0.0,0.9930458970792768,0.0,1.0
0.2520104281802302,0.1043484375409998,0.198586387434555,0.6848167539267016,0.2190837696335078,0.674869109947644,0.2622513089005235,0.6659554973821991,sciplex3_24h_top2000,2,scaffold_heldout,split_scaffold_heldout,transigen_basal_drug_dose_cell,3028,1818,182,382,completed,0.1762561798095703,TranSiGen-style input ablation; same architecture and split protocol as full adaptation.,0.0,0.0,1.0,0.0,0.0,1.0
-0.0066654242123314,0.1993046465632821,0.0678740157480315,0.5116535433070866,0.0750393700787401,0.5045669291338583,0.1183070866141732,0.4990944881889764,sciplex3_24h_top2000,2,cell_scaffold_heldout,split_cell_scaffold_heldout,transigen_basal_drug_dose_cell,3028,1226,123,127,completed,0.110591173171997,TranSiGen-style input ablation; same architecture and split protocol as full adaptation.,0.0,0.0,0.0,0.0,0.0,1.0
0.2211810546298675,0.0795581393496175,0.1609766454352442,0.6608492569002123,0.1931210191082802,0.6587685774946921,0.2404989384288747,0.6525583864118896,sciplex3_24h_top2000,3,random,split_random,transigen_basal_drug_dose_cell,3028,1729,173,471,completed,0.1589448451995849,TranSiGen-style input ablation; same architecture and split protocol as full adaptation.,1.0,1.0,1.0,0.9384288747346072,0.0,1.0
0.0351239104094134,0.3912713241097495,0.0783588317107093,0.5144645340751044,0.0898748261474269,0.5184700973574409,0.1296870653685674,0.5295132127955494,sciplex3_24h_top2000,3,cell_heldout,split_cell_heldout,transigen_basal_drug_dose_cell,3028,1481,148,719,completed,0.1370177268981933,TranSiGen-style input ablation; same architecture and split protocol as full adaptation.,0.9944367176634216,0.9944367176634216,0.0,0.9930458970792768,0.0,1.0
0.2377703502969954,0.0905099606442828,0.1765060240963855,0.6771084337349398,0.1991967871485943,0.6694779116465863,0.2439056224899598,0.6552911646586346,sciplex3_24h_top2000,3,scaffold_heldout,split_scaffold_heldout,transigen_basal_drug_dose_cell,3028,1702,170,498,completed,0.1477742195129394,TranSiGen-style input ablation; same architecture and split protocol as full adaptation.,0.0,0.0,1.0,0.0,0.0,1.0
0.0272799409668756,0.404151066931688,0.0733333333333333,0.528888888888889,0.0853086419753086,0.5211111111111112,0.1280864197530864,0.5197222222222222,sciplex3_24h_top2000,3,cell_scaffold_heldout,split_cell_scaffold_heldout,transigen_basal_drug_dose_cell,3028,1145,114,162,completed,0.1064679622650146,TranSiGen-style input ablation; same architecture and split protocol as full adaptation.,0.0,0.0,0.0,0.0,0.0,1.0
0.235035475327243,0.080103771715405,0.1663133640552995,0.680184331797235,0.1944009216589861,0.6699308755760369,0.2390668202764977,0.6606797235023042,sciplex3_24h_top2000,4,random,split_random,transigen_basal_drug_dose_cell,3028,1766,177,434,completed,0.1506941318511963,TranSiGen-style input ablation; same architecture and split protocol as full adaptation.,1.0,1.0,1.0,0.923963133640553,0.0,1.0
0.0330861538607591,0.4961801028715539,0.0836092265943012,0.5279240162822253,0.1005698778833107,0.5259158751696066,0.147550881953867,0.5196404341926729,sciplex3_24h_top2000,4,cell_heldout,split_cell_heldout,transigen_basal_drug_dose_cell,3028,1463,146,737,completed,0.1266610622406005,TranSiGen-style input ablation; same architecture and split protocol as full adaptation.,1.0,1.0,0.0,0.9972862957937584,0.0,1.0
0.2288483291711651,0.0837695223890855,0.166214953271028,0.6631308411214955,0.1932242990654205,0.6607242990654206,0.2386448598130841,0.6537850467289721,sciplex3_24h_top2000,4,scaffold_heldout,split_scaffold_heldout,transigen_basal_drug_dose_cell,3028,1772,177,428,completed,0.1497993469238281,TranSiGen-style input ablation; same architecture and split protocol as full adaptation.,0.0,0.0,1.0,0.0,0.0,1.0
0.0076400956252264,0.4024940601267797,0.0671830985915492,0.5302816901408451,0.104225352112676,0.5142957746478873,0.1495070422535211,0.5051056338028168,sciplex3_24h_top2000,4,cell_scaffold_heldout,split_cell_scaffold_heldout,transigen_basal_drug_dose_cell,3028,1177,118,142,completed,0.0993850231170654,TranSiGen-style input ablation; same architecture and split protocol as full adaptation.,0.0,0.0,0.0,0.0,0.0,1.0
0.2083843563738538,0.0782207669054748,0.1562637362637362,0.6455384615384616,0.1853186813186813,0.6455164835164836,0.2347582417582417,0.6414285714285715,sciplex3_24h_top2000,5,random,split_random,transigen_basal_drug_dose_cell,3028,1745,174,455,completed,0.1480689048767089,TranSiGen-style input ablation; same architecture and split protocol as full adaptation.,1.0,1.0,1.0,0.9384615384615383,0.0,1.0
0.0173565433500528,0.4898626997871828,0.1063772048846675,0.5246947082767978,0.1145725915875169,0.5229172320217096,0.1690502035278154,0.5187344797256295,sciplex3_24h_top2000,5,cell_heldout,split_cell_heldout,transigen_basal_drug_dose_cell,3028,1463,146,737,completed,0.1249990463256836,TranSiGen-style input ablation; same architecture and split protocol as full adaptation.,1.0,1.0,0.0,0.9972862957937584,0.0,1.0
0.1868884429514675,0.0787846526563607,0.1550383631713555,0.6152429667519181,0.1854219948849104,0.6217647058823529,0.2330562659846547,0.6207161125319693,sciplex3_24h_top2000,5,scaffold_heldout,split_scaffold_heldout,transigen_basal_drug_dose_cell,3028,1809,181,391,completed,0.1491611003875732,TranSiGen-style input ablation; same architecture and split protocol as full adaptation.,0.0,0.0,1.0,0.0,0.0,1.0
0.0176464670106936,0.3704421907589788,0.0964885496183206,0.5074809160305345,0.1135877862595419,0.5281679389312977,0.1466793893129771,0.5186259541984732,sciplex3_24h_top2000,5,cell_scaffold_heldout,split_cell_scaffold_heldout,transigen_basal_drug_dose_cell,3028,1203,120,131,completed,0.1024079322814941,TranSiGen-style input ablation; same architecture and split protocol as full adaptation.,0.0,0.0,0.0,0.0,0.0,1.0
0.2520718237872309,0.0828583694719191,0.1856057007125891,0.6907363420427554,0.2089548693586698,0.6855106888361046,0.2587410926365796,0.6735154394299289,sciplex3_24h_top2000,6,random,split_random,transigen_basal_drug_dose_cell,3028,1779,178,421,completed,0.1509969234466552,TranSiGen-style input ablation; same architecture and split protocol as full adaptation.,1.0,1.0,1.0,0.9382422802850356,0.0,1.0
0.0023694785205773,1.17919891682254,0.0765860215053763,0.4862903225806452,0.0971102150537634,0.502653687411752,0.1390524193548387,0.5002652374777112,sciplex3_24h_top2000,6,cell_heldout,split_cell_heldout,transigen_basal_drug_dose_cell,3028,1456,146,744,completed,0.1445176601409912,TranSiGen-style input ablation; same architecture and split protocol as full adaptation.,1.0,1.0,0.0,0.9919354838709676,0.0,1.0
0.1987780857933875,0.0777956455221914,0.152901554404145,0.6497927461139897,0.1800259067357513,0.6430051813471502,0.2270854922279792,0.6340932642487046,sciplex3_24h_top2000,6,scaffold_heldout,split_scaffold_heldout,transigen_basal_drug_dose_cell,3028,1814,181,386,completed,0.1551847457885742,TranSiGen-style input ablation; same architecture and split protocol as full adaptation.,0.0,0.0,1.0,0.0,0.0,1.0
-0.0295209896537088,1.290058355497985,0.091937984496124,0.4705426356589147,0.1062015503875968,0.4877519379844961,0.1391085271317829,0.4938372093023255,sciplex3_24h_top2000,6,cell_scaffold_heldout,split_cell_scaffold_heldout,transigen_basal_drug_dose_cell,3028,1199,120,129,completed,0.0999698638916015,TranSiGen-style input ablation; same architecture and split protocol as full adaptation.,0.0,0.0,0.0,0.0,0.0,1.0
0.2444510397802793,0.0804489882599276,0.184700460829493,0.6802764976958525,0.2076728110599078,0.6745161290322581,0.2531221198156682,0.6669700460829493,sciplex3_24h_top2000,7,random,split_random,transigen_basal_drug_dose_cell,3028,1766,177,434,completed,0.1470708847045898,TranSiGen-style input ablation; same architecture and split protocol as full adaptation.,1.0,1.0,1.0,0.9308755760368664,0.0,1.0
0.0742915928030366,2.323658723392471,0.1086827956989247,0.5516129032258065,0.110510752688172,0.5555510752688173,0.1470228494623656,0.5488709677419356,sciplex3_24h_top2000,7,cell_heldout,split_cell_heldout,transigen_basal_drug_dose_cell,3028,1456,146,744,completed,0.1305830478668213,TranSiGen-style input ablation; same architecture and split protocol as full adaptation.,1.0,1.0,0.0,0.9919354838709676,0.0,1.0
0.2138276879518804,0.0821947882473227,0.1703587443946188,0.6586995515695067,0.1938565022421524,0.6480493273542601,0.2410313901345291,0.6361995515695067,sciplex3_24h_top2000,7,scaffold_heldout,split_scaffold_heldout,transigen_basal_drug_dose_cell,3028,1754,175,446,completed,0.1569509506225586,TranSiGen-style input ablation; same architecture and split protocol as full adaptation.,0.0,0.0,1.0,0.0,0.0,1.0
0.0406653611513384,1.6859834759886665,0.0947019867549668,0.5148344370860926,0.1005960264900662,0.5247019867549668,0.1417880794701986,0.5370198675496689,sciplex3_24h_top2000,7,cell_scaffold_heldout,split_cell_scaffold_heldout,transigen_basal_drug_dose_cell,3028,1161,116,151,completed,0.1076409816741943,TranSiGen-style input ablation; same architecture and split protocol as full adaptation.,0.0,0.0,0.0,0.0,0.0,1.0
0.2573451852797316,0.0816990097261148,0.1817821782178217,0.6843564356435644,0.2104207920792078,0.6824009900990099,0.2585396039603961,0.6736386138613861,sciplex3_24h_top2000,8,random,split_random,transigen_basal_drug_dose_cell,3028,1796,180,404,completed,0.1596171855926513,TranSiGen-style input ablation; same architecture and split protocol as full adaptation.,1.0,1.0,1.0,0.9678217821782178,0.0,1.0
0.0410980275776395,0.4010438461411769,0.0473713490959666,0.5427538247566064,0.0674547983310153,0.5397357440890126,0.1233171070931849,0.5271140472878999,sciplex3_24h_top2000,8,cell_heldout,split_cell_heldout,transigen_basal_drug_dose_cell,3028,1481,148,719,completed,0.1370270252227783,TranSiGen-style input ablation; same architecture and split protocol as full adaptation.,0.9944367176634216,0.9944367176634216,0.0,0.9930458970792768,0.0,1.0
0.2201738527989636,0.0814700858271907,0.157708830548926,0.6637708830548926,0.1908114558472553,0.6592840095465394,0.2356801909307876,0.6457756563245823,sciplex3_24h_top2000,8,scaffold_heldout,split_scaffold_heldout,transigen_basal_drug_dose_cell,3028,1781,178,419,completed,0.147860050201416,TranSiGen-style input ablation; same architecture and split protocol as full adaptation.,0.0,0.0,1.0,0.0,0.0,1.0
0.0312047250929563,0.2984640337114989,0.0297014925373134,0.5143283582089553,0.082910447761194,0.5136567164179103,0.1248134328358209,0.5202985074626866,sciplex3_24h_top2000,8,cell_scaffold_heldout,split_cell_scaffold_heldout,transigen_basal_drug_dose_cell,3028,1196,120,134,completed,0.1049001216888427,TranSiGen-style input ablation; same architecture and split protocol as full adaptation.,0.0,0.0,0.0,0.0,0.0,1.0
0.2342959121236504,0.0770776164537078,0.1733660933660933,0.6734643734643735,0.1988943488943489,0.6683538083538083,0.2471375921375921,0.6597420147420147,sciplex3_24h_top2000,9,random,split_random,transigen_basal_drug_dose_cell,3028,1793,179,407,completed,0.1488559246063232,TranSiGen-style input ablation; same architecture and split protocol as full adaptation.,1.0,1.0,1.0,0.9484029484029484,0.0,1.0
0.0504095634305711,0.2400204895662952,0.0835820895522388,0.5506648575305292,0.1050474898236092,0.5361736770691995,0.141831750339213,0.5382632293080054,sciplex3_24h_top2000,9,cell_heldout,split_cell_heldout,transigen_basal_drug_dose_cell,3028,1463,146,737,completed,0.1255111694335937,TranSiGen-style input ablation; same architecture and split protocol as full adaptation.,1.0,1.0,0.0,0.9972862957937584,0.0,1.0
0.2377502603815221,0.0917266991164736,0.1760570071258907,0.6810926365795723,0.2050593824228028,0.6760332541567696,0.246270783847981,0.660581947743468,sciplex3_24h_top2000,9,scaffold_heldout,split_scaffold_heldout,transigen_basal_drug_dose_cell,3028,1779,178,421,completed,0.1463761329650879,TranSiGen-style input ablation; same architecture and split protocol as full adaptation.,0.0,0.0,1.0,0.0,0.0,1.0
7.957559008997104e-05,0.1718619234665725,0.0905555555555555,0.4876388888888889,0.1072916666666666,0.5027083333333333,0.1395486111111111,0.5046180555555556,sciplex3_24h_top2000,9,cell_scaffold_heldout,split_cell_scaffold_heldout,transigen_basal_drug_dose_cell,3028,1186,119,144,completed,0.1002960205078125,TranSiGen-style input ablation; same architecture and split protocol as full adaptation.,0.0,0.0,0.0,0.0,0.0,1.0
0.2243285741362002,0.0806755218359224,0.1671460674157304,0.6640449438202247,0.202,0.6622471910112357,0.245876404494382,0.6550337078651686,sciplex3_24h_top2000,10,random,split_random,transigen_basal_drug_dose_cell,3028,1755,176,445,completed,0.1498341560363769,TranSiGen-style input ablation; same architecture and split protocol as full adaptation.,1.0,1.0,1.0,0.9258426966292136,0.0,1.0
0.0121142029452821,0.1970255237465387,0.0476216968011126,0.4936022253129346,0.0744506258692628,0.5014881780250348,0.1203129346314325,0.5094853963838665,sciplex3_24h_top2000,10,cell_heldout,split_cell_heldout,transigen_basal_drug_dose_cell,3028,1481,148,719,completed,0.1263148784637451,TranSiGen-style input ablation; same architecture and split protocol as full adaptation.,0.9944367176634216,0.9944367176634216,0.0,0.9930458970792768,0.0,1.0
0.1765879757232479,0.076257663132332,0.1391794871794872,0.6211282051282051,0.1667692307692307,0.6198461538461538,0.2181410256410256,0.6138717948717949,sciplex3_24h_top2000,10,scaffold_heldout,split_scaffold_heldout,transigen_basal_drug_dose_cell,3028,1810,181,390,completed,0.1511580944061279,TranSiGen-style input ablation; same architecture and split protocol as full adaptation.,0.0,0.0,1.0,0.0,0.0,1.0
0.0145273686562626,0.2527015318243623,0.04625,0.4971875,0.0696875,0.51046875,0.1111328125,0.514609375,sciplex3_24h_top2000,10,cell_scaffold_heldout,split_cell_scaffold_heldout,transigen_basal_drug_dose_cell,3028,1219,122,128,completed,0.1014771461486816,TranSiGen-style input ablation; same architecture and split protocol as full adaptation.,0.0,0.0,0.0,0.0,0.0,1.0
0.2272540823834762,0.0770602778256673,0.174364896073903,0.6583833718244805,0.2037875288683602,0.6584757505773672,0.2509237875288683,0.6565127020785219,sciplex3_24h_top2000,1,random,split_random,transigen_full_current,3028,1767,177,433,completed,0.1496109962463379,TranSiGen-style input ablation; same architecture and split protocol as full adaptation.,1.0,1.0,1.0,0.9330254041570438,0.0,1.0
0.026296558138829,0.3322015048638312,0.0825237449118046,0.5233378561736771,0.1109769335142469,0.5186702849389416,0.1404748982360922,0.519436906377205,sciplex3_24h_top2000,1,cell_heldout,split_cell_heldout,transigen_full_current,3028,1463,146,737,completed,0.1238846778869628,TranSiGen-style input ablation; same architecture and split protocol as full adaptation.,1.0,1.0,0.0,0.9972862957937584,0.0,1.0
0.1998045643567032,0.0808985190871366,0.1721658986175115,0.6399539170506913,0.1991244239631336,0.6379493087557604,0.2429608294930875,0.6335023041474654,sciplex3_24h_top2000,1,scaffold_heldout,split_scaffold_heldout,transigen_full_current,3028,1766,177,434,completed,0.1466479301452636,TranSiGen-style input ablation; same architecture and split protocol as full adaptation.,0.0,0.0,1.0,0.0,0.0,1.0
0.0270159516649453,0.4519601513318492,0.0586111111111111,0.5294444444444445,0.0830555555555555,0.532013888888889,0.1396527777777777,0.5215972222222223,sciplex3_24h_top2000,1,cell_scaffold_heldout,split_cell_scaffold_heldout,transigen_full_current,3028,1173,117,144,completed,0.1040000915527343,TranSiGen-style input ablation; same architecture and split protocol as full adaptation.,0.0,0.0,0.0,0.0,0.0,1.0
0.2422152290201649,0.0817483048635413,0.1827510917030568,0.6811353711790393,0.2081004366812227,0.6747161572052401,0.2486899563318777,0.667849344978166,sciplex3_24h_top2000,2,random,split_random,transigen_full_current,3028,1742,174,458,completed,0.1537787914276123,TranSiGen-style input ablation; same architecture and split protocol as full adaptation.,1.0,1.0,1.0,0.9301310043668122,0.0,1.0
0.0146401676302094,0.1642031061398441,0.0396383866481223,0.5250347705146036,0.0635187760778859,0.5130458970792767,0.1117454798331015,0.5048678720445062,sciplex3_24h_top2000,2,cell_heldout,split_cell_heldout,transigen_full_current,3028,1481,148,719,completed,0.13360595703125,TranSiGen-style input ablation; same architecture and split protocol as full adaptation.,0.9944367176634216,0.9944367176634216,0.0,0.9930458970792768,0.0,1.0
0.2520104281802302,0.1043484375409998,0.198586387434555,0.6848167539267016,0.2190837696335078,0.674869109947644,0.2622513089005235,0.6659554973821991,sciplex3_24h_top2000,2,scaffold_heldout,split_scaffold_heldout,transigen_full_current,3028,1818,182,382,completed,0.1617846488952636,TranSiGen-style input ablation; same architecture and split protocol as full adaptation.,0.0,0.0,1.0,0.0,0.0,1.0
-0.0066654242123314,0.1993046465632821,0.0678740157480315,0.5116535433070866,0.0750393700787401,0.5045669291338583,0.1183070866141732,0.4990944881889764,sciplex3_24h_top2000,2,cell_scaffold_heldout,split_cell_scaffold_heldout,transigen_full_current,3028,1226,123,127,completed,0.1087219715118408,TranSiGen-style input ablation; same architecture and split protocol as full adaptation.,0.0,0.0,0.0,0.0,0.0,1.0
0.2211810546298675,0.0795581393496175,0.1609766454352442,0.6608492569002123,0.1931210191082802,0.6587685774946921,0.2404989384288747,0.6525583864118896,sciplex3_24h_top2000,3,random,split_random,transigen_full_current,3028,1729,173,471,completed,0.1491241455078125,TranSiGen-style input ablation; same architecture and split protocol as full adaptation.,1.0,1.0,1.0,0.9384288747346072,0.0,1.0
0.0351239104094134,0.3912713241097495,0.0783588317107093,0.5144645340751044,0.0898748261474269,0.5184700973574409,0.1296870653685674,0.5295132127955494,sciplex3_24h_top2000,3,cell_heldout,split_cell_heldout,transigen_full_current,3028,1481,148,719,completed,0.128026008605957,TranSiGen-style input ablation; same architecture and split protocol as full adaptation.,0.9944367176634216,0.9944367176634216,0.0,0.9930458970792768,0.0,1.0
0.2377703502969954,0.0905099606442828,0.1765060240963855,0.6771084337349398,0.1991967871485943,0.6694779116465863,0.2439056224899598,0.6552911646586346,sciplex3_24h_top2000,3,scaffold_heldout,split_scaffold_heldout,transigen_full_current,3028,1702,170,498,completed,0.1355881690979004,TranSiGen-style input ablation; same architecture and split protocol as full adaptation.,0.0,0.0,1.0,0.0,0.0,1.0
0.0272799409668756,0.404151066931688,0.0733333333333333,0.528888888888889,0.0853086419753086,0.5211111111111112,0.1280864197530864,0.5197222222222222,sciplex3_24h_top2000,3,cell_scaffold_heldout,split_cell_scaffold_heldout,transigen_full_current,3028,1145,114,162,completed,0.0975151062011718,TranSiGen-style input ablation; same architecture and split protocol as full adaptation.,0.0,0.0,0.0,0.0,0.0,1.0
0.235035475327243,0.080103771715405,0.1663133640552995,0.680184331797235,0.1944009216589861,0.6699308755760369,0.2390668202764977,0.6606797235023042,sciplex3_24h_top2000,4,random,split_random,transigen_full_current,3028,1766,177,434,completed,0.150942325592041,TranSiGen-style input ablation; same architecture and split protocol as full adaptation.,1.0,1.0,1.0,0.923963133640553,0.0,1.0
0.0330861538607591,0.4961801028715539,0.0836092265943012,0.5279240162822253,0.1005698778833107,0.5259158751696066,0.147550881953867,0.5196404341926729,sciplex3_24h_top2000,4,cell_heldout,split_cell_heldout,transigen_full_current,3028,1463,146,737,completed,0.1242411136627197,TranSiGen-style input ablation; same architecture and split protocol as full adaptation.,1.0,1.0,0.0,0.9972862957937584,0.0,1.0
0.2288483291711651,0.0837695223890855,0.166214953271028,0.6631308411214955,0.1932242990654205,0.6607242990654206,0.2386448598130841,0.6537850467289721,sciplex3_24h_top2000,4,scaffold_heldout,split_scaffold_heldout,transigen_full_current,3028,1772,177,428,completed,0.1462409496307373,TranSiGen-style input ablation; same architecture and split protocol as full adaptation.,0.0,0.0,1.0,0.0,0.0,1.0
0.0076400956252264,0.4024940601267797,0.0671830985915492,0.5302816901408451,0.104225352112676,0.5142957746478873,0.1495070422535211,0.5051056338028168,sciplex3_24h_top2000,4,cell_scaffold_heldout,split_cell_scaffold_heldout,transigen_full_current,3028,1177,118,142,completed,0.1007030010223388,TranSiGen-style input ablation; same architecture and split protocol as full adaptation.,0.0,0.0,0.0,0.0,0.0,1.0
0.2083843563738538,0.0782207669054748,0.1562637362637362,0.6455384615384616,0.1853186813186813,0.6455164835164836,0.2347582417582417,0.6414285714285715,sciplex3_24h_top2000,5,random,split_random,transigen_full_current,3028,1745,174,455,completed,0.1470139026641845,TranSiGen-style input ablation; same architecture and split protocol as full adaptation.,1.0,1.0,1.0,0.9384615384615383,0.0,1.0
0.0173565433500528,0.4898626997871828,0.1063772048846675,0.5246947082767978,0.1145725915875169,0.5229172320217096,0.1690502035278154,0.5187344797256295,sciplex3_24h_top2000,5,cell_heldout,split_cell_heldout,transigen_full_current,3028,1463,146,737,completed,0.1250340938568115,TranSiGen-style input ablation; same architecture and split protocol as full adaptation.,1.0,1.0,0.0,0.9972862957937584,0.0,1.0
0.1868884429514675,0.0787846526563607,0.1550383631713555,0.6152429667519181,0.1854219948849104,0.6217647058823529,0.2330562659846547,0.6207161125319693,sciplex3_24h_top2000,5,scaffold_heldout,split_scaffold_heldout,transigen_full_current,3028,1809,181,391,completed,0.1520328521728515,TranSiGen-style input ablation; same architecture and split protocol as full adaptation.,0.0,0.0,1.0,0.0,0.0,1.0
0.0176464670106936,0.3704421907589788,0.0964885496183206,0.5074809160305345,0.1135877862595419,0.5281679389312977,0.1466793893129771,0.5186259541984732,sciplex3_24h_top2000,5,cell_scaffold_heldout,split_cell_scaffold_heldout,transigen_full_current,3028,1203,120,131,completed,0.0992088317871093,TranSiGen-style input ablation; same architecture and split protocol as full adaptation.,0.0,0.0,0.0,0.0,0.0,1.0
0.2520718237872309,0.0828583694719191,0.1856057007125891,0.6907363420427554,0.2089548693586698,0.6855106888361046,0.2587410926365796,0.6735154394299289,sciplex3_24h_top2000,6,random,split_random,transigen_full_current,3028,1779,178,421,completed,0.1457219123840332,TranSiGen-style input ablation; same architecture and split protocol as full adaptation.,1.0,1.0,1.0,0.9382422802850356,0.0,1.0
0.0023694785205773,1.17919891682254,0.0765860215053763,0.4862903225806452,0.0971102150537634,0.502653687411752,0.1390524193548387,0.5002652374777112,sciplex3_24h_top2000,6,cell_heldout,split_cell_heldout,transigen_full_current,3028,1456,146,744,completed,0.1291840076446533,TranSiGen-style input ablation; same architecture and split protocol as full adaptation.,1.0,1.0,0.0,0.9919354838709676,0.0,1.0
0.1987780857933875,0.0777956455221914,0.152901554404145,0.6497927461139897,0.1800259067357513,0.6430051813471502,0.2270854922279792,0.6340932642487046,sciplex3_24h_top2000,6,scaffold_heldout,split_scaffold_heldout,transigen_full_current,3028,1814,181,386,completed,0.1581840515136718,TranSiGen-style input ablation; same architecture and split protocol as full adaptation.,0.0,0.0,1.0,0.0,0.0,1.0
-0.0295209896537088,1.290058355497985,0.091937984496124,0.4705426356589147,0.1062015503875968,0.4877519379844961,0.1391085271317829,0.4938372093023255,sciplex3_24h_top2000,6,cell_scaffold_heldout,split_cell_scaffold_heldout,transigen_full_current,3028,1199,120,129,completed,0.1206657886505127,TranSiGen-style input ablation; same architecture and split protocol as full adaptation.,0.0,0.0,0.0,0.0,0.0,1.0
0.2444510397802793,0.0804489882599276,0.184700460829493,0.6802764976958525,0.2076728110599078,0.6745161290322581,0.2531221198156682,0.6669700460829493,sciplex3_24h_top2000,7,random,split_random,transigen_full_current,3028,1766,177,434,completed,0.1550579071044922,TranSiGen-style input ablation; same architecture and split protocol as full adaptation.,1.0,1.0,1.0,0.9308755760368664,0.0,1.0
0.0742915928030366,2.323658723392471,0.1086827956989247,0.5516129032258065,0.110510752688172,0.5555510752688173,0.1470228494623656,0.5488709677419356,sciplex3_24h_top2000,7,cell_heldout,split_cell_heldout,transigen_full_current,3028,1456,146,744,completed,0.1312301158905029,TranSiGen-style input ablation; same architecture and split protocol as full adaptation.,1.0,1.0,0.0,0.9919354838709676,0.0,1.0
0.2138276879518804,0.0821947882473227,0.1703587443946188,0.6586995515695067,0.1938565022421524,0.6480493273542601,0.2410313901345291,0.6361995515695067,sciplex3_24h_top2000,7,scaffold_heldout,split_scaffold_heldout,transigen_full_current,3028,1754,175,446,completed,0.1460809707641601,TranSiGen-style input ablation; same architecture and split protocol as full adaptation.,0.0,0.0,1.0,0.0,0.0,1.0
0.0406653611513384,1.6859834759886665,0.0947019867549668,0.5148344370860926,0.1005960264900662,0.5247019867549668,0.1417880794701986,0.5370198675496689,sciplex3_24h_top2000,7,cell_scaffold_heldout,split_cell_scaffold_heldout,transigen_full_current,3028,1161,116,151,completed,0.1012277603149414,TranSiGen-style input ablation; same architecture and split protocol as full adaptation.,0.0,0.0,0.0,0.0,0.0,1.0
0.2573451852797316,0.0816990097261148,0.1817821782178217,0.6843564356435644,0.2104207920792078,0.6824009900990099,0.2585396039603961,0.6736386138613861,sciplex3_24h_top2000,8,random,split_random,transigen_full_current,3028,1796,180,404,completed,0.1475389003753662,TranSiGen-style input ablation; same architecture and split protocol as full adaptation.,1.0,1.0,1.0,0.9678217821782178,0.0,1.0
0.0410980275776395,0.4010438461411769,0.0473713490959666,0.5427538247566064,0.0674547983310153,0.5397357440890126,0.1233171070931849,0.5271140472878999,sciplex3_24h_top2000,8,cell_heldout,split_cell_heldout,transigen_full_current,3028,1481,148,719,completed,0.1245880126953125,TranSiGen-style input ablation; same architecture and split protocol as full adaptation.,0.9944367176634216,0.9944367176634216,0.0,0.9930458970792768,0.0,1.0
0.2201738527989636,0.0814700858271907,0.157708830548926,0.6637708830548926,0.1908114558472553,0.6592840095465394,0.2356801909307876,0.6457756563245823,sciplex3_24h_top2000,8,scaffold_heldout,split_scaffold_heldout,transigen_full_current,3028,1781,178,419,completed,0.1459920406341552,TranSiGen-style input ablation; same architecture and split protocol as full adaptation.,0.0,0.0,1.0,0.0,0.0,1.0
0.0312047250929563,0.2984640337114989,0.0297014925373134,0.5143283582089553,0.082910447761194,0.5136567164179103,0.1248134328358209,0.5202985074626866,sciplex3_24h_top2000,8,cell_scaffold_heldout,split_cell_scaffold_heldout,transigen_full_current,3028,1196,120,134,completed,0.1004688739776611,TranSiGen-style input ablation; same architecture and split protocol as full adaptation.,0.0,0.0,0.0,0.0,0.0,1.0
0.2342959121236504,0.0770776164537078,0.1733660933660933,0.6734643734643735,0.1988943488943489,0.6683538083538083,0.2471375921375921,0.6597420147420147,sciplex3_24h_top2000,9,random,split_random,transigen_full_current,3028,1793,179,407,completed,0.1514561176300048,TranSiGen-style input ablation; same architecture and split protocol as full adaptation.,1.0,1.0,1.0,0.9484029484029484,0.0,1.0
0.0504095634305711,0.2400204895662952,0.0835820895522388,0.5506648575305292,0.1050474898236092,0.5361736770691995,0.141831750339213,0.5382632293080054,sciplex3_24h_top2000,9,cell_heldout,split_cell_heldout,transigen_full_current,3028,1463,146,737,completed,0.1245710849761962,TranSiGen-style input ablation; same architecture and split protocol as full adaptation.,1.0,1.0,0.0,0.9972862957937584,0.0,1.0
0.2377502603815221,0.0917266991164736,0.1760570071258907,0.6810926365795723,0.2050593824228028,0.6760332541567696,0.246270783847981,0.660581947743468,sciplex3_24h_top2000,9,scaffold_heldout,split_scaffold_heldout,transigen_full_current,3028,1779,178,421,completed,0.1490707397460937,TranSiGen-style input ablation; same architecture and split protocol as full adaptation.,0.0,0.0,1.0,0.0,0.0,1.0
7.957559008997104e-05,0.1718619234665725,0.0905555555555555,0.4876388888888889,0.1072916666666666,0.5027083333333333,0.1395486111111111,0.5046180555555556,sciplex3_24h_top2000,9,cell_scaffold_heldout,split_cell_scaffold_heldout,transigen_full_current,3028,1186,119,144,completed,0.0999670028686523,TranSiGen-style input ablation; same architecture and split protocol as full adaptation.,0.0,0.0,0.0,0.0,0.0,1.0
0.2243285741362002,0.0806755218359224,0.1671460674157304,0.6640449438202247,0.202,0.6622471910112357,0.245876404494382,0.6550337078651686,sciplex3_24h_top2000,10,random,split_random,transigen_full_current,3028,1755,176,445,completed,0.1483619213104248,TranSiGen-style input ablation; same architecture and split protocol as full adaptation.,1.0,1.0,1.0,0.9258426966292136,0.0,1.0
0.0121142029452821,0.1970255237465387,0.0476216968011126,0.4936022253129346,0.0744506258692628,0.5014881780250348,0.1203129346314325,0.5094853963838665,sciplex3_24h_top2000,10,cell_heldout,split_cell_heldout,transigen_full_current,3028,1481,148,719,completed,0.1243579387664794,TranSiGen-style input ablation; same architecture and split protocol as full adaptation.,0.9944367176634216,0.9944367176634216,0.0,0.9930458970792768,0.0,1.0
0.1765879757232479,0.076257663132332,0.1391794871794872,0.6211282051282051,0.1667692307692307,0.6198461538461538,0.2181410256410256,0.6138717948717949,sciplex3_24h_top2000,10,scaffold_heldout,split_scaffold_heldout,transigen_full_current,3028,1810,181,390,completed,0.1479408740997314,TranSiGen-style input ablation; same architecture and split protocol as full adaptation.,0.0,0.0,1.0,0.0,0.0,1.0
0.0145273686562626,0.2527015318243623,0.04625,0.4971875,0.0696875,0.51046875,0.1111328125,0.514609375,sciplex3_24h_top2000,10,cell_scaffold_heldout,split_cell_scaffold_heldout,transigen_full_current,3028,1219,122,128,completed,0.1065499782562255,TranSiGen-style input ablation; same architecture and split protocol as full adaptation.,0.0,0.0,0.0,0.0,0.0,1.0
