same_drug_overlap,same_scaffold_overlap,same_cell_line_overlap,same_drug_dose_overlap,same_drug_cell_line_dose_overlap,same_numeric_dose_overlap,dataset,seed,split_type,model_name,status
1.0,1.0,1.0,0.9166666666666666,0.0,1.0,sciplex3_24h_top2000,1,test_size_matched_random,control_conditioned_nonlinear_benchmark,completed
1.0,1.0,1.0,0.75,0.0,1.0,sciplex3_24h_top2000,1,train_test_size_matched_random,control_conditioned_nonlinear_benchmark,completed
1.0,1.0,1.0,0.952755905511811,0.0,1.0,sciplex3_24h_top2000,2,test_size_matched_random,control_conditioned_nonlinear_benchmark,completed
1.0,1.0,1.0,0.8267716535433071,0.0,1.0,sciplex3_24h_top2000,2,train_test_size_matched_random,control_conditioned_nonlinear_benchmark,completed
1.0,1.0,1.0,0.9444444444444444,0.0,1.0,sciplex3_24h_top2000,3,test_size_matched_random,control_conditioned_nonlinear_benchmark,completed
1.0,1.0,1.0,0.7283950617283951,0.0,1.0,sciplex3_24h_top2000,3,train_test_size_matched_random,control_conditioned_nonlinear_benchmark,completed
1.0,1.0,1.0,0.9436619718309859,0.0,1.0,sciplex3_24h_top2000,4,test_size_matched_random,control_conditioned_nonlinear_benchmark,completed
1.0,1.0,1.0,0.7112676056338029,0.0,1.0,sciplex3_24h_top2000,4,train_test_size_matched_random,control_conditioned_nonlinear_benchmark,completed
1.0,1.0,1.0,0.9389312977099237,0.0,1.0,sciplex3_24h_top2000,5,test_size_matched_random,control_conditioned_nonlinear_benchmark,completed
1.0,1.0,1.0,0.7786259541984732,0.0,1.0,sciplex3_24h_top2000,5,train_test_size_matched_random,control_conditioned_nonlinear_benchmark,completed
1.0,1.0,1.0,0.937984496124031,0.0,1.0,sciplex3_24h_top2000,6,test_size_matched_random,control_conditioned_nonlinear_benchmark,completed
1.0,1.0,1.0,0.7829457364341085,0.0,1.0,sciplex3_24h_top2000,6,train_test_size_matched_random,control_conditioned_nonlinear_benchmark,completed
1.0,1.0,1.0,0.9470198675496688,0.0,1.0,sciplex3_24h_top2000,7,test_size_matched_random,control_conditioned_nonlinear_benchmark,completed
1.0,1.0,1.0,0.7152317880794702,0.0,1.0,sciplex3_24h_top2000,7,train_test_size_matched_random,control_conditioned_nonlinear_benchmark,completed
1.0,1.0,1.0,0.9626865671641791,0.0,1.0,sciplex3_24h_top2000,8,test_size_matched_random,control_conditioned_nonlinear_benchmark,completed
1.0,1.0,1.0,0.7761194029850746,0.0,1.0,sciplex3_24h_top2000,8,train_test_size_matched_random,control_conditioned_nonlinear_benchmark,completed
1.0,1.0,1.0,0.9513888888888888,0.0,1.0,sciplex3_24h_top2000,9,test_size_matched_random,control_conditioned_nonlinear_benchmark,completed
1.0,1.0,1.0,0.7638888888888888,0.0,1.0,sciplex3_24h_top2000,9,train_test_size_matched_random,control_conditioned_nonlinear_benchmark,completed
1.0,1.0,1.0,0.8984375,0.0,1.0,sciplex3_24h_top2000,10,test_size_matched_random,control_conditioned_nonlinear_benchmark,completed
1.0,1.0,1.0,0.7421875,0.0,1.0,sciplex3_24h_top2000,10,train_test_size_matched_random,control_conditioned_nonlinear_benchmark,completed
1.0,1.0,1.0,0.9712230215827338,0.0,1.0,sciplex3_24h_top2000,11,test_size_matched_random,control_conditioned_nonlinear_benchmark,completed
1.0,1.0,1.0,0.7410071942446043,0.0,1.0,sciplex3_24h_top2000,11,train_test_size_matched_random,control_conditioned_nonlinear_benchmark,completed
1.0,1.0,1.0,0.9485294117647058,0.0,1.0,sciplex3_24h_top2000,12,test_size_matched_random,control_conditioned_nonlinear_benchmark,completed
1.0,1.0,1.0,0.8382352941176471,0.0,1.0,sciplex3_24h_top2000,12,train_test_size_matched_random,control_conditioned_nonlinear_benchmark,completed
1.0,1.0,1.0,0.9319727891156463,0.0,1.0,sciplex3_24h_top2000,13,test_size_matched_random,control_conditioned_nonlinear_benchmark,completed
1.0,1.0,1.0,0.7414965986394558,0.0,1.0,sciplex3_24h_top2000,13,train_test_size_matched_random,control_conditioned_nonlinear_benchmark,completed
1.0,1.0,1.0,0.9488636363636364,0.0,1.0,sciplex3_24h_top2000,14,test_size_matched_random,control_conditioned_nonlinear_benchmark,completed
1.0,1.0,1.0,0.7215909090909091,0.0,1.0,sciplex3_24h_top2000,14,train_test_size_matched_random,control_conditioned_nonlinear_benchmark,completed
1.0,1.0,1.0,0.9423076923076923,0.0,1.0,sciplex3_24h_top2000,15,test_size_matched_random,control_conditioned_nonlinear_benchmark,completed
1.0,1.0,1.0,0.6987179487179487,0.0,1.0,sciplex3_24h_top2000,15,train_test_size_matched_random,control_conditioned_nonlinear_benchmark,completed
1.0,1.0,1.0,0.9416058394160584,0.0,1.0,sciplex3_24h_top2000,16,test_size_matched_random,control_conditioned_nonlinear_benchmark,completed
1.0,1.0,1.0,0.7737226277372263,0.0,1.0,sciplex3_24h_top2000,16,train_test_size_matched_random,control_conditioned_nonlinear_benchmark,completed
1.0,1.0,1.0,0.9571428571428572,0.0,1.0,sciplex3_24h_top2000,17,test_size_matched_random,control_conditioned_nonlinear_benchmark,completed
1.0,1.0,1.0,0.7714285714285715,0.0,1.0,sciplex3_24h_top2000,17,train_test_size_matched_random,control_conditioned_nonlinear_benchmark,completed
1.0,1.0,1.0,0.9709302325581395,0.0,1.0,sciplex3_24h_top2000,18,test_size_matched_random,control_conditioned_nonlinear_benchmark,completed
1.0,1.0,1.0,0.8023255813953488,0.0,1.0,sciplex3_24h_top2000,18,train_test_size_matched_random,control_conditioned_nonlinear_benchmark,completed
1.0,1.0,1.0,0.9103448275862069,0.0,1.0,sciplex3_24h_top2000,19,test_size_matched_random,control_conditioned_nonlinear_benchmark,completed
1.0,1.0,1.0,0.7586206896551724,0.0,1.0,sciplex3_24h_top2000,19,train_test_size_matched_random,control_conditioned_nonlinear_benchmark,completed
1.0,1.0,1.0,0.965034965034965,0.0,1.0,sciplex3_24h_top2000,20,test_size_matched_random,control_conditioned_nonlinear_benchmark,completed
1.0,1.0,1.0,0.7902097902097902,0.0,1.0,sciplex3_24h_top2000,20,train_test_size_matched_random,control_conditioned_nonlinear_benchmark,completed
1.0,1.0,1.0,0.9202898550724637,0.0,1.0,sciplex3_24h_top2000,21,test_size_matched_random,control_conditioned_nonlinear_benchmark,completed
1.0,1.0,1.0,0.7318840579710145,0.0,1.0,sciplex3_24h_top2000,21,train_test_size_matched_random,control_conditioned_nonlinear_benchmark,completed
1.0,1.0,1.0,0.9230769230769231,0.0,1.0,sciplex3_24h_top2000,22,test_size_matched_random,control_conditioned_nonlinear_benchmark,completed
1.0,1.0,1.0,0.7482517482517482,0.0,1.0,sciplex3_24h_top2000,22,train_test_size_matched_random,control_conditioned_nonlinear_benchmark,completed
1.0,1.0,1.0,0.9705882352941176,0.0,1.0,sciplex3_24h_top2000,23,test_size_matched_random,control_conditioned_nonlinear_benchmark,completed
1.0,1.0,1.0,0.8235294117647058,0.0,1.0,sciplex3_24h_top2000,23,train_test_size_matched_random,control_conditioned_nonlinear_benchmark,completed
1.0,1.0,1.0,0.9701492537313433,0.0,1.0,sciplex3_24h_top2000,24,test_size_matched_random,control_conditioned_nonlinear_benchmark,completed
1.0,1.0,1.0,0.7761194029850746,0.0,1.0,sciplex3_24h_top2000,24,train_test_size_matched_random,control_conditioned_nonlinear_benchmark,completed
1.0,1.0,1.0,0.946969696969697,0.0,1.0,sciplex3_24h_top2000,25,test_size_matched_random,control_conditioned_nonlinear_benchmark,completed
1.0,1.0,1.0,0.7575757575757576,0.0,1.0,sciplex3_24h_top2000,25,train_test_size_matched_random,control_conditioned_nonlinear_benchmark,completed
1.0,1.0,1.0,0.920863309352518,0.0,1.0,sciplex3_24h_top2000,26,test_size_matched_random,control_conditioned_nonlinear_benchmark,completed
1.0,1.0,1.0,0.7050359712230215,0.0,1.0,sciplex3_24h_top2000,26,train_test_size_matched_random,control_conditioned_nonlinear_benchmark,completed
1.0,1.0,1.0,0.9389312977099237,0.0,1.0,sciplex3_24h_top2000,27,test_size_matched_random,control_conditioned_nonlinear_benchmark,completed
1.0,1.0,1.0,0.7862595419847328,0.0,1.0,sciplex3_24h_top2000,27,train_test_size_matched_random,control_conditioned_nonlinear_benchmark,completed
1.0,1.0,1.0,0.9197080291970803,0.0,1.0,sciplex3_24h_top2000,28,test_size_matched_random,control_conditioned_nonlinear_benchmark,completed
1.0,1.0,1.0,0.708029197080292,0.0,1.0,sciplex3_24h_top2000,28,train_test_size_matched_random,control_conditioned_nonlinear_benchmark,completed
1.0,1.0,1.0,0.9428571428571428,0.0,1.0,sciplex3_24h_top2000,29,test_size_matched_random,control_conditioned_nonlinear_benchmark,completed
1.0,1.0,1.0,0.75,0.0,1.0,sciplex3_24h_top2000,29,train_test_size_matched_random,control_conditioned_nonlinear_benchmark,completed
1.0,1.0,1.0,0.9793103448275862,0.0,1.0,sciplex3_24h_top2000,30,test_size_matched_random,control_conditioned_nonlinear_benchmark,completed
1.0,1.0,1.0,0.8068965517241379,0.0,1.0,sciplex3_24h_top2000,30,train_test_size_matched_random,control_conditioned_nonlinear_benchmark,completed
