mean_all_gene_pearson,mean_all_gene_rmse,mean_top50_overlap,mean_top50_direction_agreement,mean_top100_overlap,mean_top100_direction_agreement,mean_top200_overlap,mean_top200_direction_agreement,dataset,seed,split_type,model_name,n_train,n_fit,n_val,n_test,status,runtime_seconds,notes
0.26864192725423963,0.07256439039188908,0.19777777777777777,0.6984722222222222,0.22909722222222217,0.6927083333333334,0.27243055555555556,0.6836458333333333,sciplex3_24h_top2000,1,test_size_matched_random,control_conditioned_nonlinear_benchmark,1767,1590,177,144,completed,0.6553547382354736,Benchmark-compatible control-conditioned nonlinear adaptation; not an original TranSiGen reproduction.
0.23280120118842648,0.07417105414333308,0.16722222222222222,0.6779166666666667,0.19743055555555555,0.6719444444444445,0.24444444444444446,0.6603125000000001,sciplex3_24h_top2000,1,train_test_size_matched_random,control_conditioned_nonlinear_benchmark,1173,1056,117,144,completed,0.17690277099609375,Benchmark-compatible control-conditioned nonlinear adaptation; not an original TranSiGen reproduction.
0.2942854173051624,0.08593297652375302,0.20173228346456695,0.7244094488188976,0.23259842519685042,0.7166929133858269,0.2766535433070865,0.7003937007874015,sciplex3_24h_top2000,2,test_size_matched_random,control_conditioned_nonlinear_benchmark,1742,1568,174,127,completed,0.24708008766174316,Benchmark-compatible control-conditioned nonlinear adaptation; not an original TranSiGen reproduction.
0.24453690232704328,0.08750556527327055,0.19086614173228347,0.6837795275590551,0.2103937007874016,0.6774015748031497,0.25421259842519683,0.6692913385826772,sciplex3_24h_top2000,2,train_test_size_matched_random,control_conditioned_nonlinear_benchmark,1226,1103,123,127,completed,0.17644906044006348,Benchmark-compatible control-conditioned nonlinear adaptation; not an original TranSiGen reproduction.
0.2794391186052256,0.07935029984699417,0.19703703703703704,0.7165432098765432,0.22345679012345682,0.7084567901234567,0.2672530864197531,0.6933950617283952,sciplex3_24h_top2000,3,test_size_matched_random,control_conditioned_nonlinear_benchmark,1729,1556,173,162,completed,0.2532479763031006,Benchmark-compatible control-conditioned nonlinear adaptation; not an original TranSiGen reproduction.
0.2329111294326345,0.07940062834344705,0.1574074074074074,0.6755555555555556,0.1897530864197531,0.6791358024691359,0.23558641975308636,0.6684567901234567,sciplex3_24h_top2000,3,train_test_size_matched_random,control_conditioned_nonlinear_benchmark,1145,1031,114,162,completed,0.16886615753173828,Benchmark-compatible control-conditioned nonlinear adaptation; not an original TranSiGen reproduction.
0.2781790514940756,0.08048243011423016,0.18098591549295776,0.7166197183098592,0.21338028169014084,0.7123239436619718,0.2650704225352113,0.6994718309859155,sciplex3_24h_top2000,4,test_size_matched_random,control_conditioned_nonlinear_benchmark,1766,1589,177,142,completed,0.2496950626373291,Benchmark-compatible control-conditioned nonlinear adaptation; not an original TranSiGen reproduction.
0.22558409698276824,0.08223499406933861,0.1623943661971831,0.6747887323943661,0.1917605633802817,0.6716901408450705,0.24088028169014084,0.6656690140845071,sciplex3_24h_top2000,4,train_test_size_matched_random,control_conditioned_nonlinear_benchmark,1177,1059,118,142,completed,0.17190194129943848,Benchmark-compatible control-conditioned nonlinear adaptation; not an original TranSiGen reproduction.
0.2603260562467165,0.07507265834388596,0.18458015267175573,0.6978625954198473,0.21435114503816793,0.6937404580152673,0.26366412213740464,0.680648854961832,sciplex3_24h_top2000,5,test_size_matched_random,control_conditioned_nonlinear_benchmark,1745,1571,174,131,completed,0.26381397247314453,Benchmark-compatible control-conditioned nonlinear adaptation; not an original TranSiGen reproduction.
0.2292207523971183,0.0764118948497675,0.18305343511450378,0.6661068702290076,0.20984732824427482,0.6688549618320611,0.25263358778625955,0.6605343511450382,sciplex3_24h_top2000,5,train_test_size_matched_random,control_conditioned_nonlinear_benchmark,1203,1083,120,131,completed,0.17485594749450684,Benchmark-compatible control-conditioned nonlinear adaptation; not an original TranSiGen reproduction.
0.2554004621989947,0.0797761790119483,0.16852713178294576,0.7071317829457364,0.19860465116279072,0.6959689922480621,0.24705426356589147,0.6844186046511628,sciplex3_24h_top2000,6,test_size_matched_random,control_conditioned_nonlinear_benchmark,1779,1601,178,129,completed,0.2566559314727783,Benchmark-compatible control-conditioned nonlinear adaptation; not an original TranSiGen reproduction.
0.27177771926433986,0.08080181946089812,0.19720930232558137,0.7009302325581395,0.22790697674418603,0.7006201550387596,0.2726356589147287,0.6925581395348838,sciplex3_24h_top2000,6,train_test_size_matched_random,control_conditioned_nonlinear_benchmark,1199,1079,120,129,completed,0.17858409881591797,Benchmark-compatible control-conditioned nonlinear adaptation; not an original TranSiGen reproduction.
0.27989993468842006,0.08412250459556041,0.20874172185430465,0.7137748344370861,0.22781456953642384,0.701456953642384,0.2746026490066225,0.6891721854304635,sciplex3_24h_top2000,7,test_size_matched_random,control_conditioned_nonlinear_benchmark,1766,1589,177,151,completed,0.2587418556213379,Benchmark-compatible control-conditioned nonlinear adaptation; not an original TranSiGen reproduction.
0.250256355564748,0.08569919582230692,0.1862251655629139,0.6941721854304637,0.20847682119205302,0.6835099337748344,0.25205298013245037,0.6696688741721855,sciplex3_24h_top2000,7,train_test_size_matched_random,control_conditioned_nonlinear_benchmark,1161,1045,116,151,completed,0.17577886581420898,Benchmark-compatible control-conditioned nonlinear adaptation; not an original TranSiGen reproduction.
0.3314839800986319,0.08448094315224003,0.2246268656716418,0.7382089552238805,0.24895522388059702,0.7306716417910448,0.29757462686567165,0.7213059701492538,sciplex3_24h_top2000,8,test_size_matched_random,control_conditioned_nonlinear_benchmark,1796,1616,180,134,completed,0.2592029571533203,Benchmark-compatible control-conditioned nonlinear adaptation; not an original TranSiGen reproduction.
0.2850373103959504,0.08684447003119548,0.20522388059701493,0.7107462686567164,0.22805970149253732,0.7006716417910449,0.27966417910447766,0.6888805970149254,sciplex3_24h_top2000,8,train_test_size_matched_random,control_conditioned_nonlinear_benchmark,1196,1076,120,134,completed,0.18086671829223633,Benchmark-compatible control-conditioned nonlinear adaptation; not an original TranSiGen reproduction.
0.27287053257138716,0.07629431229378301,0.18986111111111112,0.7088888888888889,0.22041666666666668,0.7004861111111111,0.26927083333333335,0.6884027777777777,sciplex3_24h_top2000,9,test_size_matched_random,control_conditioned_nonlinear_benchmark,1793,1614,179,144,completed,0.25701093673706055,Benchmark-compatible control-conditioned nonlinear adaptation; not an original TranSiGen reproduction.
0.21585682958309235,0.07811718734601418,0.15833333333333333,0.65625,0.18819444444444444,0.6540972222222222,0.23822916666666666,0.641701388888889,sciplex3_24h_top2000,9,train_test_size_matched_random,control_conditioned_nonlinear_benchmark,1186,1067,119,144,completed,0.18312811851501465,Benchmark-compatible control-conditioned nonlinear adaptation; not an original TranSiGen reproduction.
0.26721198261124735,0.07725494745332008,0.18781250000000002,0.7025,0.21625,0.6991406250000001,0.2623828125,0.6876562500000001,sciplex3_24h_top2000,10,test_size_matched_random,control_conditioned_nonlinear_benchmark,1755,1579,176,128,completed,0.25208210945129395,Benchmark-compatible control-conditioned nonlinear adaptation; not an original TranSiGen reproduction.
0.25544372782453895,0.07853111816688514,0.17281250000000004,0.7020312500000001,0.2028125,0.6975781249999999,0.2483984375,0.6782421875,sciplex3_24h_top2000,10,train_test_size_matched_random,control_conditioned_nonlinear_benchmark,1219,1097,122,128,completed,0.18066096305847168,Benchmark-compatible control-conditioned nonlinear adaptation; not an original TranSiGen reproduction.
0.2711453397709201,0.0758979964002969,0.19107913669064744,0.7117985611510791,0.21517985611510795,0.7061151079136692,0.2579496402877698,0.691474820143885,sciplex3_24h_top2000,11,test_size_matched_random,control_conditioned_nonlinear_benchmark,1750,1575,175,139,completed,0.25069284439086914,Benchmark-compatible control-conditioned nonlinear adaptation; not an original TranSiGen reproduction.
0.22502429788880887,0.07816402824038086,0.1981294964028777,0.6615827338129497,0.21187050359712228,0.6633093525179856,0.25129496402877693,0.6566187050359712,sciplex3_24h_top2000,11,train_test_size_matched_random,control_conditioned_nonlinear_benchmark,1190,1071,119,139,completed,0.1779778003692627,Benchmark-compatible control-conditioned nonlinear adaptation; not an original TranSiGen reproduction.
0.2968478012424761,0.08533228534503076,0.21000000000000002,0.725,0.2352205882352941,0.7209558823529412,0.2806985294117647,0.7064705882352941,sciplex3_24h_top2000,12,test_size_matched_random,control_conditioned_nonlinear_benchmark,1760,1584,176,136,completed,0.25490379333496094,Benchmark-compatible control-conditioned nonlinear adaptation; not an original TranSiGen reproduction.
0.2573940029669846,0.08695545412361279,0.18382352941176472,0.6870588235294117,0.21441176470588236,0.6838970588235294,0.2571691176470589,0.6735294117647058,sciplex3_24h_top2000,12,train_test_size_matched_random,control_conditioned_nonlinear_benchmark,1196,1076,120,136,completed,0.1766679286956787,Benchmark-compatible control-conditioned nonlinear adaptation; not an original TranSiGen reproduction.
0.2526785233260961,0.07900179818273993,0.17741496598639458,0.6979591836734694,0.20496598639455785,0.6959863945578233,0.2510204081632653,0.677312925170068,sciplex3_24h_top2000,13,test_size_matched_random,control_conditioned_nonlinear_benchmark,1761,1585,176,147,completed,0.2500159740447998,Benchmark-compatible control-conditioned nonlinear adaptation; not an original TranSiGen reproduction.
0.22691251242220692,0.07880151403344937,0.18244897959183673,0.6783673469387755,0.20510204081632652,0.6708163265306122,0.24285714285714288,0.656734693877551,sciplex3_24h_top2000,13,train_test_size_matched_random,control_conditioned_nonlinear_benchmark,1170,1053,117,147,completed,0.1736278533935547,Benchmark-compatible control-conditioned nonlinear adaptation; not an original TranSiGen reproduction.
0.25558997199866185,0.07316200283120433,0.17659090909090913,0.696590909090909,0.20323863636363634,0.6907386363636363,0.2526988636363636,0.6762215909090908,sciplex3_24h_top2000,14,test_size_matched_random,control_conditioned_nonlinear_benchmark,1743,1569,174,176,completed,0.24788308143615723,Benchmark-compatible control-conditioned nonlinear adaptation; not an original TranSiGen reproduction.
0.24125581225263285,0.07444009069215411,0.16909090909090913,0.6764772727272728,0.19874999999999998,0.6707954545454545,0.24914772727272724,0.6654545454545455,sciplex3_24h_top2000,14,train_test_size_matched_random,control_conditioned_nonlinear_benchmark,1111,1000,111,176,completed,0.16257572174072266,Benchmark-compatible control-conditioned nonlinear adaptation; not an original TranSiGen reproduction.
0.2758322491999499,0.07940744632900788,0.18769230769230769,0.707051282051282,0.21448717948717955,0.7014743589743591,0.2626282051282051,0.6923076923076923,sciplex3_24h_top2000,15,test_size_matched_random,control_conditioned_nonlinear_benchmark,1771,1594,177,156,completed,0.25124573707580566,Benchmark-compatible control-conditioned nonlinear adaptation; not an original TranSiGen reproduction.
0.22269693800656717,0.0810711701515331,0.17371794871794874,0.6632051282051281,0.19993589743589743,0.6606410256410257,0.24490384615384614,0.6510256410256411,sciplex3_24h_top2000,15,train_test_size_matched_random,control_conditioned_nonlinear_benchmark,1153,1038,115,156,completed,0.16965198516845703,Benchmark-compatible control-conditioned nonlinear adaptation; not an original TranSiGen reproduction.
0.2800058120332507,0.08453477069602713,0.20160583941605842,0.7081751824817519,0.23167883211678827,0.7013138686131387,0.2751459854014598,0.6912043795620437,sciplex3_24h_top2000,16,test_size_matched_random,control_conditioned_nonlinear_benchmark,1764,1588,176,137,completed,0.2547640800476074,Benchmark-compatible control-conditioned nonlinear adaptation; not an original TranSiGen reproduction.
0.2623595538951769,0.0862527781186076,0.1945985401459854,0.7023357664233577,0.22744525547445252,0.6995620437956205,0.2699270072992701,0.6885036496350364,sciplex3_24h_top2000,16,train_test_size_matched_random,control_conditioned_nonlinear_benchmark,1204,1084,120,137,completed,0.17776274681091309,Benchmark-compatible control-conditioned nonlinear adaptation; not an original TranSiGen reproduction.
0.2720510227336066,0.07303512211512499,0.1888571428571429,0.7068571428571429,0.21885714285714283,0.6987857142857141,0.2666428571428571,0.6861428571428573,sciplex3_24h_top2000,17,test_size_matched_random,control_conditioned_nonlinear_benchmark,1759,1583,176,140,completed,0.24930262565612793,Benchmark-compatible control-conditioned nonlinear adaptation; not an original TranSiGen reproduction.
0.26270584124602003,0.0739234547914187,0.195,0.6998571428571427,0.2247857142857143,0.6912142857142857,0.2642857142857143,0.6824642857142856,sciplex3_24h_top2000,17,train_test_size_matched_random,control_conditioned_nonlinear_benchmark,1188,1069,119,140,completed,0.1736438274383545,Benchmark-compatible control-conditioned nonlinear adaptation; not an original TranSiGen reproduction.
0.24303251336431678,0.07725079099612427,0.18930232558139537,0.6894186046511629,0.21244186046511626,0.6809302325581394,0.2550872093023256,0.6761046511627906,sciplex3_24h_top2000,18,test_size_matched_random,control_conditioned_nonlinear_benchmark,1750,1575,175,172,completed,0.24751782417297363,Benchmark-compatible control-conditioned nonlinear adaptation; not an original TranSiGen reproduction.
0.2219681559081277,0.07754880363854334,0.16674418604651162,0.6793023255813954,0.19127906976744188,0.6717441860465116,0.24052325581395348,0.6662209302325581,sciplex3_24h_top2000,18,train_test_size_matched_random,control_conditioned_nonlinear_benchmark,1127,1014,113,172,completed,0.1591799259185791,Benchmark-compatible control-conditioned nonlinear adaptation; not an original TranSiGen reproduction.
0.276748260777604,0.07813728389550292,0.20482758620689656,0.6993103448275862,0.23303448275862068,0.6942758620689655,0.27013793103448275,0.6892758620689655,sciplex3_24h_top2000,19,test_size_matched_random,control_conditioned_nonlinear_benchmark,1750,1575,175,145,completed,0.24712705612182617,Benchmark-compatible control-conditioned nonlinear adaptation; not an original TranSiGen reproduction.
0.26658255459555535,0.08002675585433093,0.19751724137931034,0.6910344827586207,0.22586206896551725,0.6871724137931033,0.266103448275862,0.6769310344827586,sciplex3_24h_top2000,19,train_test_size_matched_random,control_conditioned_nonlinear_benchmark,1169,1052,117,145,completed,0.17266631126403809,Benchmark-compatible control-conditioned nonlinear adaptation; not an original TranSiGen reproduction.
0.2596444664105009,0.07444998193471192,0.18363636363636363,0.7040559440559441,0.21328671328671328,0.6940559440559441,0.25765734265734264,0.6822027972027972,sciplex3_24h_top2000,20,test_size_matched_random,control_conditioned_nonlinear_benchmark,1750,1575,175,143,completed,0.2476201057434082,Benchmark-compatible control-conditioned nonlinear adaptation; not an original TranSiGen reproduction.
0.22417388564715643,0.0767886039061829,0.17188811188811187,0.6644755244755245,0.19832167832167832,0.6634965034965035,0.24164335664335665,0.657027972027972,sciplex3_24h_top2000,20,train_test_size_matched_random,control_conditioned_nonlinear_benchmark,1181,1063,118,143,completed,0.17423295974731445,Benchmark-compatible control-conditioned nonlinear adaptation; not an original TranSiGen reproduction.
0.24276428549427886,0.07748643979390317,0.17043478260869568,0.688695652173913,0.19471014492753624,0.6806521739130434,0.24557971014492755,0.6681884057971015,sciplex3_24h_top2000,21,test_size_matched_random,control_conditioned_nonlinear_benchmark,1764,1588,176,138,completed,0.25935912132263184,Benchmark-compatible control-conditioned nonlinear adaptation; not an original TranSiGen reproduction.
0.22656021353802985,0.07808771313000845,0.16579710144927534,0.6740579710144927,0.19666666666666668,0.6640579710144927,0.243731884057971,0.6530072463768116,sciplex3_24h_top2000,21,train_test_size_matched_random,control_conditioned_nonlinear_benchmark,1191,1072,119,138,completed,0.17853021621704102,Benchmark-compatible control-conditioned nonlinear adaptation; not an original TranSiGen reproduction.
0.32576150384069136,0.0873656290474623,0.20503496503496507,0.7446153846153846,0.23391608391608393,0.7346853146853147,0.2865734265734266,0.7246503496503497,sciplex3_24h_top2000,22,test_size_matched_random,control_conditioned_nonlinear_benchmark,1744,1570,174,143,completed,0.25370073318481445,Benchmark-compatible control-conditioned nonlinear adaptation; not an original TranSiGen reproduction.
0.29035667016401956,0.09090986191310721,0.18223776223776225,0.7223776223776225,0.2123776223776224,0.7188111888111888,0.2688111888111889,0.7051398601398602,sciplex3_24h_top2000,22,train_test_size_matched_random,control_conditioned_nonlinear_benchmark,1187,1068,119,143,completed,0.17868709564208984,Benchmark-compatible control-conditioned nonlinear adaptation; not an original TranSiGen reproduction.
0.2784645432622735,0.0849433874357387,0.20132352941176473,0.7098529411764706,0.22433823529411764,0.7033823529411765,0.2625,0.6858455882352942,sciplex3_24h_top2000,23,test_size_matched_random,control_conditioned_nonlinear_benchmark,1783,1605,178,136,completed,0.2601499557495117,Benchmark-compatible control-conditioned nonlinear adaptation; not an original TranSiGen reproduction.
0.255930440618476,0.08591597397175113,0.17147058823529412,0.6952941176470588,0.19955882352941173,0.6858088235294117,0.24915441176470587,0.6759558823529412,sciplex3_24h_top2000,23,train_test_size_matched_random,control_conditioned_nonlinear_benchmark,1189,1070,119,136,completed,0.1736748218536377,Benchmark-compatible control-conditioned nonlinear adaptation; not an original TranSiGen reproduction.
0.2599161111185037,0.07810404443628403,0.19686567164179103,0.6988059701492537,0.21999999999999997,0.6824626865671641,0.2658208955223881,0.6677611940298507,sciplex3_24h_top2000,24,test_size_matched_random,control_conditioned_nonlinear_benchmark,1763,1587,176,134,completed,0.2505640983581543,Benchmark-compatible control-conditioned nonlinear adaptation; not an original TranSiGen reproduction.
0.22561961929481603,0.07942202825845837,0.18313432835820895,0.6674626865671641,0.20440298507462684,0.661641791044776,0.2513432835820896,0.6467910447761194,sciplex3_24h_top2000,24,train_test_size_matched_random,control_conditioned_nonlinear_benchmark,1191,1072,119,134,completed,0.1733710765838623,Benchmark-compatible control-conditioned nonlinear adaptation; not an original TranSiGen reproduction.
0.2888355906976185,0.07684560713920792,0.20818181818181816,0.7360606060606061,0.2365909090909091,0.7234090909090908,0.2797348484848485,0.706590909090909,sciplex3_24h_top2000,25,test_size_matched_random,control_conditioned_nonlinear_benchmark,1751,1576,175,132,completed,0.24947810173034668,Benchmark-compatible control-conditioned nonlinear adaptation; not an original TranSiGen reproduction.
0.25731501730193795,0.07936008437171171,0.20303030303030303,0.7007575757575758,0.2286363636363636,0.6950757575757576,0.26928030303030304,0.6851515151515153,sciplex3_24h_top2000,25,train_test_size_matched_random,control_conditioned_nonlinear_benchmark,1212,1091,121,132,completed,0.17750287055969238,Benchmark-compatible control-conditioned nonlinear adaptation; not an original TranSiGen reproduction.
0.21974657147546575,0.0786134117859463,0.16,0.6624460431654676,0.18964028776978417,0.6627338129496403,0.2424820143884892,0.6543884892086331,sciplex3_24h_top2000,26,test_size_matched_random,control_conditioned_nonlinear_benchmark,1769,1592,177,139,completed,0.2511780261993408,Benchmark-compatible control-conditioned nonlinear adaptation; not an original TranSiGen reproduction.
0.21938759205937677,0.07976446280989845,0.15942446043165467,0.657410071942446,0.19287769784172665,0.6553237410071941,0.24697841726618705,0.6511870503597122,sciplex3_24h_top2000,26,train_test_size_matched_random,control_conditioned_nonlinear_benchmark,1181,1063,118,139,completed,0.17177224159240723,Benchmark-compatible control-conditioned nonlinear adaptation; not an original TranSiGen reproduction.
0.2701977225419579,0.07988027472800625,0.196793893129771,0.7,0.22580152671755724,0.6985496183206106,0.2684351145038168,0.6817557251908397,sciplex3_24h_top2000,27,test_size_matched_random,control_conditioned_nonlinear_benchmark,1760,1584,176,131,completed,0.2483980655670166,Benchmark-compatible control-conditioned nonlinear adaptation; not an original TranSiGen reproduction.
0.27548472704953,0.08108780431766839,0.18610687022900763,0.711145038167939,0.21427480916030534,0.70206106870229,0.2598854961832061,0.6906106870229007,sciplex3_24h_top2000,27,train_test_size_matched_random,control_conditioned_nonlinear_benchmark,1214,1093,121,131,completed,0.17631077766418457,Benchmark-compatible control-conditioned nonlinear adaptation; not an original TranSiGen reproduction.
0.30098240220884126,0.07544896181965859,0.19897810218978104,0.725985401459854,0.23007299270072995,0.7227737226277372,0.279963503649635,0.7161678832116788,sciplex3_24h_top2000,28,test_size_matched_random,control_conditioned_nonlinear_benchmark,1767,1590,177,137,completed,0.2492821216583252,Benchmark-compatible control-conditioned nonlinear adaptation; not an original TranSiGen reproduction.
0.24416180535895862,0.07848173303394092,0.1691970802919708,0.6732846715328468,0.2035036496350365,0.6783941605839416,0.2514233576642336,0.6672992700729927,sciplex3_24h_top2000,28,train_test_size_matched_random,control_conditioned_nonlinear_benchmark,1214,1093,121,137,completed,0.17846894264221191,Benchmark-compatible control-conditioned nonlinear adaptation; not an original TranSiGen reproduction.
0.3017569962829881,0.08192130496941327,0.21871428571428572,0.7242857142857143,0.2443571428571428,0.7194285714285714,0.28782142857142856,0.709,sciplex3_24h_top2000,29,test_size_matched_random,control_conditioned_nonlinear_benchmark,1794,1615,179,140,completed,0.2575068473815918,Benchmark-compatible control-conditioned nonlinear adaptation; not an original TranSiGen reproduction.
0.24820627938055928,0.08317566007505817,0.17185714285714287,0.6772857142857143,0.20935714285714288,0.6700714285714285,0.26000000000000006,0.6605000000000001,sciplex3_24h_top2000,29,train_test_size_matched_random,control_conditioned_nonlinear_benchmark,1184,1066,118,140,completed,0.17577290534973145,Benchmark-compatible control-conditioned nonlinear adaptation; not an original TranSiGen reproduction.
0.2684889729202769,0.07830643124902598,0.19048275862068967,0.6975172413793103,0.21855172413793103,0.6930344827586208,0.2642758620689655,0.683655172413793,sciplex3_24h_top2000,30,test_size_matched_random,control_conditioned_nonlinear_benchmark,1785,1607,178,145,completed,0.2530848979949951,Benchmark-compatible control-conditioned nonlinear adaptation; not an original TranSiGen reproduction.
0.24536851524763675,0.08036745394219919,0.18317241379310345,0.683448275862069,0.20917241379310345,0.676551724137931,0.252,0.6691379310344828,sciplex3_24h_top2000,30,train_test_size_matched_random,control_conditioned_nonlinear_benchmark,1173,1056,117,145,completed,0.18070006370544434,Benchmark-compatible control-conditioned nonlinear adaptation; not an original TranSiGen reproduction.
