mean_all_gene_pearson,control,mean_all_gene_rmse,mean_top50_overlap,mean_top50_direction_agreement,mean_top100_overlap,mean_top100_direction_agreement,mean_top200_overlap,mean_top200_direction_agreement,dataset,seed,split_type,model_name,n_train,n_fit,n_val,n_test,status,runtime_seconds,notes,joint_pearson,joint_n_train,joint_n_test,difference
0.2686419272542396,test_size_matched_random,0.072564390391889,0.1977777777777777,0.6984722222222222,0.2290972222222221,0.6927083333333334,0.2724305555555555,0.6836458333333333,sciplex3_24h_top2000,1,test_size_matched_random,control_conditioned_nonlinear_benchmark,1767,1590,177,144,completed,0.6553547382354736,Benchmark-compatible control-conditioned nonlinear adaptation; not an original TranSiGen reproduction.,0.0270159516649453,1173,144,0.24162597558929427
0.2942854173051624,test_size_matched_random,0.085932976523753,0.2017322834645669,0.7244094488188976,0.2325984251968504,0.7166929133858269,0.2766535433070865,0.7003937007874015,sciplex3_24h_top2000,2,test_size_matched_random,control_conditioned_nonlinear_benchmark,1742,1568,174,127,completed,0.2470800876617431,Benchmark-compatible control-conditioned nonlinear adaptation; not an original TranSiGen reproduction.,-0.0066654242123314,1226,127,0.3009508415174938
0.2794391186052256,test_size_matched_random,0.0793502998469941,0.197037037037037,0.7165432098765432,0.2234567901234568,0.7084567901234567,0.2672530864197531,0.6933950617283952,sciplex3_24h_top2000,3,test_size_matched_random,control_conditioned_nonlinear_benchmark,1729,1556,173,162,completed,0.2532479763031006,Benchmark-compatible control-conditioned nonlinear adaptation; not an original TranSiGen reproduction.,0.0272799409668756,1145,162,0.25215917763835
0.2781790514940756,test_size_matched_random,0.0804824301142301,0.1809859154929577,0.7166197183098592,0.2133802816901408,0.7123239436619718,0.2650704225352113,0.6994718309859155,sciplex3_24h_top2000,4,test_size_matched_random,control_conditioned_nonlinear_benchmark,1766,1589,177,142,completed,0.2496950626373291,Benchmark-compatible control-conditioned nonlinear adaptation; not an original TranSiGen reproduction.,0.0076400956252264,1177,142,0.27053895586884924
0.2603260562467165,test_size_matched_random,0.0750726583438859,0.1845801526717557,0.6978625954198473,0.2143511450381679,0.6937404580152673,0.2636641221374046,0.680648854961832,sciplex3_24h_top2000,5,test_size_matched_random,control_conditioned_nonlinear_benchmark,1745,1571,174,131,completed,0.2638139724731445,Benchmark-compatible control-conditioned nonlinear adaptation; not an original TranSiGen reproduction.,0.0176464670106936,1203,131,0.2426795892360229
0.2554004621989947,test_size_matched_random,0.0797761790119483,0.1685271317829457,0.7071317829457364,0.1986046511627907,0.6959689922480621,0.2470542635658914,0.6844186046511628,sciplex3_24h_top2000,6,test_size_matched_random,control_conditioned_nonlinear_benchmark,1779,1601,178,129,completed,0.2566559314727783,Benchmark-compatible control-conditioned nonlinear adaptation; not an original TranSiGen reproduction.,-0.0295209896537088,1199,129,0.2849214518527035
0.27989993468842,test_size_matched_random,0.0841225045955604,0.2087417218543046,0.7137748344370861,0.2278145695364238,0.701456953642384,0.2746026490066225,0.6891721854304635,sciplex3_24h_top2000,7,test_size_matched_random,control_conditioned_nonlinear_benchmark,1766,1589,177,151,completed,0.2587418556213379,Benchmark-compatible control-conditioned nonlinear adaptation; not an original TranSiGen reproduction.,0.0406653611513384,1161,151,0.2392345735370816
0.3314839800986319,test_size_matched_random,0.08448094315224,0.2246268656716418,0.7382089552238805,0.248955223880597,0.7306716417910448,0.2975746268656716,0.7213059701492538,sciplex3_24h_top2000,8,test_size_matched_random,control_conditioned_nonlinear_benchmark,1796,1616,180,134,completed,0.2592029571533203,Benchmark-compatible control-conditioned nonlinear adaptation; not an original TranSiGen reproduction.,0.0312047250929563,1196,134,0.3002792550056756
0.2728705325713871,test_size_matched_random,0.076294312293783,0.1898611111111111,0.7088888888888889,0.2204166666666666,0.7004861111111111,0.2692708333333333,0.6884027777777777,sciplex3_24h_top2000,9,test_size_matched_random,control_conditioned_nonlinear_benchmark,1793,1614,179,144,completed,0.2570109367370605,Benchmark-compatible control-conditioned nonlinear adaptation; not an original TranSiGen reproduction.,7.957559008997104e-05,1186,144,0.27279095698129713
0.2672119826112473,test_size_matched_random,0.07725494745332,0.1878125,0.7025,0.21625,0.6991406250000001,0.2623828125,0.6876562500000001,sciplex3_24h_top2000,10,test_size_matched_random,control_conditioned_nonlinear_benchmark,1755,1579,176,128,completed,0.2520821094512939,Benchmark-compatible control-conditioned nonlinear adaptation; not an original TranSiGen reproduction.,0.0145273686562626,1219,128,0.2526846139549847
0.2711453397709201,test_size_matched_random,0.0758979964002969,0.1910791366906474,0.7117985611510791,0.2151798561151079,0.7061151079136692,0.2579496402877698,0.691474820143885,sciplex3_24h_top2000,11,test_size_matched_random,control_conditioned_nonlinear_benchmark,1750,1575,175,139,completed,0.2506928443908691,Benchmark-compatible control-conditioned nonlinear adaptation; not an original TranSiGen reproduction.,0.0434014828173028,1190,139,0.2277438569536173
0.2968478012424761,test_size_matched_random,0.0853322853450307,0.21,0.725,0.2352205882352941,0.7209558823529412,0.2806985294117647,0.7064705882352941,sciplex3_24h_top2000,12,test_size_matched_random,control_conditioned_nonlinear_benchmark,1760,1584,176,136,completed,0.2549037933349609,Benchmark-compatible control-conditioned nonlinear adaptation; not an original TranSiGen reproduction.,0.008892210318182,1196,136,0.2879555909242941
0.2526785233260961,test_size_matched_random,0.0790017981827399,0.1774149659863945,0.6979591836734694,0.2049659863945578,0.6959863945578233,0.2510204081632653,0.677312925170068,sciplex3_24h_top2000,13,test_size_matched_random,control_conditioned_nonlinear_benchmark,1761,1585,176,147,completed,0.2500159740447998,Benchmark-compatible control-conditioned nonlinear adaptation; not an original TranSiGen reproduction.,0.0332520326902998,1170,147,0.21942649063579628
0.2555899719986618,test_size_matched_random,0.0731620028312043,0.1765909090909091,0.696590909090909,0.2032386363636363,0.6907386363636363,0.2526988636363636,0.6762215909090908,sciplex3_24h_top2000,14,test_size_matched_random,control_conditioned_nonlinear_benchmark,1743,1569,174,176,completed,0.2478830814361572,Benchmark-compatible control-conditioned nonlinear adaptation; not an original TranSiGen reproduction.,0.0179798864578779,1111,176,0.2376100855407839
0.2758322491999499,test_size_matched_random,0.0794074463290078,0.1876923076923076,0.707051282051282,0.2144871794871795,0.7014743589743591,0.2626282051282051,0.6923076923076923,sciplex3_24h_top2000,15,test_size_matched_random,control_conditioned_nonlinear_benchmark,1771,1594,177,156,completed,0.2512457370758056,Benchmark-compatible control-conditioned nonlinear adaptation; not an original TranSiGen reproduction.,0.0056529007159838,1153,156,0.27017934848396613
0.2800058120332507,test_size_matched_random,0.0845347706960271,0.2016058394160584,0.7081751824817519,0.2316788321167882,0.7013138686131387,0.2751459854014598,0.6912043795620437,sciplex3_24h_top2000,16,test_size_matched_random,control_conditioned_nonlinear_benchmark,1764,1588,176,137,completed,0.2547640800476074,Benchmark-compatible control-conditioned nonlinear adaptation; not an original TranSiGen reproduction.,0.0354439914156715,1204,137,0.2445618206175792
0.2720510227336066,test_size_matched_random,0.0730351221151249,0.1888571428571429,0.7068571428571429,0.2188571428571428,0.6987857142857141,0.2666428571428571,0.6861428571428573,sciplex3_24h_top2000,17,test_size_matched_random,control_conditioned_nonlinear_benchmark,1759,1583,176,140,completed,0.2493026256561279,Benchmark-compatible control-conditioned nonlinear adaptation; not an original TranSiGen reproduction.,0.0291458819098824,1188,140,0.2429051408237242
0.2430325133643167,test_size_matched_random,0.0772507909961242,0.1893023255813953,0.6894186046511629,0.2124418604651162,0.6809302325581394,0.2550872093023256,0.6761046511627906,sciplex3_24h_top2000,18,test_size_matched_random,control_conditioned_nonlinear_benchmark,1750,1575,175,172,completed,0.2475178241729736,Benchmark-compatible control-conditioned nonlinear adaptation; not an original TranSiGen reproduction.,0.0177847694225243,1127,172,0.2252477439417924
0.276748260777604,test_size_matched_random,0.0781372838955029,0.2048275862068965,0.6993103448275862,0.2330344827586206,0.6942758620689655,0.2701379310344827,0.6892758620689655,sciplex3_24h_top2000,19,test_size_matched_random,control_conditioned_nonlinear_benchmark,1750,1575,175,145,completed,0.2471270561218261,Benchmark-compatible control-conditioned nonlinear adaptation; not an original TranSiGen reproduction.,0.0292379331632618,1169,145,0.24751032761434222
0.2596444664105009,test_size_matched_random,0.0744499819347119,0.1836363636363636,0.7040559440559441,0.2132867132867132,0.6940559440559441,0.2576573426573426,0.6822027972027972,sciplex3_24h_top2000,20,test_size_matched_random,control_conditioned_nonlinear_benchmark,1750,1575,175,143,completed,0.2476201057434082,Benchmark-compatible control-conditioned nonlinear adaptation; not an original TranSiGen reproduction.,0.0268800578734623,1181,143,0.23276440853703856
0.2427642854942788,test_size_matched_random,0.0774864397939031,0.1704347826086956,0.688695652173913,0.1947101449275362,0.6806521739130434,0.2455797101449275,0.6681884057971015,sciplex3_24h_top2000,21,test_size_matched_random,control_conditioned_nonlinear_benchmark,1764,1588,176,138,completed,0.2593591213226318,Benchmark-compatible control-conditioned nonlinear adaptation; not an original TranSiGen reproduction.,-0.0084007563898247,1191,138,0.2511650418841035
0.3257615038406913,test_size_matched_random,0.0873656290474623,0.205034965034965,0.7446153846153846,0.2339160839160839,0.7346853146853147,0.2865734265734266,0.7246503496503497,sciplex3_24h_top2000,22,test_size_matched_random,control_conditioned_nonlinear_benchmark,1744,1570,174,143,completed,0.2537007331848144,Benchmark-compatible control-conditioned nonlinear adaptation; not an original TranSiGen reproduction.,-0.0170171965366338,1187,143,0.3427787003773251
0.2784645432622735,test_size_matched_random,0.0849433874357387,0.2013235294117647,0.7098529411764706,0.2243382352941176,0.7033823529411765,0.2625,0.6858455882352942,sciplex3_24h_top2000,23,test_size_matched_random,control_conditioned_nonlinear_benchmark,1783,1605,178,136,completed,0.2601499557495117,Benchmark-compatible control-conditioned nonlinear adaptation; not an original TranSiGen reproduction.,0.031112685511198,1189,136,0.2473518577510755
0.2599161111185037,test_size_matched_random,0.078104044436284,0.196865671641791,0.6988059701492537,0.2199999999999999,0.6824626865671641,0.2658208955223881,0.6677611940298507,sciplex3_24h_top2000,24,test_size_matched_random,control_conditioned_nonlinear_benchmark,1763,1587,176,134,completed,0.2505640983581543,Benchmark-compatible control-conditioned nonlinear adaptation; not an original TranSiGen reproduction.,0.0182974560521502,1191,134,0.24161865506635352
0.2888355906976185,test_size_matched_random,0.0768456071392079,0.2081818181818181,0.7360606060606061,0.2365909090909091,0.7234090909090908,0.2797348484848485,0.706590909090909,sciplex3_24h_top2000,25,test_size_matched_random,control_conditioned_nonlinear_benchmark,1751,1576,175,132,completed,0.2494781017303466,Benchmark-compatible control-conditioned nonlinear adaptation; not an original TranSiGen reproduction.,0.0136062510324027,1212,132,0.2752293396652158
0.2197465714754657,test_size_matched_random,0.0786134117859463,0.16,0.6624460431654676,0.1896402877697841,0.6627338129496403,0.2424820143884892,0.6543884892086331,sciplex3_24h_top2000,26,test_size_matched_random,control_conditioned_nonlinear_benchmark,1769,1592,177,139,completed,0.2511780261993408,Benchmark-compatible control-conditioned nonlinear adaptation; not an original TranSiGen reproduction.,0.0048848267945979,1181,139,0.2148617446808678
0.2701977225419579,test_size_matched_random,0.0798802747280062,0.196793893129771,0.7,0.2258015267175572,0.6985496183206106,0.2684351145038168,0.6817557251908397,sciplex3_24h_top2000,27,test_size_matched_random,control_conditioned_nonlinear_benchmark,1760,1584,176,131,completed,0.2483980655670166,Benchmark-compatible control-conditioned nonlinear adaptation; not an original TranSiGen reproduction.,0.0217985088382562,1214,131,0.2483992137037017
0.3009824022088412,test_size_matched_random,0.0754489618196585,0.198978102189781,0.725985401459854,0.2300729927007299,0.7227737226277372,0.279963503649635,0.7161678832116788,sciplex3_24h_top2000,28,test_size_matched_random,control_conditioned_nonlinear_benchmark,1767,1590,177,137,completed,0.2492821216583252,Benchmark-compatible control-conditioned nonlinear adaptation; not an original TranSiGen reproduction.,0.0156756934552541,1214,137,0.2853067087535871
0.3017569962829881,test_size_matched_random,0.0819213049694132,0.2187142857142857,0.7242857142857143,0.2443571428571428,0.7194285714285714,0.2878214285714285,0.709,sciplex3_24h_top2000,29,test_size_matched_random,control_conditioned_nonlinear_benchmark,1794,1615,179,140,completed,0.2575068473815918,Benchmark-compatible control-conditioned nonlinear adaptation; not an original TranSiGen reproduction.,0.0196389448299584,1184,140,0.2821180514530297
0.2684889729202769,test_size_matched_random,0.0783064312490259,0.1904827586206896,0.6975172413793103,0.218551724137931,0.6930344827586208,0.2642758620689655,0.683655172413793,sciplex3_24h_top2000,30,test_size_matched_random,control_conditioned_nonlinear_benchmark,1785,1607,178,145,completed,0.2530848979949951,Benchmark-compatible control-conditioned nonlinear adaptation; not an original TranSiGen reproduction.,0.031072059763494,1173,145,0.2374169131567829
0.2328012011884264,train_test_size_matched_random,0.074171054143333,0.1672222222222222,0.6779166666666667,0.1974305555555555,0.6719444444444445,0.2444444444444444,0.6603125000000001,sciplex3_24h_top2000,1,train_test_size_matched_random,control_conditioned_nonlinear_benchmark,1173,1056,117,144,completed,0.1769027709960937,Benchmark-compatible control-conditioned nonlinear adaptation; not an original TranSiGen reproduction.,0.0270159516649453,1173,144,0.2057852495234811
0.2445369023270432,train_test_size_matched_random,0.0875055652732705,0.1908661417322834,0.6837795275590551,0.2103937007874016,0.6774015748031497,0.2542125984251968,0.6692913385826772,sciplex3_24h_top2000,2,train_test_size_matched_random,control_conditioned_nonlinear_benchmark,1226,1103,123,127,completed,0.1764490604400634,Benchmark-compatible control-conditioned nonlinear adaptation; not an original TranSiGen reproduction.,-0.0066654242123314,1226,127,0.2512023265393746
0.2329111294326345,train_test_size_matched_random,0.079400628343447,0.1574074074074074,0.6755555555555556,0.1897530864197531,0.6791358024691359,0.2355864197530863,0.6684567901234567,sciplex3_24h_top2000,3,train_test_size_matched_random,control_conditioned_nonlinear_benchmark,1145,1031,114,162,completed,0.1688661575317382,Benchmark-compatible control-conditioned nonlinear adaptation; not an original TranSiGen reproduction.,0.0272799409668756,1145,162,0.2056311884657589
0.2255840969827682,train_test_size_matched_random,0.0822349940693386,0.1623943661971831,0.6747887323943661,0.1917605633802817,0.6716901408450705,0.2408802816901408,0.6656690140845071,sciplex3_24h_top2000,4,train_test_size_matched_random,control_conditioned_nonlinear_benchmark,1177,1059,118,142,completed,0.1719019412994384,Benchmark-compatible control-conditioned nonlinear adaptation; not an original TranSiGen reproduction.,0.0076400956252264,1177,142,0.2179440013575418
0.2292207523971183,train_test_size_matched_random,0.0764118948497675,0.1830534351145037,0.6661068702290076,0.2098473282442748,0.6688549618320611,0.2526335877862595,0.6605343511450382,sciplex3_24h_top2000,5,train_test_size_matched_random,control_conditioned_nonlinear_benchmark,1203,1083,120,131,completed,0.1748559474945068,Benchmark-compatible control-conditioned nonlinear adaptation; not an original TranSiGen reproduction.,0.0176464670106936,1203,131,0.2115742853864247
0.2717777192643398,train_test_size_matched_random,0.0808018194608981,0.1972093023255813,0.7009302325581395,0.227906976744186,0.7006201550387596,0.2726356589147287,0.6925581395348838,sciplex3_24h_top2000,6,train_test_size_matched_random,control_conditioned_nonlinear_benchmark,1199,1079,120,129,completed,0.1785840988159179,Benchmark-compatible control-conditioned nonlinear adaptation; not an original TranSiGen reproduction.,-0.0295209896537088,1199,129,0.3012987089180486
0.250256355564748,train_test_size_matched_random,0.0856991958223069,0.1862251655629139,0.6941721854304637,0.208476821192053,0.6835099337748344,0.2520529801324503,0.6696688741721855,sciplex3_24h_top2000,7,train_test_size_matched_random,control_conditioned_nonlinear_benchmark,1161,1045,116,151,completed,0.1757788658142089,Benchmark-compatible control-conditioned nonlinear adaptation; not an original TranSiGen reproduction.,0.0406653611513384,1161,151,0.20959099441340961
0.2850373103959504,train_test_size_matched_random,0.0868444700311954,0.2052238805970149,0.7107462686567164,0.2280597014925373,0.7006716417910449,0.2796641791044776,0.6888805970149254,sciplex3_24h_top2000,8,train_test_size_matched_random,control_conditioned_nonlinear_benchmark,1196,1076,120,134,completed,0.1808667182922363,Benchmark-compatible control-conditioned nonlinear adaptation; not an original TranSiGen reproduction.,0.0312047250929563,1196,134,0.25383258530299413
0.2158568295830923,train_test_size_matched_random,0.0781171873460141,0.1583333333333333,0.65625,0.1881944444444444,0.6540972222222222,0.2382291666666666,0.641701388888889,sciplex3_24h_top2000,9,train_test_size_matched_random,control_conditioned_nonlinear_benchmark,1186,1067,119,144,completed,0.1831281185150146,Benchmark-compatible control-conditioned nonlinear adaptation; not an original TranSiGen reproduction.,7.957559008997104e-05,1186,144,0.21577725399300232
0.2554437278245389,train_test_size_matched_random,0.0785311181668851,0.1728125,0.7020312500000001,0.2028125,0.6975781249999999,0.2483984375,0.6782421875,sciplex3_24h_top2000,10,train_test_size_matched_random,control_conditioned_nonlinear_benchmark,1219,1097,122,128,completed,0.1806609630584716,Benchmark-compatible control-conditioned nonlinear adaptation; not an original TranSiGen reproduction.,0.0145273686562626,1219,128,0.24091635916827628
0.2250242978888088,train_test_size_matched_random,0.0781640282403808,0.1981294964028777,0.6615827338129497,0.2118705035971222,0.6633093525179856,0.2512949640287769,0.6566187050359712,sciplex3_24h_top2000,11,train_test_size_matched_random,control_conditioned_nonlinear_benchmark,1190,1071,119,139,completed,0.1779778003692627,Benchmark-compatible control-conditioned nonlinear adaptation; not an original TranSiGen reproduction.,0.0434014828173028,1190,139,0.181622815071506
0.2573940029669846,train_test_size_matched_random,0.0869554541236127,0.1838235294117647,0.6870588235294117,0.2144117647058823,0.6838970588235294,0.2571691176470589,0.6735294117647058,sciplex3_24h_top2000,12,train_test_size_matched_random,control_conditioned_nonlinear_benchmark,1196,1076,120,136,completed,0.1766679286956787,Benchmark-compatible control-conditioned nonlinear adaptation; not an original TranSiGen reproduction.,0.008892210318182,1196,136,0.24850179264880262
0.2269125124222069,train_test_size_matched_random,0.0788015140334493,0.1824489795918367,0.6783673469387755,0.2051020408163265,0.6708163265306122,0.2428571428571428,0.656734693877551,sciplex3_24h_top2000,13,train_test_size_matched_random,control_conditioned_nonlinear_benchmark,1170,1053,117,147,completed,0.1736278533935547,Benchmark-compatible control-conditioned nonlinear adaptation; not an original TranSiGen reproduction.,0.0332520326902998,1170,147,0.1936604797319071
0.2412558122526328,train_test_size_matched_random,0.0744400906921541,0.1690909090909091,0.6764772727272728,0.1987499999999999,0.6707954545454545,0.2491477272727272,0.6654545454545455,sciplex3_24h_top2000,14,train_test_size_matched_random,control_conditioned_nonlinear_benchmark,1111,1000,111,176,completed,0.1625757217407226,Benchmark-compatible control-conditioned nonlinear adaptation; not an original TranSiGen reproduction.,0.0179798864578779,1111,176,0.2232759257947549
0.2226969380065671,train_test_size_matched_random,0.0810711701515331,0.1737179487179487,0.6632051282051281,0.1999358974358974,0.6606410256410257,0.2449038461538461,0.6510256410256411,sciplex3_24h_top2000,15,train_test_size_matched_random,control_conditioned_nonlinear_benchmark,1153,1038,115,156,completed,0.169651985168457,Benchmark-compatible control-conditioned nonlinear adaptation; not an original TranSiGen reproduction.,0.0056529007159838,1153,156,0.2170440372905833
0.2623595538951769,train_test_size_matched_random,0.0862527781186076,0.1945985401459854,0.7023357664233577,0.2274452554744525,0.6995620437956205,0.2699270072992701,0.6885036496350364,sciplex3_24h_top2000,16,train_test_size_matched_random,control_conditioned_nonlinear_benchmark,1204,1084,120,137,completed,0.177762746810913,Benchmark-compatible control-conditioned nonlinear adaptation; not an original TranSiGen reproduction.,0.0354439914156715,1204,137,0.2269155624795054
0.26270584124602,train_test_size_matched_random,0.0739234547914187,0.195,0.6998571428571427,0.2247857142857143,0.6912142857142857,0.2642857142857143,0.6824642857142856,sciplex3_24h_top2000,17,train_test_size_matched_random,control_conditioned_nonlinear_benchmark,1188,1069,119,140,completed,0.1736438274383545,Benchmark-compatible control-conditioned nonlinear adaptation; not an original TranSiGen reproduction.,0.0291458819098824,1188,140,0.23355995933613757
0.2219681559081277,train_test_size_matched_random,0.0775488036385433,0.1667441860465116,0.6793023255813954,0.1912790697674418,0.6717441860465116,0.2405232558139534,0.6662209302325581,sciplex3_24h_top2000,18,train_test_size_matched_random,control_conditioned_nonlinear_benchmark,1127,1014,113,172,completed,0.1591799259185791,Benchmark-compatible control-conditioned nonlinear adaptation; not an original TranSiGen reproduction.,0.0177847694225243,1127,172,0.2041833864856034
0.2665825545955553,train_test_size_matched_random,0.0800267558543309,0.1975172413793103,0.6910344827586207,0.2258620689655172,0.6871724137931033,0.266103448275862,0.6769310344827586,sciplex3_24h_top2000,19,train_test_size_matched_random,control_conditioned_nonlinear_benchmark,1169,1052,117,145,completed,0.172666311264038,Benchmark-compatible control-conditioned nonlinear adaptation; not an original TranSiGen reproduction.,0.0292379331632618,1169,145,0.2373446214322935
0.2241738856471564,train_test_size_matched_random,0.0767886039061829,0.1718881118881118,0.6644755244755245,0.1983216783216783,0.6634965034965035,0.2416433566433566,0.657027972027972,sciplex3_24h_top2000,20,train_test_size_matched_random,control_conditioned_nonlinear_benchmark,1181,1063,118,143,completed,0.1742329597473144,Benchmark-compatible control-conditioned nonlinear adaptation; not an original TranSiGen reproduction.,0.0268800578734623,1181,143,0.19729382777369409
0.2265602135380298,train_test_size_matched_random,0.0780877131300084,0.1657971014492753,0.6740579710144927,0.1966666666666666,0.6640579710144927,0.243731884057971,0.6530072463768116,sciplex3_24h_top2000,21,train_test_size_matched_random,control_conditioned_nonlinear_benchmark,1191,1072,119,138,completed,0.178530216217041,Benchmark-compatible control-conditioned nonlinear adaptation; not an original TranSiGen reproduction.,-0.0084007563898247,1191,138,0.2349609699278545
0.2903566701640195,train_test_size_matched_random,0.0909098619131072,0.1822377622377622,0.7223776223776225,0.2123776223776224,0.7188111888111888,0.2688111888111889,0.7051398601398602,sciplex3_24h_top2000,22,train_test_size_matched_random,control_conditioned_nonlinear_benchmark,1187,1068,119,143,completed,0.1786870956420898,Benchmark-compatible control-conditioned nonlinear adaptation; not an original TranSiGen reproduction.,-0.0170171965366338,1187,143,0.3073738667006533
0.255930440618476,train_test_size_matched_random,0.0859159739717511,0.1714705882352941,0.6952941176470588,0.1995588235294117,0.6858088235294117,0.2491544117647058,0.6759558823529412,sciplex3_24h_top2000,23,train_test_size_matched_random,control_conditioned_nonlinear_benchmark,1189,1070,119,136,completed,0.1736748218536377,Benchmark-compatible control-conditioned nonlinear adaptation; not an original TranSiGen reproduction.,0.031112685511198,1189,136,0.22481775510727797
0.225619619294816,train_test_size_matched_random,0.0794220282584583,0.1831343283582089,0.6674626865671641,0.2044029850746268,0.661641791044776,0.2513432835820896,0.6467910447761194,sciplex3_24h_top2000,24,train_test_size_matched_random,control_conditioned_nonlinear_benchmark,1191,1072,119,134,completed,0.1733710765838623,Benchmark-compatible control-conditioned nonlinear adaptation; not an original TranSiGen reproduction.,0.0182974560521502,1191,134,0.2073221632426658
0.2573150173019379,train_test_size_matched_random,0.0793600843717117,0.203030303030303,0.7007575757575758,0.2286363636363636,0.6950757575757576,0.269280303030303,0.6851515151515153,sciplex3_24h_top2000,25,train_test_size_matched_random,control_conditioned_nonlinear_benchmark,1212,1091,121,132,completed,0.1775028705596923,Benchmark-compatible control-conditioned nonlinear adaptation; not an original TranSiGen reproduction.,0.0136062510324027,1212,132,0.2437087662695352
0.2193875920593767,train_test_size_matched_random,0.0797644628098984,0.1594244604316546,0.657410071942446,0.1928776978417266,0.6553237410071941,0.246978417266187,0.6511870503597122,sciplex3_24h_top2000,26,train_test_size_matched_random,control_conditioned_nonlinear_benchmark,1181,1063,118,139,completed,0.1717722415924072,Benchmark-compatible control-conditioned nonlinear adaptation; not an original TranSiGen reproduction.,0.0048848267945979,1181,139,0.2145027652647788
0.27548472704953,train_test_size_matched_random,0.0810878043176683,0.1861068702290076,0.711145038167939,0.2142748091603053,0.70206106870229,0.2598854961832061,0.6906106870229007,sciplex3_24h_top2000,27,train_test_size_matched_random,control_conditioned_nonlinear_benchmark,1214,1093,121,131,completed,0.1763107776641845,Benchmark-compatible control-conditioned nonlinear adaptation; not an original TranSiGen reproduction.,0.0217985088382562,1214,131,0.2536862182112738
0.2441618053589586,train_test_size_matched_random,0.0784817330339409,0.1691970802919708,0.6732846715328468,0.2035036496350365,0.6783941605839416,0.2514233576642336,0.6672992700729927,sciplex3_24h_top2000,28,train_test_size_matched_random,control_conditioned_nonlinear_benchmark,1214,1093,121,137,completed,0.1784689426422119,Benchmark-compatible control-conditioned nonlinear adaptation; not an original TranSiGen reproduction.,0.0156756934552541,1214,137,0.2284861119037045
0.2482062793805592,train_test_size_matched_random,0.0831756600750581,0.1718571428571428,0.6772857142857143,0.2093571428571428,0.6700714285714285,0.26,0.6605000000000001,sciplex3_24h_top2000,29,train_test_size_matched_random,control_conditioned_nonlinear_benchmark,1184,1066,118,140,completed,0.1757729053497314,Benchmark-compatible control-conditioned nonlinear adaptation; not an original TranSiGen reproduction.,0.0196389448299584,1184,140,0.2285673345506008
0.2453685152476367,train_test_size_matched_random,0.0803674539421991,0.1831724137931034,0.683448275862069,0.2091724137931034,0.676551724137931,0.252,0.6691379310344828,sciplex3_24h_top2000,30,train_test_size_matched_random,control_conditioned_nonlinear_benchmark,1173,1056,117,145,completed,0.1807000637054443,Benchmark-compatible control-conditioned nonlinear adaptation; not an original TranSiGen reproduction.,0.031072059763494,1173,145,0.2142964554841427
