dataset,seed,split,split_label,n_train,n_test,n_excluded,same_drug_overlap,same_scaffold_overlap,same_cell_overlap,moa_annotated_fraction,same_moa_overlap_among_annotated,missing_moa_fraction,mean_nearest_train_tanimoto,mean_max_train_tanimoto
OpenProblems,1,split_random,random,436,109,0,0.963302752293578,0.9541284403669725,1.0,1.0,0.963302752293578,0.0,0.9905898876404494,
OpenProblems,1,split_cell_heldout,cell held-out,407,138,0,1.0,0.9855072463768116,0.0,1.0,1.0,0.0,1.0,
OpenProblems,1,split_scaffold_heldout,scaffold held-out,435,110,0,0.0,0.0,1.0,1.0,0.23636363636363636,0.0,0.2788423198149086,
OpenProblems,1,split_cell_scaffold_heldout,joint held-out,325,28,192,0.0,0.0,0.0,1.0,0.25,0.0,0.2788423198149086,
OpenProblems,2,split_random,random,430,115,0,0.9826086956521739,0.9652173913043478,1.0,1.0,0.9826086956521739,0.0,0.990317114500121,
OpenProblems,2,split_cell_heldout,cell held-out,412,133,0,1.0,0.9849624060150376,0.0,1.0,1.0,0.0,1.0,
OpenProblems,2,split_scaffold_heldout,scaffold held-out,435,110,0,0.0,0.0,1.0,1.0,0.43636363636363634,0.0,0.29645399191942706,
OpenProblems,2,split_cell_scaffold_heldout,joint held-out,329,27,189,0.0,0.0,0.0,1.0,0.4444444444444444,0.0,0.2994453888605242,
OpenProblems,3,split_random,random,433,112,0,1.0,0.9821428571428571,1.0,1.0,1.0,0.0,1.0,
OpenProblems,3,split_cell_heldout,cell held-out,412,133,0,1.0,0.9849624060150376,0.0,1.0,1.0,0.0,1.0,
OpenProblems,3,split_scaffold_heldout,scaffold held-out,443,102,0,0.0,0.0,1.0,1.0,0.49019607843137253,0.0,0.2683599549045068,
OpenProblems,3,split_cell_scaffold_heldout,joint held-out,334,24,187,0.0,0.0,0.0,1.0,0.4583333333333333,0.0,0.25432648891955295,
OpenProblems,4,split_random,random,449,96,0,1.0,1.0,1.0,1.0,1.0,0.0,1.0,
OpenProblems,4,split_cell_heldout,cell held-out,407,138,0,1.0,0.9855072463768116,0.0,1.0,1.0,0.0,1.0,
OpenProblems,4,split_scaffold_heldout,scaffold held-out,435,110,0,0.0,0.0,1.0,1.0,0.5272727272727272,0.0,0.27865072140039865,
OpenProblems,4,split_cell_scaffold_heldout,joint held-out,325,28,192,0.0,0.0,0.0,1.0,0.5357142857142857,0.0,0.27865072140039865,
OpenProblems,5,split_random,random,431,114,0,0.9649122807017544,0.956140350877193,1.0,1.0,1.0,0.0,0.9908326967150497,
OpenProblems,5,split_cell_heldout,cell held-out,408,137,0,1.0,0.9854014598540146,0.0,1.0,1.0,0.0,1.0,
OpenProblems,5,split_scaffold_heldout,scaffold held-out,433,112,0,0.0,0.0,1.0,1.0,0.39285714285714285,0.0,0.2886851489455215,
OpenProblems,5,split_cell_scaffold_heldout,joint held-out,324,28,193,0.0,0.0,0.0,1.0,0.39285714285714285,0.0,0.2886851489455215,
OpenProblems,6,split_random,random,443,102,0,1.0,1.0,1.0,1.0,1.0,0.0,1.0,
OpenProblems,6,split_cell_heldout,cell held-out,407,138,0,1.0,0.9855072463768116,0.0,1.0,1.0,0.0,1.0,
OpenProblems,6,split_scaffold_heldout,scaffold held-out,438,107,0,0.0,0.0,1.0,1.0,0.4392523364485981,0.0,0.2969940658038428,
OpenProblems,6,split_cell_scaffold_heldout,joint held-out,327,27,191,0.0,0.0,0.0,1.0,0.4444444444444444,0.0,0.2969940658038428,
OpenProblems,7,split_random,random,438,107,0,1.0,0.9906542056074766,1.0,1.0,1.0,0.0,1.0,
OpenProblems,7,split_cell_heldout,cell held-out,412,133,0,1.0,0.9849624060150376,0.0,1.0,1.0,0.0,1.0,
OpenProblems,7,split_scaffold_heldout,scaffold held-out,440,105,0,0.0,0.0,1.0,1.0,0.34285714285714286,0.0,0.25471392035113194,
OpenProblems,7,split_cell_scaffold_heldout,joint held-out,333,26,186,0.0,0.0,0.0,1.0,0.34615384615384615,0.0,0.2562149836527215,
OpenProblems,8,split_random,random,442,103,0,1.0,0.9805825242718447,1.0,1.0,1.0,0.0,1.0,
OpenProblems,8,split_cell_heldout,cell held-out,412,133,0,1.0,0.9849624060150376,0.0,1.0,1.0,0.0,1.0,
OpenProblems,8,split_scaffold_heldout,scaffold held-out,429,116,0,0.0,0.0,1.0,1.0,0.3448275862068966,0.0,0.2718333569666777,
OpenProblems,8,split_cell_scaffold_heldout,joint held-out,325,29,191,0.0,0.0,0.0,1.0,0.3448275862068966,0.0,0.2718333569666777,
OpenProblems,9,split_random,random,440,105,0,1.0,0.9809523809523809,1.0,1.0,1.0,0.0,1.0,
OpenProblems,9,split_cell_heldout,cell held-out,407,138,0,1.0,0.9855072463768116,0.0,1.0,1.0,0.0,1.0,
OpenProblems,9,split_scaffold_heldout,scaffold held-out,433,112,0,0.0,0.0,1.0,1.0,0.5,0.0,0.28812146077678563,
OpenProblems,9,split_cell_scaffold_heldout,joint held-out,323,28,194,0.0,0.0,0.0,1.0,0.5,0.0,0.28812146077678563,
OpenProblems,10,split_random,random,434,111,0,1.0,0.990990990990991,1.0,1.0,1.0,0.0,1.0,
OpenProblems,10,split_cell_heldout,cell held-out,407,138,0,1.0,0.9855072463768116,0.0,1.0,1.0,0.0,1.0,
OpenProblems,10,split_scaffold_heldout,scaffold held-out,444,101,0,0.0,0.0,1.0,1.0,0.43564356435643564,0.0,0.26241142700044506,
OpenProblems,10,split_cell_scaffold_heldout,joint held-out,332,26,187,0.0,0.0,0.0,1.0,0.4230769230769231,0.0,0.26241142700044506,
OpenProblems,11,split_random,random,426,119,0,1.0,0.9915966386554622,1.0,1.0,1.0,0.0,1.0,
OpenProblems,11,split_cell_heldout,cell held-out,408,137,0,1.0,0.9854014598540146,0.0,1.0,1.0,0.0,1.0,
OpenProblems,11,split_scaffold_heldout,scaffold held-out,438,107,0,0.0,0.0,1.0,1.0,0.6261682242990654,0.0,0.3055887590648326,
OpenProblems,11,split_cell_scaffold_heldout,joint held-out,328,27,190,0.0,0.0,0.0,1.0,0.6296296296296297,0.0,0.3055887590648326,
OpenProblems,12,split_random,random,426,119,0,0.9663865546218487,0.9495798319327731,1.0,1.0,1.0,0.0,0.9900103788271926,
OpenProblems,12,split_cell_heldout,cell held-out,408,137,0,1.0,0.9854014598540146,0.0,1.0,1.0,0.0,1.0,
OpenProblems,12,split_scaffold_heldout,scaffold held-out,440,105,0,0.0,0.0,1.0,1.0,0.2571428571428571,0.0,0.2832385235485568,
OpenProblems,12,split_cell_scaffold_heldout,joint held-out,329,26,190,0.0,0.0,0.0,1.0,0.2692307692307692,0.0,0.2858366869731242,
OpenProblems,13,split_random,random,437,108,0,1.0,1.0,1.0,1.0,1.0,0.0,1.0,
OpenProblems,13,split_cell_heldout,cell held-out,408,137,0,1.0,0.9854014598540146,0.0,1.0,1.0,0.0,1.0,
OpenProblems,13,split_scaffold_heldout,scaffold held-out,441,104,0,0.0,0.0,1.0,1.0,0.38461538461538464,0.0,0.2660915113401988,
OpenProblems,13,split_cell_scaffold_heldout,joint held-out,330,26,189,0.0,0.0,0.0,1.0,0.38461538461538464,0.0,0.2660915113401988,
OpenProblems,14,split_random,random,435,110,0,0.9636363636363636,0.9454545454545454,1.0,1.0,1.0,0.0,0.9907407407407407,
OpenProblems,14,split_cell_heldout,cell held-out,412,133,0,1.0,0.9849624060150376,0.0,1.0,1.0,0.0,1.0,
OpenProblems,14,split_scaffold_heldout,scaffold held-out,437,108,0,0.0,0.0,1.0,1.0,0.4074074074074074,0.0,0.303738116180006,
OpenProblems,14,split_cell_scaffold_heldout,joint held-out,331,27,187,0.0,0.0,0.0,1.0,0.4074074074074074,0.0,0.303738116180006,
OpenProblems,15,split_random,random,450,95,0,1.0,0.968421052631579,1.0,1.0,1.0,0.0,1.0,
OpenProblems,15,split_cell_heldout,cell held-out,408,137,0,1.0,0.9854014598540146,0.0,1.0,1.0,0.0,1.0,
OpenProblems,15,split_scaffold_heldout,scaffold held-out,438,107,0,0.0,0.0,1.0,1.0,0.18691588785046728,0.0,0.26702500675719176,
OpenProblems,15,split_cell_scaffold_heldout,joint held-out,328,27,190,0.0,0.0,0.0,1.0,0.18518518518518517,0.0,0.26702500675719176,
OpenProblems,16,split_random,random,435,110,0,1.0,0.9636363636363636,1.0,1.0,1.0,0.0,1.0,
OpenProblems,16,split_cell_heldout,cell held-out,408,137,0,1.0,0.9854014598540146,0.0,1.0,1.0,0.0,1.0,
OpenProblems,16,split_scaffold_heldout,scaffold held-out,434,111,0,0.0,0.0,1.0,1.0,0.38738738738738737,0.0,0.2588919382349167,
OpenProblems,16,split_cell_scaffold_heldout,joint held-out,325,28,192,0.0,0.0,0.0,1.0,0.39285714285714285,0.0,0.2588919382349167,
OpenProblems,17,split_random,random,441,104,0,1.0,0.9903846153846154,1.0,1.0,1.0,0.0,1.0,
OpenProblems,17,split_cell_heldout,cell held-out,407,138,0,1.0,0.9855072463768116,0.0,1.0,1.0,0.0,1.0,
OpenProblems,17,split_scaffold_heldout,scaffold held-out,439,106,0,0.0,0.0,1.0,1.0,0.3584905660377358,0.0,0.2915629091085499,
OpenProblems,17,split_cell_scaffold_heldout,joint held-out,328,27,190,0.0,0.0,0.0,1.0,0.37037037037037035,0.0,0.2915629091085499,
OpenProblems,18,split_random,random,430,115,0,1.0,1.0,1.0,1.0,1.0,0.0,1.0,
OpenProblems,18,split_cell_heldout,cell held-out,412,133,0,1.0,0.9849624060150376,0.0,1.0,1.0,0.0,1.0,
OpenProblems,18,split_scaffold_heldout,scaffold held-out,440,105,0,0.0,0.0,1.0,1.0,0.44761904761904764,0.0,0.2973702849602407,
OpenProblems,18,split_cell_scaffold_heldout,joint held-out,332,25,188,0.0,0.0,0.0,1.0,0.44,0.0,0.3037251173271265,
OpenProblems,19,split_random,random,433,112,0,1.0,0.9910714285714286,1.0,1.0,1.0,0.0,1.0,
OpenProblems,19,split_cell_heldout,cell held-out,407,138,0,1.0,0.9855072463768116,0.0,1.0,1.0,0.0,1.0,
OpenProblems,19,split_scaffold_heldout,scaffold held-out,440,105,0,0.0,0.0,1.0,1.0,0.5904761904761905,0.0,0.29889377883918805,
OpenProblems,19,split_cell_scaffold_heldout,joint held-out,329,27,189,0.0,0.0,0.0,1.0,0.5925925925925926,0.0,0.29889377883918805,
OpenProblems,20,split_random,random,439,106,0,0.9245283018867925,0.9622641509433962,1.0,1.0,1.0,0.0,0.9868936170212765,
OpenProblems,20,split_cell_heldout,cell held-out,408,137,0,1.0,0.9854014598540146,0.0,1.0,1.0,0.0,1.0,
OpenProblems,20,split_scaffold_heldout,scaffold held-out,441,104,0,0.0,0.0,1.0,1.0,0.3076923076923077,0.0,0.26661938809910696,
OpenProblems,20,split_cell_scaffold_heldout,joint held-out,330,26,189,0.0,0.0,0.0,1.0,0.3076923076923077,0.0,0.26661938809910696,
OpenProblems,21,split_random,random,439,106,0,1.0,0.9905660377358491,1.0,1.0,1.0,0.0,1.0,
OpenProblems,21,split_cell_heldout,cell held-out,408,137,0,1.0,0.9854014598540146,0.0,1.0,1.0,0.0,1.0,
OpenProblems,21,split_scaffold_heldout,scaffold held-out,438,107,0,0.0,0.0,1.0,1.0,0.5514018691588785,0.0,0.26130156978769997,
OpenProblems,21,split_cell_scaffold_heldout,joint held-out,328,27,190,0.0,0.0,0.0,1.0,0.5555555555555556,0.0,0.26130156978769997,
OpenProblems,22,split_random,random,423,122,0,1.0,0.9918032786885246,1.0,1.0,1.0,0.0,1.0,
OpenProblems,22,split_cell_heldout,cell held-out,408,137,0,1.0,0.9854014598540146,0.0,1.0,1.0,0.0,1.0,
OpenProblems,22,split_scaffold_heldout,scaffold held-out,441,104,0,0.0,0.0,1.0,1.0,0.4519230769230769,0.0,0.2804607514249428,
OpenProblems,22,split_cell_scaffold_heldout,joint held-out,330,26,189,0.0,0.0,0.0,1.0,0.46153846153846156,0.0,0.2798360381450062,
OpenProblems,23,split_random,random,449,96,0,1.0,0.9895833333333334,1.0,1.0,1.0,0.0,1.0,
OpenProblems,23,split_cell_heldout,cell held-out,408,137,0,1.0,0.9854014598540146,0.0,1.0,1.0,0.0,1.0,
OpenProblems,23,split_scaffold_heldout,scaffold held-out,438,107,0,0.0,0.0,1.0,1.0,0.4392523364485981,0.0,0.2732852880446607,
OpenProblems,23,split_cell_scaffold_heldout,joint held-out,328,27,190,0.0,0.0,0.0,1.0,0.4444444444444444,0.0,0.2732852880446607,
OpenProblems,24,split_random,random,445,100,0,0.96,0.96,1.0,1.0,1.0,0.0,0.9897260273972602,
OpenProblems,24,split_cell_heldout,cell held-out,407,138,0,1.0,0.9855072463768116,0.0,1.0,1.0,0.0,1.0,
OpenProblems,24,split_scaffold_heldout,scaffold held-out,438,107,0,0.0,0.0,1.0,1.0,0.514018691588785,0.0,0.2828167726934846,
OpenProblems,24,split_cell_scaffold_heldout,joint held-out,327,27,191,0.0,0.0,0.0,1.0,0.5185185185185185,0.0,0.2828167726934846,
OpenProblems,25,split_random,random,449,96,0,1.0,0.9791666666666666,1.0,1.0,1.0,0.0,1.0,
OpenProblems,25,split_cell_heldout,cell held-out,408,137,0,1.0,0.9854014598540146,0.0,1.0,1.0,0.0,1.0,
OpenProblems,25,split_scaffold_heldout,scaffold held-out,439,106,0,0.0,0.0,1.0,1.0,0.4056603773584906,0.0,0.26957689414290376,
OpenProblems,25,split_cell_scaffold_heldout,joint held-out,328,26,191,0.0,0.0,0.0,1.0,0.4230769230769231,0.0,0.268533570967504,
OpenProblems,26,split_random,random,442,103,0,1.0,1.0,1.0,1.0,1.0,0.0,1.0,
OpenProblems,26,split_cell_heldout,cell held-out,407,138,0,1.0,0.9855072463768116,0.0,1.0,1.0,0.0,1.0,
OpenProblems,26,split_scaffold_heldout,scaffold held-out,439,106,0,0.0,0.0,1.0,1.0,0.4339622641509434,0.0,0.27451596409556733,
OpenProblems,26,split_cell_scaffold_heldout,joint held-out,328,27,190,0.0,0.0,0.0,1.0,0.4444444444444444,0.0,0.27451596409556733,
OpenProblems,27,split_random,random,446,99,0,0.9595959595959596,0.9292929292929293,1.0,1.0,1.0,0.0,0.9886788048552755,
OpenProblems,27,split_cell_heldout,cell held-out,407,138,0,1.0,0.9855072463768116,0.0,1.0,1.0,0.0,1.0,
OpenProblems,27,split_scaffold_heldout,scaffold held-out,443,102,0,0.0,0.0,1.0,1.0,0.4117647058823529,0.0,0.2547802786257394,
OpenProblems,27,split_cell_scaffold_heldout,joint held-out,331,26,188,0.0,0.0,0.0,1.0,0.4230769230769231,0.0,0.2547802786257394,
OpenProblems,28,split_random,random,440,105,0,1.0,0.9809523809523809,1.0,1.0,1.0,0.0,1.0,
OpenProblems,28,split_cell_heldout,cell held-out,408,137,0,1.0,0.9854014598540146,0.0,1.0,1.0,0.0,1.0,
OpenProblems,28,split_scaffold_heldout,scaffold held-out,442,103,0,0.0,0.0,1.0,1.0,0.46601941747572817,0.0,0.2775417171616246,
OpenProblems,28,split_cell_scaffold_heldout,joint held-out,330,25,190,0.0,0.0,0.0,1.0,0.48,0.0,0.2767752539799577,
OpenProblems,29,split_random,random,451,94,0,1.0,0.9893617021276596,1.0,1.0,1.0,0.0,1.0,
OpenProblems,29,split_cell_heldout,cell held-out,408,137,0,1.0,0.9854014598540146,0.0,1.0,1.0,0.0,1.0,
OpenProblems,29,split_scaffold_heldout,scaffold held-out,442,103,0,0.0,0.0,1.0,1.0,0.46601941747572817,0.0,0.2810691688264054,
OpenProblems,29,split_cell_scaffold_heldout,joint held-out,331,26,188,0.0,0.0,0.0,1.0,0.46153846153846156,0.0,0.2810691688264054,
OpenProblems,30,split_random,random,440,105,0,0.9619047619047619,0.9523809523809523,1.0,1.0,0.9619047619047619,0.0,0.9915944313107433,
OpenProblems,30,split_cell_heldout,cell held-out,407,138,0,1.0,0.9855072463768116,0.0,1.0,1.0,0.0,1.0,
OpenProblems,30,split_scaffold_heldout,scaffold held-out,435,110,0,0.0,0.0,1.0,1.0,0.5272727272727272,0.0,0.27718893593607324,
OpenProblems,30,split_cell_scaffold_heldout,joint held-out,325,28,192,0.0,0.0,0.0,1.0,0.5357142857142857,0.0,0.27718893593607324,
OpenProblems,31,split_random,random,443,102,0,1.0,0.9803921568627451,1.0,1.0,1.0,0.0,1.0,
OpenProblems,31,split_cell_heldout,cell held-out,412,133,0,1.0,0.9849624060150376,0.0,1.0,1.0,0.0,1.0,
OpenProblems,31,split_scaffold_heldout,scaffold held-out,446,99,0,0.0,0.0,1.0,1.0,0.45454545454545453,0.0,0.29500565905222076,
OpenProblems,31,split_cell_scaffold_heldout,joint held-out,335,22,188,0.0,0.0,0.0,1.0,0.4090909090909091,0.0,0.3004984110625582,
OpenProblems,32,split_random,random,430,115,0,0.9652173913043478,0.9391304347826087,1.0,1.0,0.9652173913043478,0.0,0.9901477832512315,
OpenProblems,32,split_cell_heldout,cell held-out,408,137,0,1.0,0.9854014598540146,0.0,1.0,1.0,0.0,1.0,
OpenProblems,32,split_scaffold_heldout,scaffold held-out,438,107,0,0.0,0.0,1.0,1.0,0.514018691588785,0.0,0.27844411185563,
OpenProblems,32,split_cell_scaffold_heldout,joint held-out,328,27,190,0.0,0.0,0.0,1.0,0.5185185185185185,0.0,0.27844411185563,
OpenProblems,33,split_random,random,436,109,0,1.0,0.9908256880733946,1.0,1.0,1.0,0.0,1.0,
OpenProblems,33,split_cell_heldout,cell held-out,408,137,0,1.0,0.9854014598540146,0.0,1.0,1.0,0.0,1.0,
OpenProblems,33,split_scaffold_heldout,scaffold held-out,439,106,0,0.0,0.0,1.0,1.0,0.29245283018867924,0.0,0.27205881305571655,
OpenProblems,33,split_cell_scaffold_heldout,joint held-out,329,27,189,0.0,0.0,0.0,1.0,0.2962962962962963,0.0,0.2720588130557166,
OpenProblems,34,split_random,random,446,99,0,1.0,1.0,1.0,1.0,1.0,0.0,1.0,
OpenProblems,34,split_cell_heldout,cell held-out,407,138,0,1.0,0.9855072463768116,0.0,1.0,1.0,0.0,1.0,
OpenProblems,34,split_scaffold_heldout,scaffold held-out,440,105,0,0.0,0.0,1.0,1.0,0.2571428571428571,0.0,0.26046933022928737,
OpenProblems,34,split_cell_scaffold_heldout,joint held-out,329,27,189,0.0,0.0,0.0,1.0,0.25925925925925924,0.0,0.26046933022928737,
OpenProblems,35,split_random,random,426,119,0,1.0,0.9747899159663865,1.0,1.0,1.0,0.0,1.0,
OpenProblems,35,split_cell_heldout,cell held-out,408,137,0,1.0,0.9854014598540146,0.0,1.0,1.0,0.0,1.0,
OpenProblems,35,split_scaffold_heldout,scaffold held-out,442,103,0,0.0,0.0,1.0,1.0,0.33980582524271846,0.0,0.2682157357680207,
OpenProblems,35,split_cell_scaffold_heldout,joint held-out,331,26,188,0.0,0.0,0.0,1.0,0.34615384615384615,0.0,0.2682157357680207,
OpenProblems,36,split_random,random,441,104,0,0.9711538461538461,0.9615384615384616,1.0,1.0,1.0,0.0,0.9949792243767313,
OpenProblems,36,split_cell_heldout,cell held-out,412,133,0,1.0,0.9849624060150376,0.0,1.0,1.0,0.0,1.0,
OpenProblems,36,split_scaffold_heldout,scaffold held-out,443,102,0,0.0,0.0,1.0,1.0,0.5784313725490197,0.0,0.2772340712394715,
OpenProblems,36,split_cell_scaffold_heldout,joint held-out,335,25,185,0.0,0.0,0.0,1.0,0.56,0.0,0.27811935245639735,
OpenProblems,37,split_random,random,431,114,0,0.9298245614035088,0.9122807017543859,1.0,1.0,0.9649122807017544,0.0,0.9826919379646245,
OpenProblems,37,split_cell_heldout,cell held-out,408,137,0,1.0,0.9854014598540146,0.0,1.0,1.0,0.0,1.0,
OpenProblems,37,split_scaffold_heldout,scaffold held-out,438,107,0,0.0,0.0,1.0,1.0,0.3644859813084112,0.0,0.29267804002524644,
OpenProblems,37,split_cell_scaffold_heldout,joint held-out,328,27,190,0.0,0.0,0.0,1.0,0.37037037037037035,0.0,0.29267804002524644,
OpenProblems,38,split_random,random,434,111,0,1.0,0.9819819819819819,1.0,1.0,1.0,0.0,1.0,
OpenProblems,38,split_cell_heldout,cell held-out,407,138,0,1.0,0.9855072463768116,0.0,1.0,1.0,0.0,1.0,
OpenProblems,38,split_scaffold_heldout,scaffold held-out,446,99,0,0.0,0.0,1.0,1.0,0.37373737373737376,0.0,0.30305801989011755,
OpenProblems,38,split_cell_scaffold_heldout,joint held-out,334,26,185,0.0,0.0,0.0,1.0,0.38461538461538464,0.0,0.30305801989011755,
OpenProblems,39,split_random,random,431,114,0,0.9649122807017544,0.9385964912280702,1.0,1.0,1.0,0.0,0.9907553107789143,
OpenProblems,39,split_cell_heldout,cell held-out,407,138,0,1.0,0.9855072463768116,0.0,1.0,1.0,0.0,1.0,
OpenProblems,39,split_scaffold_heldout,scaffold held-out,444,101,0,0.0,0.0,1.0,1.0,0.3069306930693069,0.0,0.27700233804339863,
OpenProblems,39,split_cell_scaffold_heldout,joint held-out,332,26,187,0.0,0.0,0.0,1.0,0.3076923076923077,0.0,0.27700233804339863,
OpenProblems,40,split_random,random,439,106,0,1.0,0.9811320754716981,1.0,1.0,1.0,0.0,1.0,
OpenProblems,40,split_cell_heldout,cell held-out,407,138,0,1.0,0.9855072463768116,0.0,1.0,1.0,0.0,1.0,
OpenProblems,40,split_scaffold_heldout,scaffold held-out,437,108,0,0.0,0.0,1.0,1.0,0.4074074074074074,0.0,0.26985753731263873,
OpenProblems,40,split_cell_scaffold_heldout,joint held-out,326,27,192,0.0,0.0,0.0,1.0,0.4074074074074074,0.0,0.26985753731263873,
OpenProblems,41,split_random,random,442,103,0,1.0,0.970873786407767,1.0,1.0,1.0,0.0,1.0,
OpenProblems,41,split_cell_heldout,cell held-out,412,133,0,1.0,0.9849624060150376,0.0,1.0,1.0,0.0,1.0,
OpenProblems,41,split_scaffold_heldout,scaffold held-out,433,112,0,0.0,0.0,1.0,1.0,0.2857142857142857,0.0,0.26325535460515936,
OpenProblems,41,split_cell_scaffold_heldout,joint held-out,328,28,189,0.0,0.0,0.0,1.0,0.2857142857142857,0.0,0.2632553546051594,
OpenProblems,42,split_random,random,420,125,0,0.936,0.912,1.0,1.0,1.0,0.0,0.9826019939656304,
OpenProblems,42,split_cell_heldout,cell held-out,408,137,0,1.0,0.9854014598540146,0.0,1.0,1.0,0.0,1.0,
OpenProblems,42,split_scaffold_heldout,scaffold held-out,433,112,0,0.0,0.0,1.0,1.0,0.42857142857142855,0.0,0.25623115187551143,
OpenProblems,42,split_cell_scaffold_heldout,joint held-out,324,28,193,0.0,0.0,0.0,1.0,0.42857142857142855,0.0,0.25623115187551143,
OpenProblems,43,split_random,random,439,106,0,1.0,0.9905660377358491,1.0,1.0,1.0,0.0,1.0,
OpenProblems,43,split_cell_heldout,cell held-out,407,138,0,1.0,0.9855072463768116,0.0,1.0,1.0,0.0,1.0,
OpenProblems,43,split_scaffold_heldout,scaffold held-out,438,107,0,0.0,0.0,1.0,1.0,0.4485981308411215,0.0,0.3136976749255339,
OpenProblems,43,split_cell_scaffold_heldout,joint held-out,327,27,191,0.0,0.0,0.0,1.0,0.4444444444444444,0.0,0.3136976749255339,
OpenProblems,44,split_random,random,428,117,0,1.0,0.9829059829059829,1.0,1.0,1.0,0.0,1.0,
OpenProblems,44,split_cell_heldout,cell held-out,408,137,0,1.0,0.9854014598540146,0.0,1.0,1.0,0.0,1.0,
OpenProblems,44,split_scaffold_heldout,scaffold held-out,435,110,0,0.0,0.0,1.0,1.0,0.4,0.0,0.2735430527403064,
OpenProblems,44,split_cell_scaffold_heldout,joint held-out,326,28,191,0.0,0.0,0.0,1.0,0.39285714285714285,0.0,0.2735430527403064,
OpenProblems,45,split_random,random,439,106,0,0.9622641509433962,0.9339622641509434,1.0,1.0,1.0,0.0,0.9915506180566422,
OpenProblems,45,split_cell_heldout,cell held-out,407,138,0,1.0,0.9855072463768116,0.0,1.0,1.0,0.0,1.0,
OpenProblems,45,split_scaffold_heldout,scaffold held-out,435,110,0,0.0,0.0,1.0,1.0,0.4909090909090909,0.0,0.27315256239179697,
OpenProblems,45,split_cell_scaffold_heldout,joint held-out,325,28,192,0.0,0.0,0.0,1.0,0.5,0.0,0.27315256239179697,
OpenProblems,46,split_random,random,421,124,0,1.0,0.9758064516129032,1.0,1.0,1.0,0.0,1.0,
OpenProblems,46,split_cell_heldout,cell held-out,408,137,0,1.0,0.9854014598540146,0.0,1.0,1.0,0.0,1.0,
OpenProblems,46,split_scaffold_heldout,scaffold held-out,435,110,0,0.0,0.0,1.0,1.0,0.41818181818181815,0.0,0.31341111706082253,
OpenProblems,46,split_cell_scaffold_heldout,joint held-out,326,28,191,0.0,0.0,0.0,1.0,0.42857142857142855,0.0,0.31341111706082253,
OpenProblems,47,split_random,random,444,101,0,0.9603960396039604,0.9405940594059405,1.0,1.0,0.9603960396039604,0.0,0.9892518440463645,
OpenProblems,47,split_cell_heldout,cell held-out,412,133,0,1.0,0.9849624060150376,0.0,1.0,1.0,0.0,1.0,
OpenProblems,47,split_scaffold_heldout,scaffold held-out,437,108,0,0.0,0.0,1.0,1.0,0.5185185185185185,0.0,0.2702184967837675,
OpenProblems,47,split_cell_scaffold_heldout,joint held-out,331,27,187,0.0,0.0,0.0,1.0,0.5185185185185185,0.0,0.2702184967837675,
OpenProblems,48,split_random,random,430,115,0,1.0,0.991304347826087,1.0,1.0,1.0,0.0,1.0,
OpenProblems,48,split_cell_heldout,cell held-out,412,133,0,1.0,0.9849624060150376,0.0,1.0,1.0,0.0,1.0,
OpenProblems,48,split_scaffold_heldout,scaffold held-out,435,110,0,0.0,0.0,1.0,1.0,0.41818181818181815,0.0,0.26192252703389546,
OpenProblems,48,split_cell_scaffold_heldout,joint held-out,328,26,191,0.0,0.0,0.0,1.0,0.38461538461538464,0.0,0.2484733716731218,
OpenProblems,49,split_random,random,435,110,0,1.0,1.0,1.0,1.0,1.0,0.0,1.0,
OpenProblems,49,split_cell_heldout,cell held-out,408,137,0,1.0,0.9854014598540146,0.0,1.0,1.0,0.0,1.0,
OpenProblems,49,split_scaffold_heldout,scaffold held-out,440,105,0,0.0,0.0,1.0,1.0,0.3333333333333333,0.0,0.24242495266594802,
OpenProblems,49,split_cell_scaffold_heldout,joint held-out,330,27,188,0.0,0.0,0.0,1.0,0.3333333333333333,0.0,0.24242495266594802,
OpenProblems,50,split_random,random,429,116,0,1.0,0.9741379310344828,1.0,1.0,1.0,0.0,1.0,
OpenProblems,50,split_cell_heldout,cell held-out,407,138,0,1.0,0.9855072463768116,0.0,1.0,1.0,0.0,1.0,
OpenProblems,50,split_scaffold_heldout,scaffold held-out,435,110,0,0.0,0.0,1.0,1.0,0.35454545454545455,0.0,0.3015693446171291,
OpenProblems,50,split_cell_scaffold_heldout,joint held-out,325,28,192,0.0,0.0,0.0,1.0,0.35714285714285715,0.0,0.3015693446171291,
OpenProblems,51,split_random,random,432,113,0,0.9646017699115044,0.9646017699115044,1.0,1.0,0.9646017699115044,0.0,0.9903316971590064,
OpenProblems,51,split_cell_heldout,cell held-out,412,133,0,1.0,0.9849624060150376,0.0,1.0,1.0,0.0,1.0,
OpenProblems,51,split_scaffold_heldout,scaffold held-out,433,112,0,0.0,0.0,1.0,1.0,0.35714285714285715,0.0,0.2805454466256021,
OpenProblems,51,split_cell_scaffold_heldout,joint held-out,328,28,189,0.0,0.0,0.0,1.0,0.35714285714285715,0.0,0.28054544662560216,
OpenProblems,52,split_random,random,435,110,0,1.0,0.9818181818181818,1.0,1.0,1.0,0.0,1.0,
OpenProblems,52,split_cell_heldout,cell held-out,408,137,0,1.0,0.9854014598540146,0.0,1.0,1.0,0.0,1.0,
OpenProblems,52,split_scaffold_heldout,scaffold held-out,435,110,0,0.0,0.0,1.0,1.0,0.5272727272727272,0.0,0.30064537217559056,
OpenProblems,52,split_cell_scaffold_heldout,joint held-out,326,28,191,0.0,0.0,0.0,1.0,0.5357142857142857,0.0,0.3006453721755906,
OpenProblems,53,split_random,random,422,123,0,1.0,0.991869918699187,1.0,1.0,1.0,0.0,1.0,
OpenProblems,53,split_cell_heldout,cell held-out,407,138,0,1.0,0.9855072463768116,0.0,1.0,1.0,0.0,1.0,
OpenProblems,53,split_scaffold_heldout,scaffold held-out,438,107,0,0.0,0.0,1.0,1.0,0.3364485981308411,0.0,0.23774878709380473,
OpenProblems,53,split_cell_scaffold_heldout,joint held-out,327,27,191,0.0,0.0,0.0,1.0,0.3333333333333333,0.0,0.23774878709380473,
OpenProblems,54,split_random,random,440,105,0,1.0,0.9809523809523809,1.0,1.0,1.0,0.0,1.0,
OpenProblems,54,split_cell_heldout,cell held-out,408,137,0,1.0,0.9854014598540146,0.0,1.0,1.0,0.0,1.0,
OpenProblems,54,split_scaffold_heldout,scaffold held-out,434,111,0,0.0,0.0,1.0,1.0,0.5315315315315315,0.0,0.25523128741811457,
OpenProblems,54,split_cell_scaffold_heldout,joint held-out,325,28,192,0.0,0.0,0.0,1.0,0.5357142857142857,0.0,0.2552312874181146,
OpenProblems,55,split_random,random,426,119,0,1.0,0.9915966386554622,1.0,1.0,1.0,0.0,1.0,
OpenProblems,55,split_cell_heldout,cell held-out,412,133,0,1.0,0.9849624060150376,0.0,1.0,1.0,0.0,1.0,
OpenProblems,55,split_scaffold_heldout,scaffold held-out,437,108,0,0.0,0.0,1.0,1.0,0.2962962962962963,0.0,0.2570187628584357,
OpenProblems,55,split_cell_scaffold_heldout,joint held-out,331,27,187,0.0,0.0,0.0,1.0,0.2962962962962963,0.0,0.2570187628584357,
OpenProblems,56,split_random,random,452,93,0,1.0,1.0,1.0,1.0,1.0,0.0,1.0,
OpenProblems,56,split_cell_heldout,cell held-out,412,133,0,1.0,0.9849624060150376,0.0,1.0,1.0,0.0,1.0,
OpenProblems,56,split_scaffold_heldout,scaffold held-out,434,111,0,0.0,0.0,1.0,1.0,0.36036036036036034,0.0,0.28414782292066537,
OpenProblems,56,split_cell_scaffold_heldout,joint held-out,329,28,188,0.0,0.0,0.0,1.0,0.35714285714285715,0.0,0.28414782292066537,
OpenProblems,57,split_random,random,443,102,0,1.0,0.9803921568627451,1.0,1.0,1.0,0.0,1.0,
OpenProblems,57,split_cell_heldout,cell held-out,407,138,0,1.0,0.9855072463768116,0.0,1.0,1.0,0.0,1.0,
OpenProblems,57,split_scaffold_heldout,scaffold held-out,441,104,0,0.0,0.0,1.0,1.0,0.49038461538461536,0.0,0.26616826500800395,
OpenProblems,57,split_cell_scaffold_heldout,joint held-out,330,27,188,0.0,0.0,0.0,1.0,0.48148148148148145,0.0,0.26616826500800395,
OpenProblems,58,split_random,random,432,113,0,1.0,0.9823008849557522,1.0,1.0,1.0,0.0,1.0,
OpenProblems,58,split_cell_heldout,cell held-out,408,137,0,1.0,0.9854014598540146,0.0,1.0,1.0,0.0,1.0,
OpenProblems,58,split_scaffold_heldout,scaffold held-out,442,103,0,0.0,0.0,1.0,1.0,0.3786407766990291,0.0,0.27324661854537496,
OpenProblems,58,split_cell_scaffold_heldout,joint held-out,331,26,188,0.0,0.0,0.0,1.0,0.38461538461538464,0.0,0.27324661854537496,
OpenProblems,59,split_random,random,426,119,0,0.9663865546218487,0.9495798319327731,1.0,1.0,0.9663865546218487,0.0,0.9922999665215937,
OpenProblems,59,split_cell_heldout,cell held-out,407,138,0,1.0,0.9855072463768116,0.0,1.0,1.0,0.0,1.0,
OpenProblems,59,split_scaffold_heldout,scaffold held-out,438,107,0,0.0,0.0,1.0,1.0,0.40186915887850466,0.0,0.24771948783928097,
OpenProblems,59,split_cell_scaffold_heldout,joint held-out,327,27,191,0.0,0.0,0.0,1.0,0.4074074074074074,0.0,0.24771948783928097,
OpenProblems,60,split_random,random,433,112,0,1.0,0.9821428571428571,1.0,1.0,1.0,0.0,1.0,
OpenProblems,60,split_cell_heldout,cell held-out,407,138,0,1.0,0.9855072463768116,0.0,1.0,1.0,0.0,1.0,
OpenProblems,60,split_scaffold_heldout,scaffold held-out,441,104,0,0.0,0.0,1.0,1.0,0.34615384615384615,0.0,0.27120831370897014,
OpenProblems,60,split_cell_scaffold_heldout,joint held-out,329,26,190,0.0,0.0,0.0,1.0,0.34615384615384615,0.0,0.27120831370897014,
OpenProblems,61,split_random,random,443,102,0,1.0,0.9803921568627451,1.0,1.0,1.0,0.0,1.0,
OpenProblems,61,split_cell_heldout,cell held-out,408,137,0,1.0,0.9854014598540146,0.0,1.0,1.0,0.0,1.0,
OpenProblems,61,split_scaffold_heldout,scaffold held-out,441,104,0,0.0,0.0,1.0,1.0,0.34615384615384615,0.0,0.3064890690051408,
OpenProblems,61,split_cell_scaffold_heldout,joint held-out,330,26,189,0.0,0.0,0.0,1.0,0.34615384615384615,0.0,0.3064890690051408,
OpenProblems,62,split_random,random,433,112,0,1.0,0.9910714285714286,1.0,1.0,1.0,0.0,1.0,
OpenProblems,62,split_cell_heldout,cell held-out,408,137,0,1.0,0.9854014598540146,0.0,1.0,1.0,0.0,1.0,
OpenProblems,62,split_scaffold_heldout,scaffold held-out,435,110,0,0.0,0.0,1.0,1.0,0.36363636363636365,0.0,0.2694125577084145,
OpenProblems,62,split_cell_scaffold_heldout,joint held-out,326,28,191,0.0,0.0,0.0,1.0,0.35714285714285715,0.0,0.2694125577084145,
OpenProblems,63,split_random,random,442,103,0,0.9611650485436893,0.9514563106796117,1.0,1.0,1.0,0.0,0.9929443173150267,
OpenProblems,63,split_cell_heldout,cell held-out,408,137,0,1.0,0.9854014598540146,0.0,1.0,1.0,0.0,1.0,
OpenProblems,63,split_scaffold_heldout,scaffold held-out,434,111,0,0.0,0.0,1.0,1.0,0.5315315315315315,0.0,0.303207052720112,
OpenProblems,63,split_cell_scaffold_heldout,joint held-out,325,28,192,0.0,0.0,0.0,1.0,0.5357142857142857,0.0,0.303207052720112,
OpenProblems,64,split_random,random,437,108,0,1.0,0.9907407407407407,1.0,1.0,1.0,0.0,1.0,
OpenProblems,64,split_cell_heldout,cell held-out,407,138,0,1.0,0.9855072463768116,0.0,1.0,1.0,0.0,1.0,
OpenProblems,64,split_scaffold_heldout,scaffold held-out,435,110,0,0.0,0.0,1.0,1.0,0.32727272727272727,0.0,0.2669289891278662,
OpenProblems,64,split_cell_scaffold_heldout,joint held-out,325,28,192,0.0,0.0,0.0,1.0,0.32142857142857145,0.0,0.2669289891278662,
OpenProblems,65,split_random,random,445,100,0,1.0,0.98,1.0,1.0,1.0,0.0,1.0,
OpenProblems,65,split_cell_heldout,cell held-out,408,137,0,1.0,0.9854014598540146,0.0,1.0,1.0,0.0,1.0,
OpenProblems,65,split_scaffold_heldout,scaffold held-out,434,111,0,0.0,0.0,1.0,1.0,0.42342342342342343,0.0,0.2766600399145898,
OpenProblems,65,split_cell_scaffold_heldout,joint held-out,325,28,192,0.0,0.0,0.0,1.0,0.42857142857142855,0.0,0.2766600399145898,
OpenProblems,66,split_random,random,430,115,0,1.0,0.9826086956521739,1.0,1.0,1.0,0.0,1.0,
OpenProblems,66,split_cell_heldout,cell held-out,412,133,0,1.0,0.9849624060150376,0.0,1.0,1.0,0.0,1.0,
OpenProblems,66,split_scaffold_heldout,scaffold held-out,444,101,0,0.0,0.0,1.0,1.0,0.45544554455445546,0.0,0.27446922122013845,
OpenProblems,66,split_cell_scaffold_heldout,joint held-out,335,24,186,0.0,0.0,0.0,1.0,0.4166666666666667,0.0,0.2716656942301947,
OpenProblems,67,split_random,random,445,100,0,1.0,0.96,1.0,1.0,1.0,0.0,1.0,
OpenProblems,67,split_cell_heldout,cell held-out,408,137,0,1.0,0.9854014598540146,0.0,1.0,1.0,0.0,1.0,
OpenProblems,67,split_scaffold_heldout,scaffold held-out,444,101,0,0.0,0.0,1.0,1.0,0.46534653465346537,0.0,0.2934460127694502,
OpenProblems,67,split_cell_scaffold_heldout,joint held-out,333,26,186,0.0,0.0,0.0,1.0,0.46153846153846156,0.0,0.2934460127694502,
OpenProblems,68,split_random,random,432,113,0,1.0,0.9823008849557522,1.0,1.0,1.0,0.0,1.0,
OpenProblems,68,split_cell_heldout,cell held-out,408,137,0,1.0,0.9854014598540146,0.0,1.0,1.0,0.0,1.0,
OpenProblems,68,split_scaffold_heldout,scaffold held-out,437,108,0,0.0,0.0,1.0,1.0,0.4074074074074074,0.0,0.2732445163613896,
OpenProblems,68,split_cell_scaffold_heldout,joint held-out,327,27,191,0.0,0.0,0.0,1.0,0.4074074074074074,0.0,0.2732445163613896,
OpenProblems,69,split_random,random,435,110,0,1.0,0.990909090909091,1.0,1.0,1.0,0.0,1.0,
OpenProblems,69,split_cell_heldout,cell held-out,412,133,0,1.0,0.9849624060150376,0.0,1.0,1.0,0.0,1.0,
OpenProblems,69,split_scaffold_heldout,scaffold held-out,435,110,0,0.0,0.0,1.0,1.0,0.5363636363636364,0.0,0.2947262932977642,
OpenProblems,69,split_cell_scaffold_heldout,joint held-out,329,27,189,0.0,0.0,0.0,1.0,0.5185185185185185,0.0,0.296193858204484,
OpenProblems,70,split_random,random,444,101,0,0.9207920792079208,0.8811881188118812,1.0,1.0,0.9603960396039604,0.0,0.9806753075983844,
OpenProblems,70,split_cell_heldout,cell held-out,408,137,0,1.0,0.9854014598540146,0.0,1.0,1.0,0.0,1.0,
OpenProblems,70,split_scaffold_heldout,scaffold held-out,438,107,0,0.0,0.0,1.0,1.0,0.5887850467289719,0.0,0.2776904418133643,
OpenProblems,70,split_cell_scaffold_heldout,joint held-out,328,27,190,0.0,0.0,0.0,1.0,0.5925925925925926,0.0,0.2776904418133643,
OpenProblems,71,split_random,random,432,113,0,1.0,0.9823008849557522,1.0,1.0,1.0,0.0,1.0,
OpenProblems,71,split_cell_heldout,cell held-out,408,137,0,1.0,0.9854014598540146,0.0,1.0,1.0,0.0,1.0,
OpenProblems,71,split_scaffold_heldout,scaffold held-out,442,103,0,0.0,0.0,1.0,1.0,0.2621359223300971,0.0,0.26717035585967286,
OpenProblems,71,split_cell_scaffold_heldout,joint held-out,331,26,188,0.0,0.0,0.0,1.0,0.2692307692307692,0.0,0.26717035585967286,
OpenProblems,72,split_random,random,432,113,0,1.0,0.9911504424778761,1.0,1.0,1.0,0.0,1.0,
OpenProblems,72,split_cell_heldout,cell held-out,412,133,0,1.0,0.9849624060150376,0.0,1.0,1.0,0.0,1.0,
OpenProblems,72,split_scaffold_heldout,scaffold held-out,441,104,0,0.0,0.0,1.0,1.0,0.38461538461538464,0.0,0.25021484535985716,
OpenProblems,72,split_cell_scaffold_heldout,joint held-out,334,26,185,0.0,0.0,0.0,1.0,0.38461538461538464,0.0,0.2502148453598572,
OpenProblems,73,split_random,random,443,102,0,1.0,0.9705882352941176,1.0,1.0,1.0,0.0,1.0,
OpenProblems,73,split_cell_heldout,cell held-out,407,138,0,1.0,0.9855072463768116,0.0,1.0,1.0,0.0,1.0,
OpenProblems,73,split_scaffold_heldout,scaffold held-out,438,107,0,0.0,0.0,1.0,1.0,0.5887850467289719,0.0,0.27798401740271256,
OpenProblems,73,split_cell_scaffold_heldout,joint held-out,327,27,191,0.0,0.0,0.0,1.0,0.5925925925925926,0.0,0.27798401740271256,
OpenProblems,74,split_random,random,445,100,0,1.0,0.98,1.0,1.0,1.0,0.0,1.0,
OpenProblems,74,split_cell_heldout,cell held-out,407,138,0,1.0,0.9855072463768116,0.0,1.0,1.0,0.0,1.0,
OpenProblems,74,split_scaffold_heldout,scaffold held-out,446,99,0,0.0,0.0,1.0,1.0,0.47474747474747475,0.0,0.28086244445824227,
OpenProblems,74,split_cell_scaffold_heldout,joint held-out,333,25,187,0.0,0.0,0.0,1.0,0.48,0.0,0.28086244445824227,
OpenProblems,75,split_random,random,451,94,0,1.0,0.9893617021276596,1.0,1.0,1.0,0.0,1.0,
OpenProblems,75,split_cell_heldout,cell held-out,408,137,0,1.0,0.9854014598540146,0.0,1.0,1.0,0.0,1.0,
OpenProblems,75,split_scaffold_heldout,scaffold held-out,438,107,0,0.0,0.0,1.0,1.0,0.3644859813084112,0.0,0.27735271097033004,
OpenProblems,75,split_cell_scaffold_heldout,joint held-out,328,27,190,0.0,0.0,0.0,1.0,0.37037037037037035,0.0,0.2773527109703301,
OpenProblems,76,split_random,random,428,117,0,1.0,1.0,1.0,1.0,1.0,0.0,1.0,
OpenProblems,76,split_cell_heldout,cell held-out,408,137,0,1.0,0.9854014598540146,0.0,1.0,1.0,0.0,1.0,
OpenProblems,76,split_scaffold_heldout,scaffold held-out,437,108,0,0.0,0.0,1.0,1.0,0.4074074074074074,0.0,0.2659508169332944,
OpenProblems,76,split_cell_scaffold_heldout,joint held-out,327,27,191,0.0,0.0,0.0,1.0,0.4074074074074074,0.0,0.2659508169332944,
OpenProblems,77,split_random,random,426,119,0,0.9831932773109243,0.9747899159663865,1.0,1.0,0.9831932773109243,0.0,0.9906629318394025,
OpenProblems,77,split_cell_heldout,cell held-out,408,137,0,1.0,0.9854014598540146,0.0,1.0,1.0,0.0,1.0,
OpenProblems,77,split_scaffold_heldout,scaffold held-out,438,107,0,0.0,0.0,1.0,1.0,0.4766355140186916,0.0,0.2614852353486923,
OpenProblems,77,split_cell_scaffold_heldout,joint held-out,328,27,190,0.0,0.0,0.0,1.0,0.48148148148148145,0.0,0.2614852353486923,
OpenProblems,78,split_random,random,444,101,0,1.0,1.0,1.0,1.0,1.0,0.0,1.0,
OpenProblems,78,split_cell_heldout,cell held-out,408,137,0,1.0,0.9854014598540146,0.0,1.0,1.0,0.0,1.0,
OpenProblems,78,split_scaffold_heldout,scaffold held-out,438,107,0,0.0,0.0,1.0,1.0,0.3644859813084112,0.0,0.2543417426477343,
OpenProblems,78,split_cell_scaffold_heldout,joint held-out,328,27,190,0.0,0.0,0.0,1.0,0.37037037037037035,0.0,0.2543417426477343,
OpenProblems,79,split_random,random,431,114,0,1.0,0.9824561403508771,1.0,1.0,1.0,0.0,1.0,
OpenProblems,79,split_cell_heldout,cell held-out,408,137,0,1.0,0.9854014598540146,0.0,1.0,1.0,0.0,1.0,
OpenProblems,79,split_scaffold_heldout,scaffold held-out,438,107,0,0.0,0.0,1.0,1.0,0.48598130841121495,0.0,0.2987237742470405,
OpenProblems,79,split_cell_scaffold_heldout,joint held-out,328,27,190,0.0,0.0,0.0,1.0,0.48148148148148145,0.0,0.29872377424704044,
OpenProblems,80,split_random,random,446,99,0,1.0,0.9696969696969697,1.0,1.0,1.0,0.0,1.0,
OpenProblems,80,split_cell_heldout,cell held-out,408,137,0,1.0,0.9854014598540146,0.0,1.0,1.0,0.0,1.0,
OpenProblems,80,split_scaffold_heldout,scaffold held-out,439,106,0,0.0,0.0,1.0,1.0,0.4716981132075472,0.0,0.252970700635125,
OpenProblems,80,split_cell_scaffold_heldout,joint held-out,329,27,189,0.0,0.0,0.0,1.0,0.48148148148148145,0.0,0.252970700635125,
OpenProblems,81,split_random,random,428,117,0,1.0,0.9914529914529915,1.0,1.0,1.0,0.0,1.0,
OpenProblems,81,split_cell_heldout,cell held-out,412,133,0,1.0,0.9849624060150376,0.0,1.0,1.0,0.0,1.0,
OpenProblems,81,split_scaffold_heldout,scaffold held-out,442,103,0,0.0,0.0,1.0,1.0,0.4563106796116505,0.0,0.27211535393054037,
OpenProblems,81,split_cell_scaffold_heldout,joint held-out,334,25,186,0.0,0.0,0.0,1.0,0.44,0.0,0.27419262863822075,
OpenProblems,82,split_random,random,438,107,0,1.0,0.9906542056074766,1.0,1.0,1.0,0.0,1.0,
OpenProblems,82,split_cell_heldout,cell held-out,412,133,0,1.0,0.9849624060150376,0.0,1.0,1.0,0.0,1.0,
OpenProblems,82,split_scaffold_heldout,scaffold held-out,437,108,0,0.0,0.0,1.0,1.0,0.3333333333333333,0.0,0.2918707613286734,
OpenProblems,82,split_cell_scaffold_heldout,joint held-out,331,27,187,0.0,0.0,0.0,1.0,0.3333333333333333,0.0,0.2918707613286734,
OpenProblems,83,split_random,random,439,106,0,1.0,0.9905660377358491,1.0,1.0,1.0,0.0,1.0,
OpenProblems,83,split_cell_heldout,cell held-out,412,133,0,1.0,0.9849624060150376,0.0,1.0,1.0,0.0,1.0,
OpenProblems,83,split_scaffold_heldout,scaffold held-out,429,116,0,0.0,0.0,1.0,1.0,0.4827586206896552,0.0,0.2956463168757881,
OpenProblems,83,split_cell_scaffold_heldout,joint held-out,325,29,191,0.0,0.0,0.0,1.0,0.4827586206896552,0.0,0.2956463168757881,
OpenProblems,84,split_random,random,445,100,0,1.0,0.99,1.0,1.0,1.0,0.0,1.0,
OpenProblems,84,split_cell_heldout,cell held-out,408,137,0,1.0,0.9854014598540146,0.0,1.0,1.0,0.0,1.0,
OpenProblems,84,split_scaffold_heldout,scaffold held-out,438,107,0,0.0,0.0,1.0,1.0,0.5514018691588785,0.0,0.28123323429796815,
OpenProblems,84,split_cell_scaffold_heldout,joint held-out,328,27,190,0.0,0.0,0.0,1.0,0.5555555555555556,0.0,0.28123323429796815,
OpenProblems,85,split_random,random,451,94,0,0.9680851063829787,0.9574468085106383,1.0,1.0,1.0,0.0,0.9900680272108844,
OpenProblems,85,split_cell_heldout,cell held-out,408,137,0,1.0,0.9854014598540146,0.0,1.0,1.0,0.0,1.0,
OpenProblems,85,split_scaffold_heldout,scaffold held-out,437,108,0,0.0,0.0,1.0,1.0,0.48148148148148145,0.0,0.2743619952022151,
OpenProblems,85,split_cell_scaffold_heldout,joint held-out,327,27,191,0.0,0.0,0.0,1.0,0.48148148148148145,0.0,0.2743619952022151,
OpenProblems,86,split_random,random,431,114,0,1.0,0.9824561403508771,1.0,1.0,1.0,0.0,1.0,
OpenProblems,86,split_cell_heldout,cell held-out,412,133,0,1.0,0.9849624060150376,0.0,1.0,1.0,0.0,1.0,
OpenProblems,86,split_scaffold_heldout,scaffold held-out,438,107,0,0.0,0.0,1.0,1.0,0.4766355140186916,0.0,0.2731954440364093,
OpenProblems,86,split_cell_scaffold_heldout,joint held-out,331,26,188,0.0,0.0,0.0,1.0,0.46153846153846156,0.0,0.27667954974349523,
OpenProblems,87,split_random,random,419,126,0,1.0,0.9920634920634921,1.0,1.0,1.0,0.0,1.0,
OpenProblems,87,split_cell_heldout,cell held-out,408,137,0,1.0,0.9854014598540146,0.0,1.0,1.0,0.0,1.0,
OpenProblems,87,split_scaffold_heldout,scaffold held-out,438,107,0,0.0,0.0,1.0,1.0,0.4392523364485981,0.0,0.25900298104932284,
OpenProblems,87,split_cell_scaffold_heldout,joint held-out,328,27,190,0.0,0.0,0.0,1.0,0.4444444444444444,0.0,0.25900298104932284,
OpenProblems,88,split_random,random,422,123,0,0.967479674796748,0.9512195121951219,1.0,1.0,0.967479674796748,0.0,0.9925093632958801,
OpenProblems,88,split_cell_heldout,cell held-out,408,137,0,1.0,0.9854014598540146,0.0,1.0,1.0,0.0,1.0,
OpenProblems,88,split_scaffold_heldout,scaffold held-out,445,100,0,0.0,0.0,1.0,1.0,0.44,0.0,0.2589164035381776,
OpenProblems,88,split_cell_scaffold_heldout,joint held-out,333,25,187,0.0,0.0,0.0,1.0,0.44,0.0,0.2589164035381776,
OpenProblems,89,split_random,random,419,126,0,1.0,0.9841269841269841,1.0,1.0,1.0,0.0,1.0,
OpenProblems,89,split_cell_heldout,cell held-out,408,137,0,1.0,0.9854014598540146,0.0,1.0,1.0,0.0,1.0,
OpenProblems,89,split_scaffold_heldout,scaffold held-out,442,103,0,0.0,0.0,1.0,1.0,0.5728155339805825,0.0,0.2866861595757398,
OpenProblems,89,split_cell_scaffold_heldout,joint held-out,331,26,188,0.0,0.0,0.0,1.0,0.5769230769230769,0.0,0.2866861595757398,
OpenProblems,90,split_random,random,433,112,0,1.0,1.0,1.0,1.0,1.0,0.0,1.0,
OpenProblems,90,split_cell_heldout,cell held-out,407,138,0,1.0,0.9855072463768116,0.0,1.0,1.0,0.0,1.0,
OpenProblems,90,split_scaffold_heldout,scaffold held-out,439,106,0,0.0,0.0,1.0,1.0,0.5849056603773585,0.0,0.29363395919331786,
OpenProblems,90,split_cell_scaffold_heldout,joint held-out,328,27,190,0.0,0.0,0.0,1.0,0.5925925925925926,0.0,0.29363395919331786,
OpenProblems,91,split_random,random,414,131,0,0.9694656488549618,0.9541984732824428,1.0,1.0,0.9694656488549618,0.0,0.9913625776397516,
OpenProblems,91,split_cell_heldout,cell held-out,407,138,0,1.0,0.9855072463768116,0.0,1.0,1.0,0.0,1.0,
OpenProblems,91,split_scaffold_heldout,scaffold held-out,438,107,0,0.0,0.0,1.0,1.0,0.4392523364485981,0.0,0.28904030584351836,
OpenProblems,91,split_cell_scaffold_heldout,joint held-out,327,27,191,0.0,0.0,0.0,1.0,0.4444444444444444,0.0,0.28904030584351836,
OpenProblems,92,split_random,random,444,101,0,1.0,1.0,1.0,1.0,1.0,0.0,1.0,
OpenProblems,92,split_cell_heldout,cell held-out,407,138,0,1.0,0.9855072463768116,0.0,1.0,1.0,0.0,1.0,
OpenProblems,92,split_scaffold_heldout,scaffold held-out,441,104,0,0.0,0.0,1.0,1.0,0.5769230769230769,0.0,0.3057732208407033,
OpenProblems,92,split_cell_scaffold_heldout,joint held-out,329,26,190,0.0,0.0,0.0,1.0,0.5769230769230769,0.0,0.3057732208407033,
OpenProblems,93,split_random,random,436,109,0,1.0,1.0,1.0,1.0,1.0,0.0,1.0,
OpenProblems,93,split_cell_heldout,cell held-out,408,137,0,1.0,0.9854014598540146,0.0,1.0,1.0,0.0,1.0,
OpenProblems,93,split_scaffold_heldout,scaffold held-out,439,106,0,0.0,0.0,1.0,1.0,0.3584905660377358,0.0,0.2857575985180092,
OpenProblems,93,split_cell_scaffold_heldout,joint held-out,329,27,189,0.0,0.0,0.0,1.0,0.37037037037037035,0.0,0.2857575985180092,
OpenProblems,94,split_random,random,437,108,0,0.9629629629629629,0.9444444444444444,1.0,1.0,1.0,0.0,0.989803094233474,
OpenProblems,94,split_cell_heldout,cell held-out,408,137,0,1.0,0.9854014598540146,0.0,1.0,1.0,0.0,1.0,
OpenProblems,94,split_scaffold_heldout,scaffold held-out,434,111,0,0.0,0.0,1.0,1.0,0.27927927927927926,0.0,0.28530888974168406,
OpenProblems,94,split_cell_scaffold_heldout,joint held-out,325,28,192,0.0,0.0,0.0,1.0,0.2857142857142857,0.0,0.28530888974168406,
OpenProblems,95,split_random,random,440,105,0,1.0,0.9809523809523809,1.0,1.0,1.0,0.0,1.0,
OpenProblems,95,split_cell_heldout,cell held-out,407,138,0,1.0,0.9855072463768116,0.0,1.0,1.0,0.0,1.0,
OpenProblems,95,split_scaffold_heldout,scaffold held-out,438,107,0,0.0,0.0,1.0,1.0,0.6261682242990654,0.0,0.28801833131089755,
OpenProblems,95,split_cell_scaffold_heldout,joint held-out,327,27,191,0.0,0.0,0.0,1.0,0.6296296296296297,0.0,0.28801833131089755,
OpenProblems,96,split_random,random,436,109,0,0.963302752293578,0.944954128440367,1.0,1.0,1.0,0.0,0.9932773109243698,
OpenProblems,96,split_cell_heldout,cell held-out,412,133,0,1.0,0.9849624060150376,0.0,1.0,1.0,0.0,1.0,
OpenProblems,96,split_scaffold_heldout,scaffold held-out,429,116,0,0.0,0.0,1.0,1.0,0.3793103448275862,0.0,0.27324628507559096,
OpenProblems,96,split_cell_scaffold_heldout,joint held-out,325,29,191,0.0,0.0,0.0,1.0,0.3793103448275862,0.0,0.27324628507559096,
OpenProblems,97,split_random,random,443,102,0,0.9607843137254902,0.9215686274509803,1.0,1.0,1.0,0.0,0.9926739926739927,
OpenProblems,97,split_cell_heldout,cell held-out,412,133,0,1.0,0.9849624060150376,0.0,1.0,1.0,0.0,1.0,
OpenProblems,97,split_scaffold_heldout,scaffold held-out,442,103,0,0.0,0.0,1.0,1.0,0.47572815533980584,0.0,0.25970469061572016,
OpenProblems,97,split_cell_scaffold_heldout,joint held-out,332,23,190,0.0,0.0,0.0,1.0,0.43478260869565216,0.0,0.257609358308669,
OpenProblems,98,split_random,random,436,109,0,0.9724770642201835,0.9541284403669725,1.0,1.0,1.0,0.0,0.9927233687224143,
OpenProblems,98,split_cell_heldout,cell held-out,407,138,0,1.0,0.9855072463768116,0.0,1.0,1.0,0.0,1.0,
OpenProblems,98,split_scaffold_heldout,scaffold held-out,439,106,0,0.0,0.0,1.0,1.0,0.39622641509433965,0.0,0.28616178960006444,
OpenProblems,98,split_cell_scaffold_heldout,joint held-out,328,27,190,0.0,0.0,0.0,1.0,0.4074074074074074,0.0,0.28616178960006444,
OpenProblems,99,split_random,random,454,91,0,0.9560439560439561,0.945054945054945,1.0,1.0,0.9560439560439561,0.0,0.9884615384615385,
OpenProblems,99,split_cell_heldout,cell held-out,408,137,0,1.0,0.9854014598540146,0.0,1.0,1.0,0.0,1.0,
OpenProblems,99,split_scaffold_heldout,scaffold held-out,438,107,0,0.0,0.0,1.0,1.0,0.4392523364485981,0.0,0.30127057789165007,
OpenProblems,99,split_cell_scaffold_heldout,joint held-out,328,27,190,0.0,0.0,0.0,1.0,0.4444444444444444,0.0,0.30127057789165007,
OpenProblems,100,split_random,random,453,92,0,1.0,0.967391304347826,1.0,1.0,1.0,0.0,1.0,
OpenProblems,100,split_cell_heldout,cell held-out,412,133,0,1.0,0.9849624060150376,0.0,1.0,1.0,0.0,1.0,
OpenProblems,100,split_scaffold_heldout,scaffold held-out,445,100,0,0.0,0.0,1.0,1.0,0.36,0.0,0.2877273090038633,
OpenProblems,100,split_cell_scaffold_heldout,joint held-out,337,25,183,0.0,0.0,0.0,1.0,0.36,0.0,0.28772730900386334,
Sci-Plex 3,1,split_random,random,1767,433,0,1.0,0.9699769053117784,1.0,,,,,1.0
Sci-Plex 3,1,split_cell_heldout,cell held-out,1463,737,0,1.0,0.9674355495251018,0.0,,,,,1.0
Sci-Plex 3,1,split_scaffold_heldout,scaffold held-out,1766,434,0,0.0,0.0,1.0,,,,,0.2827962363674929
Sci-Plex 3,1,split_cell_scaffold_heldout,joint held-out,1173,144,883,0.0,0.0,0.0,,,,,0.2840449622845385
Sci-Plex 3,2,split_random,random,1742,458,0,1.0,0.9694323144104804,1.0,,,,,1.0
Sci-Plex 3,2,split_cell_heldout,cell held-out,1481,719,0,0.9944367176634216,0.96105702364395,0.0,,,,,0.9954993670984982
Sci-Plex 3,2,split_scaffold_heldout,scaffold held-out,1818,382,0,0.0,0.0,1.0,,,,,0.3002491256186507
Sci-Plex 3,2,split_cell_scaffold_heldout,joint held-out,1226,127,847,0.0,0.0,0.0,,,,,0.2973006019630005
Sci-Plex 3,3,split_random,random,1729,471,0,1.0,0.9681528662420382,1.0,,,,,1.0
Sci-Plex 3,3,split_cell_heldout,cell held-out,1481,719,0,0.9944367176634216,0.96105702364395,0.0,,,,,0.9954993670984982
Sci-Plex 3,3,split_scaffold_heldout,scaffold held-out,1702,498,0,0.0,0.0,1.0,,,,,0.2967284008593708
Sci-Plex 3,3,split_cell_scaffold_heldout,joint held-out,1145,162,893,0.0,0.0,0.0,,,,,0.2951447724776907
Sci-Plex 3,4,split_random,random,1766,434,0,1.0,0.9654377880184332,1.0,,,,,1.0
Sci-Plex 3,4,split_cell_heldout,cell held-out,1463,737,0,1.0,0.9674355495251018,0.0,,,,,1.0
Sci-Plex 3,4,split_scaffold_heldout,scaffold held-out,1772,428,0,0.0,0.0,1.0,,,,,0.3107851638534539
Sci-Plex 3,4,split_cell_scaffold_heldout,joint held-out,1177,142,881,0.0,0.0,0.0,,,,,0.3110919846912922
Sci-Plex 3,5,split_random,random,1745,455,0,1.0,0.9714285714285714,1.0,,,,,1.0
Sci-Plex 3,5,split_cell_heldout,cell held-out,1463,737,0,1.0,0.9674355495251018,0.0,,,,,1.0
Sci-Plex 3,5,split_scaffold_heldout,scaffold held-out,1809,391,0,0.0,0.0,1.0,,,,,0.2977383207569538
Sci-Plex 3,5,split_cell_scaffold_heldout,joint held-out,1203,131,866,0.0,0.0,0.0,,,,,0.2982525976888723
Sci-Plex 3,6,split_random,random,1779,421,0,1.0,0.9619952494061758,1.0,,,,,1.0
Sci-Plex 3,6,split_cell_heldout,cell held-out,1456,744,0,1.0,0.967741935483871,0.0,,,,,1.0
Sci-Plex 3,6,split_scaffold_heldout,scaffold held-out,1814,386,0,0.0,0.0,1.0,,,,,0.3279675862079123
Sci-Plex 3,6,split_cell_scaffold_heldout,joint held-out,1199,129,872,0.0,0.0,0.0,,,,,0.3360243699585605
Sci-Plex 3,7,split_random,random,1766,434,0,1.0,0.9631336405529954,1.0,,,,,1.0
Sci-Plex 3,7,split_cell_heldout,cell held-out,1456,744,0,1.0,0.967741935483871,0.0,,,,,1.0
Sci-Plex 3,7,split_scaffold_heldout,scaffold held-out,1754,446,0,0.0,0.0,1.0,,,,,0.3143275219055932
Sci-Plex 3,7,split_cell_scaffold_heldout,joint held-out,1161,151,888,0.0,0.0,0.0,,,,,0.3133223608870152
Sci-Plex 3,8,split_random,random,1796,404,0,1.0,0.9554455445544554,1.0,,,,,1.0
Sci-Plex 3,8,split_cell_heldout,cell held-out,1481,719,0,0.9944367176634216,0.96105702364395,0.0,,,,,0.9954993670984982
Sci-Plex 3,8,split_scaffold_heldout,scaffold held-out,1781,419,0,0.0,0.0,1.0,,,,,0.3091889312274104
Sci-Plex 3,8,split_cell_scaffold_heldout,joint held-out,1196,134,870,0.0,0.0,0.0,,,,,0.3138233096864224
Sci-Plex 3,9,split_random,random,1793,407,0,1.0,0.9606879606879608,1.0,,,,,1.0
Sci-Plex 3,9,split_cell_heldout,cell held-out,1463,737,0,1.0,0.9674355495251018,0.0,,,,,1.0
Sci-Plex 3,9,split_scaffold_heldout,scaffold held-out,1779,421,0,0.0,0.0,1.0,,,,,0.3440003468050565
Sci-Plex 3,9,split_cell_scaffold_heldout,joint held-out,1186,144,870,0.0,0.0,0.0,,,,,0.3424883835313744
Sci-Plex 3,10,split_random,random,1755,445,0,1.0,0.9797752808988764,1.0,,,,,1.0
Sci-Plex 3,10,split_cell_heldout,cell held-out,1481,719,0,0.9944367176634216,0.96105702364395,0.0,,,,,0.9954993670984982
Sci-Plex 3,10,split_scaffold_heldout,scaffold held-out,1810,390,0,0.0,0.0,1.0,,,,,0.3403307892680279
Sci-Plex 3,10,split_cell_scaffold_heldout,joint held-out,1219,128,853,0.0,0.0,0.0,,,,,0.3388212017426572
Sci-Plex 3,11,split_random,random,1750,450,0,1.0,0.9777777777777776,1.0,,,,,1.0
Sci-Plex 3,11,split_cell_heldout,cell held-out,1463,737,0,1.0,0.9674355495251018,0.0,,,,,1.0
Sci-Plex 3,11,split_scaffold_heldout,scaffold held-out,1788,412,0,0.0,0.0,1.0,,,,,0.3090827567746145
Sci-Plex 3,11,split_cell_scaffold_heldout,joint held-out,1190,139,871,0.0,0.0,0.0,,,,,0.3086483801168646
Sci-Plex 3,12,split_random,random,1760,440,0,1.0,0.9659090909090908,1.0,,,,,1.0
Sci-Plex 3,12,split_cell_heldout,cell held-out,1481,719,0,0.9944367176634216,0.96105702364395,0.0,,,,,0.9954993670984982
Sci-Plex 3,12,split_scaffold_heldout,scaffold held-out,1779,421,0,0.0,0.0,1.0,,,,,0.2755324288561255
Sci-Plex 3,12,split_cell_scaffold_heldout,joint held-out,1196,136,868,0.0,0.0,0.0,,,,,0.2788216975617881
Sci-Plex 3,13,split_random,random,1761,439,0,1.0,0.9703872437357632,1.0,,,,,1.0
Sci-Plex 3,13,split_cell_heldout,cell held-out,1463,737,0,1.0,0.9674355495251018,0.0,,,,,1.0
Sci-Plex 3,13,split_scaffold_heldout,scaffold held-out,1760,440,0,0.0,0.0,1.0,,,,,0.340227580571233
Sci-Plex 3,13,split_cell_scaffold_heldout,joint held-out,1170,147,883,0.0,0.0,0.0,,,,,0.3408085358178533
Sci-Plex 3,14,split_random,random,1743,457,0,1.0,0.9781181619256016,1.0,,,,,1.0
Sci-Plex 3,14,split_cell_heldout,cell held-out,1456,744,0,1.0,0.967741935483871,0.0,,,,,1.0
Sci-Plex 3,14,split_scaffold_heldout,scaffold held-out,1679,521,0,0.0,0.0,1.0,,,,,0.3218599608934493
Sci-Plex 3,14,split_cell_scaffold_heldout,joint held-out,1111,176,913,0.0,0.0,0.0,,,,,0.3221801004394427
Sci-Plex 3,15,split_random,random,1771,429,0,1.0,0.9603729603729604,1.0,,,,,1.0
Sci-Plex 3,15,split_cell_heldout,cell held-out,1481,719,0,0.9944367176634216,0.96105702364395,0.0,,,,,0.9954993670984982
Sci-Plex 3,15,split_scaffold_heldout,scaffold held-out,1716,484,0,0.0,0.0,1.0,,,,,0.3155175936601732
Sci-Plex 3,15,split_cell_scaffold_heldout,joint held-out,1153,156,891,0.0,0.0,0.0,,,,,0.3145596650950672
Sci-Plex 3,16,split_random,random,1764,436,0,1.0,0.970183486238532,1.0,,,,,1.0
Sci-Plex 3,16,split_cell_heldout,cell held-out,1481,719,0,0.9944367176634216,0.96105702364395,0.0,,,,,0.9954993670984982
Sci-Plex 3,16,split_scaffold_heldout,scaffold held-out,1786,414,0,0.0,0.0,1.0,,,,,0.3036977514199458
Sci-Plex 3,16,split_cell_scaffold_heldout,joint held-out,1204,137,859,0.0,0.0,0.0,,,,,0.301516588818166
Sci-Plex 3,17,split_random,random,1759,441,0,1.0,0.9523809523809524,1.0,,,,,1.0
Sci-Plex 3,17,split_cell_heldout,cell held-out,1481,719,0,0.9944367176634216,0.96105702364395,0.0,,,,,0.9954993670984982
Sci-Plex 3,17,split_scaffold_heldout,scaffold held-out,1767,433,0,0.0,0.0,1.0,,,,,0.3250781349513425
Sci-Plex 3,17,split_cell_scaffold_heldout,joint held-out,1188,140,872,0.0,0.0,0.0,,,,,0.3232080484698533
Sci-Plex 3,18,split_random,random,1750,450,0,1.0,0.9622222222222222,1.0,,,,,1.0
Sci-Plex 3,18,split_cell_heldout,cell held-out,1463,737,0,1.0,0.9674355495251018,0.0,,,,,1.0
Sci-Plex 3,18,split_scaffold_heldout,scaffold held-out,1692,508,0,0.0,0.0,1.0,,,,,0.3225178603337008
Sci-Plex 3,18,split_cell_scaffold_heldout,joint held-out,1127,172,901,0.0,0.0,0.0,,,,,0.3226944221943749
Sci-Plex 3,19,split_random,random,1750,450,0,1.0,0.9733333333333334,1.0,,,,,1.0
Sci-Plex 3,19,split_cell_heldout,cell held-out,1463,737,0,1.0,0.9674355495251018,0.0,,,,,1.0
Sci-Plex 3,19,split_scaffold_heldout,scaffold held-out,1761,439,0,0.0,0.0,1.0,,,,,0.3116563758998246
Sci-Plex 3,19,split_cell_scaffold_heldout,joint held-out,1169,145,886,0.0,0.0,0.0,,,,,0.3129398287045929
Sci-Plex 3,20,split_random,random,1750,450,0,1.0,0.9577777777777776,1.0,,,,,1.0
Sci-Plex 3,20,split_cell_heldout,cell held-out,1463,737,0,1.0,0.9674355495251018,0.0,,,,,1.0
Sci-Plex 3,20,split_scaffold_heldout,scaffold held-out,1775,425,0,0.0,0.0,1.0,,,,,0.331449912016694
Sci-Plex 3,20,split_cell_scaffold_heldout,joint held-out,1181,143,876,0.0,0.0,0.0,,,,,0.331504335094763
Sci-Plex 3,21,split_random,random,1764,436,0,1.0,0.9724770642201837,1.0,,,,,1.0
Sci-Plex 3,21,split_cell_heldout,cell held-out,1456,744,0,1.0,0.967741935483871,0.0,,,,,1.0
Sci-Plex 3,21,split_scaffold_heldout,scaffold held-out,1797,403,0,0.0,0.0,1.0,,,,,0.3232102696810857
Sci-Plex 3,21,split_cell_scaffold_heldout,joint held-out,1191,138,871,0.0,0.0,0.0,,,,,0.3200483119446706
Sci-Plex 3,22,split_random,random,1744,456,0,1.0,0.9539473684210528,1.0,,,,,1.0
Sci-Plex 3,22,split_cell_heldout,cell held-out,1481,719,0,0.9944367176634216,0.96105702364395,0.0,,,,,0.9954993670984982
Sci-Plex 3,22,split_scaffold_heldout,scaffold held-out,1763,437,0,0.0,0.0,1.0,,,,,0.2857212077531205
Sci-Plex 3,22,split_cell_scaffold_heldout,joint held-out,1187,143,870,0.0,0.0,0.0,,,,,0.2861478941189336
Sci-Plex 3,23,split_random,random,1783,417,0,1.0,0.9592326139088728,1.0,,,,,1.0
Sci-Plex 3,23,split_cell_heldout,cell held-out,1463,737,0,1.0,0.9674355495251018,0.0,,,,,1.0
Sci-Plex 3,23,split_scaffold_heldout,scaffold held-out,1790,410,0,0.0,0.0,1.0,,,,,0.3113871722634
Sci-Plex 3,23,split_cell_scaffold_heldout,joint held-out,1189,136,875,0.0,0.0,0.0,,,,,0.313456690703367
Sci-Plex 3,24,split_random,random,1763,437,0,1.0,0.9816933638443937,1.0,,,,,1.0
Sci-Plex 3,24,split_cell_heldout,cell held-out,1456,744,0,1.0,0.967741935483871,0.0,,,,,1.0
Sci-Plex 3,24,split_scaffold_heldout,scaffold held-out,1801,399,0,0.0,0.0,1.0,,,,,0.322747933503302
Sci-Plex 3,24,split_cell_scaffold_heldout,joint held-out,1191,134,875,0.0,0.0,0.0,,,,,0.3302015778204534
Sci-Plex 3,25,split_random,random,1751,449,0,1.0,0.9643652561247216,1.0,,,,,1.0
Sci-Plex 3,25,split_cell_heldout,cell held-out,1481,719,0,0.9944367176634216,0.96105702364395,0.0,,,,,0.9954993670984982
Sci-Plex 3,25,split_scaffold_heldout,scaffold held-out,1799,401,0,0.0,0.0,1.0,,,,,0.3174168589971651
Sci-Plex 3,25,split_cell_scaffold_heldout,joint held-out,1212,132,856,0.0,0.0,0.0,,,,,0.3127498556575365
Sci-Plex 3,26,split_random,random,1769,431,0,1.0,0.965197215777262,1.0,,,,,1.0
Sci-Plex 3,26,split_cell_heldout,cell held-out,1456,744,0,1.0,0.967741935483871,0.0,,,,,1.0
Sci-Plex 3,26,split_scaffold_heldout,scaffold held-out,1786,414,0,0.0,0.0,1.0,,,,,0.2898575749419569
Sci-Plex 3,26,split_cell_scaffold_heldout,joint held-out,1181,139,880,0.0,0.0,0.0,,,,,0.2905958086155663
Sci-Plex 3,27,split_random,random,1760,440,0,1.0,0.9568181818181818,1.0,,,,,1.0
Sci-Plex 3,27,split_cell_heldout,cell held-out,1481,719,0,0.9944367176634216,0.96105702364395,0.0,,,,,0.9954993670984982
Sci-Plex 3,27,split_scaffold_heldout,scaffold held-out,1802,398,0,0.0,0.0,1.0,,,,,0.2848785038377265
Sci-Plex 3,27,split_cell_scaffold_heldout,joint held-out,1214,131,855,0.0,0.0,0.0,,,,,0.2793684096533131
Sci-Plex 3,28,split_random,random,1767,433,0,1.0,0.9676674364896074,1.0,,,,,1.0
Sci-Plex 3,28,split_cell_heldout,cell held-out,1481,719,0,0.9944367176634216,0.96105702364395,0.0,,,,,0.9954993670984982
Sci-Plex 3,28,split_scaffold_heldout,scaffold held-out,1796,404,0,0.0,0.0,1.0,,,,,0.3308598583158644
Sci-Plex 3,28,split_cell_scaffold_heldout,joint held-out,1214,137,849,0.0,0.0,0.0,,,,,0.3258336799478599
Sci-Plex 3,29,split_random,random,1794,406,0,1.0,0.9679802955665024,1.0,,,,,1.0
Sci-Plex 3,29,split_cell_heldout,cell held-out,1463,737,0,1.0,0.9674355495251018,0.0,,,,,1.0
Sci-Plex 3,29,split_scaffold_heldout,scaffold held-out,1781,419,0,0.0,0.0,1.0,,,,,0.3257716188778711
Sci-Plex 3,29,split_cell_scaffold_heldout,joint held-out,1184,140,876,0.0,0.0,0.0,,,,,0.3256406937334676
Sci-Plex 3,30,split_random,random,1785,415,0,1.0,0.9734939759036144,1.0,,,,,1.0
Sci-Plex 3,30,split_cell_heldout,cell held-out,1463,737,0,1.0,0.9674355495251018,0.0,,,,,1.0
Sci-Plex 3,30,split_scaffold_heldout,scaffold held-out,1765,435,0,0.0,0.0,1.0,,,,,0.3085009559925997
Sci-Plex 3,30,split_cell_scaffold_heldout,joint held-out,1173,145,882,0.0,0.0,0.0,,,,,0.3087922945495164
