dataset,split,split_label,model,metric,model_status,source_file,evidence_role,mean,sd,median,iqr,n_seeds,mean_n_train,mean_n_test
OpenProblems,split_cell_heldout,cell held-out,cell_context_mean,de_gene_pearson,completed_baseline,results/openproblems_multiseed_100_de/all_simple_baseline_summary.csv,supporting_probe,0.29030060595069096,0.06454143028744848,0.335163008523629,0.1213048516828098,100,408.66,136.34
OpenProblems,split_cell_scaffold_heldout,joint held-out,cell_context_mean,de_gene_pearson,completed_baseline,results/openproblems_multiseed_100_de/all_simple_baseline_summary.csv,supporting_probe,0.2884419926006352,0.07920312848722315,0.2826586379842073,0.1214888196091165,100,328.72,26.76
OpenProblems,split_random,random,cell_context_mean,de_gene_pearson,completed_baseline,results/openproblems_multiseed_100_de/all_simple_baseline_summary.csv,supporting_probe,0.4702387343869017,0.022061773261766702,0.4721333033284293,0.02939732684068591,100,436.59,108.41
OpenProblems,split_scaffold_heldout,scaffold held-out,cell_context_mean,de_gene_pearson,completed_baseline,results/openproblems_multiseed_100_de/all_simple_baseline_summary.csv,supporting_probe,0.4767890898451857,0.04222175548520014,0.4765952249361884,0.05696566474683051,100,438.3,106.7
OpenProblems,split_cell_heldout,cell held-out,cell_context_mean,rmse,completed_baseline,results/openproblems_multiseed_100_de/all_simple_baseline_summary.csv,supporting_probe,0.8889404344558716,0.10328832435226114,0.879854142665863,0.04159128665924072,100,408.66,136.34
OpenProblems,split_cell_scaffold_heldout,joint held-out,cell_context_mean,rmse,completed_baseline,results/openproblems_multiseed_100_de/all_simple_baseline_summary.csv,supporting_probe,0.9027420234680176,0.13413934432320482,0.8604423403739929,0.18892158567905437,100,328.72,26.76
OpenProblems,split_random,random,cell_context_mean,rmse,completed_baseline,results/openproblems_multiseed_100_de/all_simple_baseline_summary.csv,supporting_probe,0.8559029841423035,0.030818677779715756,0.8509846031665802,0.039638519287109375,100,436.59,108.41
OpenProblems,split_scaffold_heldout,scaffold held-out,cell_context_mean,rmse,completed_baseline,results/openproblems_multiseed_100_de/all_simple_baseline_summary.csv,supporting_probe,0.8627143692970276,0.060780251443668505,0.8591913878917694,0.08535395562648773,100,438.3,106.7
OpenProblems,split_cell_heldout,cell held-out,cell_context_mean,rowwise_pearson,completed_baseline,results/openproblems_multiseed_100_de/all_simple_baseline_summary.csv,supporting_probe,0.17531322866678237,0.039598552798713604,0.2064970582723617,0.07273232936859131,100,408.66,136.34
OpenProblems,split_cell_scaffold_heldout,joint held-out,cell_context_mean,rowwise_pearson,completed_baseline,results/openproblems_multiseed_100_de/all_simple_baseline_summary.csv,supporting_probe,0.1723442280292511,0.04804804639559295,0.1702528893947601,0.07316532358527175,100,328.72,26.76
OpenProblems,split_random,random,cell_context_mean,rowwise_pearson,completed_baseline,results/openproblems_multiseed_100_de/all_simple_baseline_summary.csv,supporting_probe,0.30254982084035875,0.016234156178241848,0.3031966388225555,0.020559348165988922,100,436.59,108.41
OpenProblems,split_scaffold_heldout,scaffold held-out,cell_context_mean,rowwise_pearson,completed_baseline,results/openproblems_multiseed_100_de/all_simple_baseline_summary.csv,supporting_probe,0.30700547695159913,0.03139578928357058,0.30838088691234583,0.03783440589904785,100,438.3,106.7
OpenProblems,split_cell_heldout,cell held-out,drug_mean,de_gene_pearson,completed_baseline,results/openproblems_multiseed_100_de/all_simple_baseline_summary.csv,supporting_probe,0.4925815322249772,0.08800204321291448,0.5054557533377279,0.18865282307683912,100,408.66,136.34
OpenProblems,split_cell_scaffold_heldout,joint held-out,drug_mean,de_gene_pearson,completed_baseline,results/openproblems_multiseed_100_de/all_simple_baseline_summary.csv,supporting_probe,0.2884419926006352,0.07920312848722315,0.2826586379842073,0.1214888196091165,100,328.72,26.76
OpenProblems,split_random,random,drug_mean,de_gene_pearson,completed_baseline,results/openproblems_multiseed_100_de/all_simple_baseline_summary.csv,supporting_probe,0.4607145456431483,0.020084057747392896,0.46015159107360337,0.02327982011864793,100,436.59,108.41
OpenProblems,split_scaffold_heldout,scaffold held-out,drug_mean,de_gene_pearson,completed_baseline,results/openproblems_multiseed_100_de/all_simple_baseline_summary.csv,supporting_probe,0.377810280207541,0.04571468284830558,0.3763176847319558,0.05880605096514441,100,438.3,106.7
OpenProblems,split_cell_heldout,cell held-out,drug_mean,rmse,completed_baseline,results/openproblems_multiseed_100_de/all_simple_baseline_summary.csv,supporting_probe,0.8919814002513885,0.0875918362650535,0.8426781892776489,0.044865190982818604,100,408.66,136.34
OpenProblems,split_cell_scaffold_heldout,joint held-out,drug_mean,rmse,completed_baseline,results/openproblems_multiseed_100_de/all_simple_baseline_summary.csv,supporting_probe,0.9027420234680176,0.13413934432320482,0.8604423403739929,0.18892158567905437,100,328.72,26.76
OpenProblems,split_random,random,drug_mean,rmse,completed_baseline,results/openproblems_multiseed_100_de/all_simple_baseline_summary.csv,supporting_probe,0.9353997415304184,0.028788280209275145,0.9329795241355896,0.03459702432155631,100,436.59,108.41
OpenProblems,split_scaffold_heldout,scaffold held-out,drug_mean,rmse,completed_baseline,results/openproblems_multiseed_100_de/all_simple_baseline_summary.csv,supporting_probe,0.8790612292289733,0.06275540082332043,0.8756922781467438,0.08465307950973511,100,438.3,106.7
OpenProblems,split_cell_heldout,cell held-out,drug_mean,rowwise_pearson,completed_baseline,results/openproblems_multiseed_100_de/all_simple_baseline_summary.csv,supporting_probe,0.31072294652462007,0.055622733939815774,0.3236567676067352,0.1150374710559845,100,408.66,136.34
OpenProblems,split_cell_scaffold_heldout,joint held-out,drug_mean,rowwise_pearson,completed_baseline,results/openproblems_multiseed_100_de/all_simple_baseline_summary.csv,supporting_probe,0.1723442280292511,0.04804804639559295,0.1702528893947601,0.07316532358527175,100,328.72,26.76
OpenProblems,split_random,random,drug_mean,rowwise_pearson,completed_baseline,results/openproblems_multiseed_100_de/all_simple_baseline_summary.csv,supporting_probe,0.28660170346498487,0.016097592777597095,0.28716771304607386,0.019514165818691198,100,436.59,108.41
OpenProblems,split_scaffold_heldout,scaffold held-out,drug_mean,rowwise_pearson,completed_baseline,results/openproblems_multiseed_100_de/all_simple_baseline_summary.csv,supporting_probe,0.2337544432282448,0.03182648831978167,0.23397395759820935,0.03880872204899788,100,438.3,106.7
OpenProblems,split_cell_heldout,cell held-out,global_train_mean,de_gene_pearson,completed_baseline,results/openproblems_multiseed_100_de/all_simple_baseline_summary.csv,supporting_probe,0.29030060595069096,0.06454143028744848,0.335163008523629,0.1213048516828098,100,408.66,136.34
OpenProblems,split_cell_scaffold_heldout,joint held-out,global_train_mean,de_gene_pearson,completed_baseline,results/openproblems_multiseed_100_de/all_simple_baseline_summary.csv,supporting_probe,0.2884419926006352,0.07920312848722315,0.2826586379842073,0.1214888196091165,100,328.72,26.76
OpenProblems,split_random,random,global_train_mean,de_gene_pearson,completed_baseline,results/openproblems_multiseed_100_de/all_simple_baseline_summary.csv,supporting_probe,0.37540442970987686,0.024201183346012935,0.3765956293546043,0.03322615672462542,100,436.59,108.41
OpenProblems,split_scaffold_heldout,scaffold held-out,global_train_mean,de_gene_pearson,completed_baseline,results/openproblems_multiseed_100_de/all_simple_baseline_summary.csv,supporting_probe,0.377810280207541,0.04571468284830558,0.3763176847319558,0.05880605096514441,100,438.3,106.7
OpenProblems,split_cell_heldout,cell held-out,global_train_mean,rmse,completed_baseline,results/openproblems_multiseed_100_de/all_simple_baseline_summary.csv,supporting_probe,0.8889404344558716,0.10328832435226114,0.879854142665863,0.04159128665924072,100,408.66,136.34
OpenProblems,split_cell_scaffold_heldout,joint held-out,global_train_mean,rmse,completed_baseline,results/openproblems_multiseed_100_de/all_simple_baseline_summary.csv,supporting_probe,0.9027420234680176,0.13413934432320482,0.8604423403739929,0.18892158567905437,100,328.72,26.76
OpenProblems,split_random,random,global_train_mean,rmse,completed_baseline,results/openproblems_multiseed_100_de/all_simple_baseline_summary.csv,supporting_probe,0.8704722893238067,0.03136125480058187,0.8658940494060516,0.03969292342662811,100,436.59,108.41
OpenProblems,split_scaffold_heldout,scaffold held-out,global_train_mean,rmse,completed_baseline,results/openproblems_multiseed_100_de/all_simple_baseline_summary.csv,supporting_probe,0.8790612292289733,0.06275540082332043,0.8756922781467438,0.08465307950973511,100,438.3,106.7
OpenProblems,split_cell_heldout,cell held-out,global_train_mean,rowwise_pearson,completed_baseline,results/openproblems_multiseed_100_de/all_simple_baseline_summary.csv,supporting_probe,0.17531322866678237,0.039598552798713604,0.2064970582723617,0.07273232936859131,100,408.66,136.34
OpenProblems,split_cell_scaffold_heldout,joint held-out,global_train_mean,rowwise_pearson,completed_baseline,results/openproblems_multiseed_100_de/all_simple_baseline_summary.csv,supporting_probe,0.1723442280292511,0.04804804639559295,0.1702528893947601,0.07316532358527175,100,328.72,26.76
OpenProblems,split_random,random,global_train_mean,rowwise_pearson,completed_baseline,results/openproblems_multiseed_100_de/all_simple_baseline_summary.csv,supporting_probe,0.23371981278061868,0.016260120270448354,0.2345400601625442,0.021326076239347458,100,436.59,108.41
OpenProblems,split_scaffold_heldout,scaffold held-out,global_train_mean,rowwise_pearson,completed_baseline,results/openproblems_multiseed_100_de/all_simple_baseline_summary.csv,supporting_probe,0.2337544432282448,0.03182648831978167,0.23397395759820935,0.03880872204899788,100,438.3,106.7
OpenProblems,split_cell_heldout,cell held-out,ridge_cell,de_gene_pearson,completed_baseline,results/openproblems_multiseed_100_de/all_ridge_baseline_summary.csv,supporting_probe,0.2901158121193278,0.06439579083492213,0.3349584203487482,0.12086997382816592,100,408.66,136.34
OpenProblems,split_cell_scaffold_heldout,joint held-out,ridge_cell,de_gene_pearson,completed_baseline,results/openproblems_multiseed_100_de/all_ridge_baseline_summary.csv,supporting_probe,0.28828032130342995,0.07910128881904749,0.2826831782252598,0.12132513127528671,100,328.72,26.76
OpenProblems,split_random,random,ridge_cell,de_gene_pearson,completed_baseline,results/openproblems_multiseed_100_de/all_ridge_baseline_summary.csv,supporting_probe,0.46929595431309484,0.022327492298801047,0.47152487395843246,0.028689344247560145,100,436.59,108.41
OpenProblems,split_scaffold_heldout,scaffold held-out,ridge_cell,de_gene_pearson,completed_baseline,results/openproblems_multiseed_100_de/all_ridge_baseline_summary.csv,supporting_probe,0.4754815062155046,0.04291192175919062,0.4757825377664944,0.0572357336497793,100,438.3,106.7
OpenProblems,split_cell_heldout,cell held-out,ridge_cell,rmse,completed_baseline,results/openproblems_multiseed_100_de/all_ridge_baseline_summary.csv,supporting_probe,0.889043195529178,0.10323910793311619,0.8800375759512316,0.041631399073246644,100,408.66,136.34
OpenProblems,split_cell_scaffold_heldout,joint held-out,ridge_cell,rmse,completed_baseline,results/openproblems_multiseed_100_de/all_ridge_baseline_summary.csv,supporting_probe,0.9028386051178284,0.13409546487293642,0.8605491049612402,0.18898565516084664,100,328.72,26.76
OpenProblems,split_random,random,ridge_cell,rmse,completed_baseline,results/openproblems_multiseed_100_de/all_ridge_baseline_summary.csv,supporting_probe,0.854902412678331,0.03091214176482589,0.8500285755573301,0.03972777138791628,100,436.59,108.41
OpenProblems,split_scaffold_heldout,scaffold held-out,ridge_cell,rmse,completed_baseline,results/openproblems_multiseed_100_de/all_ridge_baseline_summary.csv,supporting_probe,0.8619069142040692,0.061108206456737556,0.8577962870254354,0.08621098112087577,100,438.3,106.7
OpenProblems,split_cell_heldout,cell held-out,ridge_cell,rowwise_pearson,completed_baseline,results/openproblems_multiseed_100_de/all_ridge_baseline_summary.csv,supporting_probe,0.1750308502583608,0.03942111237263709,0.2061044002397304,0.07220767019390631,100,408.66,136.34
OpenProblems,split_cell_scaffold_heldout,joint held-out,ridge_cell,rowwise_pearson,completed_baseline,results/openproblems_multiseed_100_de/all_ridge_baseline_summary.csv,supporting_probe,0.17208781727056963,0.047914106419310355,0.17006167368099756,0.0726322748801855,100,328.72,26.76
OpenProblems,split_random,random,ridge_cell,rowwise_pearson,completed_baseline,results/openproblems_multiseed_100_de/all_ridge_baseline_summary.csv,supporting_probe,0.3026290806037648,0.016465831352682776,0.30303725409221316,0.02126592060813709,100,436.59,108.41
OpenProblems,split_scaffold_heldout,scaffold held-out,ridge_cell,rowwise_pearson,completed_baseline,results/openproblems_multiseed_100_de/all_ridge_baseline_summary.csv,supporting_probe,0.3067272074947528,0.032029496000067985,0.3080410085249842,0.038503293609480294,100,438.3,106.7
OpenProblems,split_cell_heldout,cell held-out,ridge_cell_drug_fp,de_gene_pearson,completed_baseline,results/openproblems_multiseed_100_de/all_ridge_baseline_summary.csv,primary_probe,0.4957637766986807,0.0886359486169822,0.5112124466872137,0.1881694920984443,100,408.66,136.34
OpenProblems,split_cell_scaffold_heldout,joint held-out,ridge_cell_drug_fp,de_gene_pearson,completed_baseline,results/openproblems_multiseed_100_de/all_ridge_baseline_summary.csv,primary_probe,0.2090615969991763,0.059108238935479555,0.2085094517863611,0.0832042750129392,100,328.72,26.76
OpenProblems,split_random,random,ridge_cell_drug_fp,de_gene_pearson,completed_baseline,results/openproblems_multiseed_100_de/all_ridge_baseline_summary.csv,primary_probe,0.5683231463329339,0.018068535552962207,0.5707163257885722,0.021495683175393077,100,436.59,108.41
OpenProblems,split_scaffold_heldout,scaffold held-out,ridge_cell_drug_fp,de_gene_pearson,completed_baseline,results/openproblems_multiseed_100_de/all_ridge_baseline_summary.csv,primary_probe,0.39196827725080136,0.03724328279757091,0.3932648289165721,0.04423551573042145,100,438.3,106.7
OpenProblems,split_cell_heldout,cell held-out,ridge_cell_drug_fp,rmse,completed_baseline,results/openproblems_multiseed_100_de/all_ridge_baseline_summary.csv,primary_probe,0.8706652770422914,0.09046168502888671,0.8186562612332933,0.022788960657891266,100,408.66,136.34
OpenProblems,split_cell_scaffold_heldout,joint held-out,ridge_cell_drug_fp,rmse,completed_baseline,results/openproblems_multiseed_100_de/all_ridge_baseline_summary.csv,primary_probe,0.9638573006497841,0.123642739171181,0.9237536778085339,0.1696323107803136,100,328.72,26.76
OpenProblems,split_random,random,ridge_cell_drug_fp,rmse,completed_baseline,results/openproblems_multiseed_100_de/all_ridge_baseline_summary.csv,primary_probe,0.862714051929254,0.02459947528193017,0.8597442034247114,0.02729702358398889,100,436.59,108.41
OpenProblems,split_scaffold_heldout,scaffold held-out,ridge_cell_drug_fp,rmse,completed_baseline,results/openproblems_multiseed_100_de/all_ridge_baseline_summary.csv,primary_probe,0.9165166520981337,0.053970604595083176,0.9122198748406989,0.07866465389464661,100,438.3,106.7
OpenProblems,composition_train_test_size_matched_random,composition train test size matched random,ridge_cell_drug_fp,rowwise_pearson,completed_baseline,results/openproblems_train_size_matched_100/train_size_matched_random_metrics_by_seed.csv,primary_probe_control,0.34245502118063575,0.061635164647921556,0.34485611048045844,0.09976387867324116,100,328.72,26.76
OpenProblems,split_cell_heldout,cell held-out,ridge_cell_drug_fp,rowwise_pearson,completed_baseline,results/openproblems_multiseed_100_de/all_ridge_baseline_summary.csv,primary_probe,0.31296420422479454,0.05642999909536999,0.3276210003342879,0.11580124315380197,100,408.66,136.34
OpenProblems,split_cell_scaffold_heldout,joint held-out,ridge_cell_drug_fp,rowwise_pearson,completed_baseline,results/openproblems_multiseed_100_de/all_ridge_baseline_summary.csv,primary_probe,0.11835462392412702,0.03441419392517222,0.11985010049474976,0.05540301413718923,100,328.72,26.76
OpenProblems,split_random,random,ridge_cell_drug_fp,rowwise_pearson,completed_baseline,results/openproblems_multiseed_100_de/all_ridge_baseline_summary.csv,primary_probe,0.36155960586741204,0.016136982592807835,0.36289137782153896,0.021344207402656412,100,436.59,108.41
OpenProblems,split_scaffold_heldout,scaffold held-out,ridge_cell_drug_fp,rowwise_pearson,completed_baseline,results/openproblems_multiseed_100_de/all_ridge_baseline_summary.csv,primary_probe,0.23382703424503135,0.027139101148291767,0.23392932239008052,0.030036510713072007,100,438.3,106.7
OpenProblems,test_size_matched_random,test size matched random,ridge_cell_drug_fp,rowwise_pearson,completed_baseline,results/openproblems_train_size_matched_100/train_size_matched_random_metrics_by_seed.csv,primary_probe_control,0.36473832036351916,0.03125442673939516,0.36042220974778433,0.04770499922521232,100,436.59,26.76
OpenProblems,train_test_size_matched_random,train test size matched random,ridge_cell_drug_fp,rowwise_pearson,completed_baseline,results/openproblems_train_size_matched_100/train_size_matched_random_metrics_by_seed.csv,primary_probe_control,0.3364007017713703,0.03222135166964929,0.33307464443320406,0.04119547462767925,100,328.72,26.76
OpenProblems,split_cell_heldout,cell held-out,ridge_drug_fp,de_gene_pearson,completed_baseline,results/openproblems_multiseed_100_de/all_ridge_baseline_summary.csv,supporting_probe,0.49571784293828947,0.08859652111552578,0.511079176747291,0.188065395537232,100,408.66,136.34
OpenProblems,split_cell_scaffold_heldout,joint held-out,ridge_drug_fp,de_gene_pearson,completed_baseline,results/openproblems_multiseed_100_de/all_ridge_baseline_summary.csv,supporting_probe,0.20892762748075416,0.05910465659180924,0.20883776010481292,0.08311709972740378,100,328.72,26.76
OpenProblems,split_random,random,ridge_drug_fp,de_gene_pearson,completed_baseline,results/openproblems_multiseed_100_de/all_ridge_baseline_summary.csv,supporting_probe,0.47382594098009667,0.01938784389889951,0.4736370192326471,0.02415511971623857,100,436.59,108.41
OpenProblems,split_scaffold_heldout,scaffold held-out,ridge_drug_fp,de_gene_pearson,completed_baseline,results/openproblems_multiseed_100_de/all_ridge_baseline_summary.csv,supporting_probe,0.28204251659457985,0.039693672731487814,0.28204058709337315,0.0467899590021002,100,438.3,106.7
OpenProblems,split_cell_heldout,cell held-out,ridge_drug_fp,rmse,completed_baseline,results/openproblems_multiseed_100_de/all_ridge_baseline_summary.csv,supporting_probe,0.8707144724230282,0.09042566968411239,0.81883857829694,0.022782798483722555,100,408.66,136.34
OpenProblems,split_cell_scaffold_heldout,joint held-out,ridge_drug_fp,rmse,completed_baseline,results/openproblems_multiseed_100_de/all_ridge_baseline_summary.csv,supporting_probe,0.9638089203488471,0.12371963376648498,0.9235196145492002,0.1697531324603192,100,328.72,26.76
OpenProblems,split_random,random,ridge_drug_fp,rmse,completed_baseline,results/openproblems_multiseed_100_de/all_ridge_baseline_summary.csv,supporting_probe,0.8928369286420909,0.026058371982442246,0.8891408009391485,0.030196656169980685,100,436.59,108.41
OpenProblems,split_scaffold_heldout,scaffold held-out,ridge_drug_fp,rmse,completed_baseline,results/openproblems_multiseed_100_de/all_ridge_baseline_summary.csv,supporting_probe,0.9332928247911895,0.05560538812414506,0.9277536350561384,0.08263946362876551,100,438.3,106.7
OpenProblems,split_cell_heldout,cell held-out,ridge_drug_fp,rowwise_pearson,completed_baseline,results/openproblems_multiseed_100_de/all_ridge_baseline_summary.csv,supporting_probe,0.3129773422089721,0.056422094424670055,0.3275242178591489,0.11581752501139808,100,408.66,136.34
OpenProblems,split_cell_scaffold_heldout,joint held-out,ridge_drug_fp,rowwise_pearson,completed_baseline,results/openproblems_multiseed_100_de/all_ridge_baseline_summary.csv,supporting_probe,0.1182784809437975,0.034367336257644696,0.11999190186463746,0.05534792086755974,100,328.72,26.76
OpenProblems,split_random,random,ridge_drug_fp,rowwise_pearson,completed_baseline,results/openproblems_multiseed_100_de/all_ridge_baseline_summary.csv,supporting_probe,0.29521644056611174,0.015742894915335367,0.2966488349004067,0.02035721339280855,100,436.59,108.41
OpenProblems,split_scaffold_heldout,scaffold held-out,ridge_drug_fp,rowwise_pearson,completed_baseline,results/openproblems_multiseed_100_de/all_ridge_baseline_summary.csv,supporting_probe,0.16434024977427167,0.027241482766727217,0.1632148359906218,0.030831302522743742,100,438.3,106.7
Sci-Plex 3,split_cell_heldout,cell held-out,cell_context_mean,rmse,completed_baseline,results/sciplex3_24h_top2000_multiseed_30/baseline_summary_by_seed.csv,supporting_probe,0.08608814553372177,0.005120770284635267,0.0820648575271195,0.010188412337406,30,1468.8,731.2
Sci-Plex 3,split_cell_scaffold_heldout,joint held-out,cell_context_mean,rmse,completed_baseline,results/sciplex3_24h_top2000_multiseed_30/baseline_summary_by_seed.csv,supporting_probe,0.08614070448406917,0.007645527983525479,0.08555915968201261,0.007650678104069733,30,1183.6666666666667,141.93333333333334
Sci-Plex 3,split_random,random,cell_context_mean,rmse,completed_baseline,results/sciplex3_24h_top2000_multiseed_30/baseline_summary_by_seed.csv,supporting_probe,0.08324331062265945,0.00264209222384709,0.08348340128390105,0.0038449774259330105,30,1762.5333333333333,437.46666666666664
Sci-Plex 3,split_scaffold_heldout,scaffold held-out,cell_context_mean,rmse,completed_baseline,results/sciplex3_24h_top2000_multiseed_30/baseline_summary_by_seed.csv,supporting_probe,0.08337135832971539,0.006382805059318393,0.082010657931769,0.006888948966385172,30,1772.9333333333334,427.06666666666666
Sci-Plex 3,split_cell_heldout,cell held-out,cell_context_mean,rowwise_pearson,completed_baseline,results/sciplex3_24h_top2000_multiseed_30/baseline_summary_by_seed.csv,supporting_probe,0.07635369225966875,0.021650059713556723,0.0893947088630246,0.0385606572637792,30,1468.8,731.2
Sci-Plex 3,split_cell_scaffold_heldout,joint held-out,cell_context_mean,rowwise_pearson,completed_baseline,results/sciplex3_24h_top2000_multiseed_30/baseline_summary_by_seed.csv,supporting_probe,0.07553336734748886,0.025554465019439317,0.07735050353698594,0.04540558035380623,30,1183.6666666666667,141.93333333333334
Sci-Plex 3,split_random,random,cell_context_mean,rowwise_pearson,completed_baseline,results/sciplex3_24h_top2000_multiseed_30/baseline_summary_by_seed.csv,supporting_probe,0.2316768319602159,0.0074284385486546,0.23142682762583944,0.007049742628167988,30,1762.5333333333333,437.46666666666664
Sci-Plex 3,split_scaffold_heldout,scaffold held-out,cell_context_mean,rowwise_pearson,completed_baseline,results/sciplex3_24h_top2000_multiseed_30/baseline_summary_by_seed.csv,supporting_probe,0.2295330453964813,0.0201700557774748,0.22929713786478054,0.02721879101511268,30,1772.9333333333334,427.06666666666666
Sci-Plex 3,split_cell_heldout,cell held-out,cell_dose_mean,rmse,completed_baseline,results/sciplex3_24h_top2000_multiseed_30/baseline_summary_by_seed.csv,supporting_probe,0.08608814553372177,0.005120770284635267,0.0820648575271195,0.010188412337406,30,1468.8,731.2
Sci-Plex 3,split_cell_scaffold_heldout,joint held-out,cell_dose_mean,rmse,completed_baseline,results/sciplex3_24h_top2000_multiseed_30/baseline_summary_by_seed.csv,supporting_probe,0.08614070448406917,0.007645527983525479,0.08555915968201261,0.007650678104069733,30,1183.6666666666667,141.93333333333334
Sci-Plex 3,split_random,random,cell_dose_mean,rmse,completed_baseline,results/sciplex3_24h_top2000_multiseed_30/baseline_summary_by_seed.csv,supporting_probe,0.08307571006307737,0.002519196283229375,0.0832070008489191,0.0032277452214687086,30,1762.5333333333333,437.46666666666664
Sci-Plex 3,split_scaffold_heldout,scaffold held-out,cell_dose_mean,rmse,completed_baseline,results/sciplex3_24h_top2000_multiseed_30/baseline_summary_by_seed.csv,supporting_probe,0.08293830029423295,0.006287459184255055,0.0814678681696353,0.007056530488367574,30,1772.9333333333334,427.06666666666666
Sci-Plex 3,split_cell_heldout,cell held-out,cell_dose_mean,rowwise_pearson,completed_baseline,results/sciplex3_24h_top2000_multiseed_30/baseline_summary_by_seed.csv,supporting_probe,0.07635369225966875,0.021650059713556723,0.0893947088630246,0.0385606572637792,30,1468.8,731.2
Sci-Plex 3,split_cell_scaffold_heldout,joint held-out,cell_dose_mean,rowwise_pearson,completed_baseline,results/sciplex3_24h_top2000_multiseed_30/baseline_summary_by_seed.csv,supporting_probe,0.07553336734748886,0.025554465019439317,0.07735050353698594,0.04540558035380623,30,1183.6666666666667,141.93333333333334
Sci-Plex 3,split_random,random,cell_dose_mean,rowwise_pearson,completed_baseline,results/sciplex3_24h_top2000_multiseed_30/baseline_summary_by_seed.csv,supporting_probe,0.2476349766288948,0.007702687381678704,0.24559074931900182,0.008844346720895735,30,1762.5333333333333,437.46666666666664
Sci-Plex 3,split_scaffold_heldout,scaffold held-out,cell_dose_mean,rowwise_pearson,completed_baseline,results/sciplex3_24h_top2000_multiseed_30/baseline_summary_by_seed.csv,supporting_probe,0.24994885214240578,0.018066156292363113,0.2513242451187537,0.01555903086240526,30,1772.9333333333334,427.06666666666666
Sci-Plex 3,split_cell_heldout,cell held-out,control_conditioned_nonlinear_benchmark,rmse,benchmark_compatible_adaptation,results/deep_model_panel/sciplex3/transigen_main30_metrics_long.csv,supporting_probe,0.6630133794704027,0.6021700799429721,0.4263111432694507,0.41532576140711286,30,1468.8,731.2
Sci-Plex 3,split_cell_scaffold_heldout,joint held-out,control_conditioned_nonlinear_benchmark,rmse,benchmark_compatible_adaptation,results/deep_model_panel/sciplex3/transigen_main30_metrics_long.csv,supporting_probe,0.5808208272389533,0.4362083604334511,0.4099763919980811,0.2930608823978709,30,1183.6666666666667,141.93333333333334
Sci-Plex 3,split_random,random,control_conditioned_nonlinear_benchmark,rmse,benchmark_compatible_adaptation,results/deep_model_panel/sciplex3/transigen_main30_metrics_long.csv,supporting_probe,0.08037529412444748,0.0021365561531514012,0.0802763799876663,0.0032312192431485226,30,1762.5333333333333,437.46666666666664
Sci-Plex 3,split_scaffold_heldout,scaffold held-out,control_conditioned_nonlinear_benchmark,rmse,benchmark_compatible_adaptation,results/deep_model_panel/sciplex3/transigen_main30_metrics_long.csv,supporting_probe,0.08351160699059236,0.006321548613315617,0.08213575855792145,0.0064999495978635136,30,1772.9333333333334,427.06666666666666
Sci-Plex 3,split_cell_heldout,cell held-out,control_conditioned_nonlinear_benchmark,rowwise_pearson,benchmark_compatible_adaptation,results/deep_model_panel/sciplex3/transigen_main30_metrics_long.csv,supporting_probe,0.027016904363025653,0.02097478794526606,0.0278910816388961,0.02885529807049235,30,1468.8,731.2
Sci-Plex 3,split_cell_scaffold_heldout,joint held-out,control_conditioned_nonlinear_benchmark,rowwise_pearson,benchmark_compatible_adaptation,results/deep_model_panel/sciplex3/transigen_main30_metrics_long.csv,supporting_probe,0.016940423067588316,0.016974637302194687,0.01813867125501405,0.02126179605145165,30,1183.6666666666667,141.93333333333334
Sci-Plex 3,split_random,random,control_conditioned_nonlinear_benchmark,rowwise_pearson,benchmark_compatible_adaptation,results/deep_model_panel/sciplex3/transigen_main30_metrics_long.csv,supporting_probe,0.23285213785274547,0.012828323310230311,0.23463737280577984,0.02147790820378337,30,1762.5333333333333,437.46666666666664
Sci-Plex 3,split_scaffold_heldout,scaffold held-out,control_conditioned_nonlinear_benchmark,rowwise_pearson,benchmark_compatible_adaptation,results/deep_model_panel/sciplex3/transigen_main30_metrics_long.csv,supporting_probe,0.21178583106316184,0.01982570664942226,0.2099444586944512,0.026571369433291914,30,1772.9333333333334,427.06666666666666
Sci-Plex 3,test_size_matched_random,test size matched random,control_conditioned_nonlinear_benchmark,rowwise_pearson,benchmark_compatible_adaptation,results/deep_model_panel/sciplex3/control_conditioned_nonlinear_train_size_matched_30/metrics_long.csv,supporting_probe_control,0.27427430412581266,0.023136855608829818,0.2724607776524969,0.01996074529648617,30,1762.5333333333333,141.93333333333334
Sci-Plex 3,train_test_size_matched_random,train test size matched random,control_conditioned_nonlinear_benchmark,rowwise_pearson,benchmark_compatible_adaptation,results/deep_model_panel/sciplex3/control_conditioned_nonlinear_train_size_matched_30/metrics_long.csv,supporting_probe_control,0.24476301532677455,0.020596294453017232,0.24434935384300088,0.03151948869510349,30,1183.6666666666667,141.93333333333334
Sci-Plex 3,split_cell_heldout,cell held-out,drug_mean,rmse,completed_baseline,results/sciplex3_24h_top2000_multiseed_30/baseline_summary_by_seed.csv,supporting_probe,0.08979321021381134,0.0039915861706932,0.0877123073146945,0.006697580229554009,30,1468.8,731.2
Sci-Plex 3,split_cell_scaffold_heldout,joint held-out,drug_mean,rmse,completed_baseline,results/sciplex3_24h_top2000_multiseed_30/baseline_summary_by_seed.csv,supporting_probe,0.08614070448406917,0.007645527983525479,0.08555915968201261,0.007650678104069733,30,1183.6666666666667,141.93333333333334
Sci-Plex 3,split_random,random,drug_mean,rmse,completed_baseline,results/sciplex3_24h_top2000_multiseed_30/baseline_summary_by_seed.csv,supporting_probe,0.0831343997329086,0.002189118391532121,0.08321438535924286,0.003439756996538368,30,1762.5333333333333,437.46666666666664
Sci-Plex 3,split_scaffold_heldout,scaffold held-out,drug_mean,rmse,completed_baseline,results/sciplex3_24h_top2000_multiseed_30/baseline_summary_by_seed.csv,supporting_probe,0.08398495949724155,0.006679217650928976,0.082674081499644,0.007318922913518114,30,1772.9333333333334,427.06666666666666
Sci-Plex 3,split_cell_heldout,cell held-out,drug_mean,rowwise_pearson,completed_baseline,results/sciplex3_24h_top2000_multiseed_30/baseline_summary_by_seed.csv,supporting_probe,0.1346002064699959,0.028020387074763804,0.1501872246610215,0.0482830828465724,30,1468.8,731.2
Sci-Plex 3,split_cell_scaffold_heldout,joint held-out,drug_mean,rowwise_pearson,completed_baseline,results/sciplex3_24h_top2000_multiseed_30/baseline_summary_by_seed.csv,supporting_probe,0.07553336734748886,0.025554465019439317,0.07735050353698594,0.04540558035380623,30,1183.6666666666667,141.93333333333334
Sci-Plex 3,split_random,random,drug_mean,rowwise_pearson,completed_baseline,results/sciplex3_24h_top2000_multiseed_30/baseline_summary_by_seed.csv,supporting_probe,0.24018450458598742,0.007708776394065612,0.23911122344162283,0.00978158286196451,30,1762.5333333333333,437.46666666666664
Sci-Plex 3,split_scaffold_heldout,scaffold held-out,drug_mean,rowwise_pearson,completed_baseline,results/sciplex3_24h_top2000_multiseed_30/baseline_summary_by_seed.csv,supporting_probe,0.1604465745331974,0.018222205508093222,0.1601473092985422,0.02337795338105153,30,1772.9333333333334,427.06666666666666
Sci-Plex 3,split_cell_heldout,cell held-out,global_train_mean,rmse,completed_baseline,results/sciplex3_24h_top2000_multiseed_30/baseline_summary_by_seed.csv,supporting_probe,0.08608814553372177,0.005120770284635267,0.0820648575271195,0.010188412337406,30,1468.8,731.2
Sci-Plex 3,split_cell_scaffold_heldout,joint held-out,global_train_mean,rmse,completed_baseline,results/sciplex3_24h_top2000_multiseed_30/baseline_summary_by_seed.csv,supporting_probe,0.08614070448406917,0.007645527983525479,0.08555915968201261,0.007650678104069733,30,1183.6666666666667,141.93333333333334
Sci-Plex 3,split_random,random,global_train_mean,rmse,completed_baseline,results/sciplex3_24h_top2000_multiseed_30/baseline_summary_by_seed.csv,supporting_probe,0.08386238124141596,0.002808852732112221,0.08404645967033769,0.0041099426631019675,30,1762.5333333333333,437.46666666666664
Sci-Plex 3,split_scaffold_heldout,scaffold held-out,global_train_mean,rmse,completed_baseline,results/sciplex3_24h_top2000_multiseed_30/baseline_summary_by_seed.csv,supporting_probe,0.08398495949724155,0.006679217650928976,0.082674081499644,0.007318922913518114,30,1772.9333333333334,427.06666666666666
Sci-Plex 3,split_cell_heldout,cell held-out,global_train_mean,rowwise_pearson,completed_baseline,results/sciplex3_24h_top2000_multiseed_30/baseline_summary_by_seed.csv,supporting_probe,0.07635369225966875,0.021650059713556723,0.0893947088630246,0.0385606572637792,30,1468.8,731.2
Sci-Plex 3,split_cell_scaffold_heldout,joint held-out,global_train_mean,rowwise_pearson,completed_baseline,results/sciplex3_24h_top2000_multiseed_30/baseline_summary_by_seed.csv,supporting_probe,0.07553336734748886,0.025554465019439317,0.07735050353698594,0.04540558035380623,30,1183.6666666666667,141.93333333333334
Sci-Plex 3,split_random,random,global_train_mean,rowwise_pearson,completed_baseline,results/sciplex3_24h_top2000_multiseed_30/baseline_summary_by_seed.csv,supporting_probe,0.16234862651552243,0.0067005203204081815,0.1626862320123585,0.0053757143042226785,30,1762.5333333333333,437.46666666666664
Sci-Plex 3,split_scaffold_heldout,scaffold held-out,global_train_mean,rowwise_pearson,completed_baseline,results/sciplex3_24h_top2000_multiseed_30/baseline_summary_by_seed.csv,supporting_probe,0.1604465745331974,0.018222205508093222,0.1601473092985422,0.02337795338105153,30,1772.9333333333334,427.06666666666666
Sci-Plex 3,split_cell_heldout,cell held-out,prnet_adapted_sciplex3,rmse,adaptation_status_supplement_only,results/deep_model_panel/sciplex3/prnet_main30_metrics_long.csv,supplement_only,0.5718389854530976,0.058352622123381076,0.5870763363025697,0.09910336156110089,30,1468.8,731.2
Sci-Plex 3,split_cell_scaffold_heldout,joint held-out,prnet_adapted_sciplex3,rmse,adaptation_status_supplement_only,results/deep_model_panel/sciplex3/prnet_main30_metrics_long.csv,supplement_only,0.5769484268229704,0.058415399034728144,0.5935254406124526,0.09231563069738702,30,1183.6666666666667,141.93333333333334
Sci-Plex 3,split_random,random,prnet_adapted_sciplex3,rmse,adaptation_status_supplement_only,results/deep_model_panel/sciplex3/prnet_main30_metrics_long.csv,supplement_only,0.2323798934978631,0.02589081583161261,0.2288745333261201,0.030984967386367246,30,1762.5333333333333,437.46666666666664
Sci-Plex 3,split_scaffold_heldout,scaffold held-out,prnet_adapted_sciplex3,rmse,adaptation_status_supplement_only,results/deep_model_panel/sciplex3/prnet_main30_metrics_long.csv,supplement_only,0.23269192369286557,0.025248243517932915,0.22904541104859238,0.021043316492161096,30,1772.9333333333334,427.06666666666666
Sci-Plex 3,split_cell_heldout,cell held-out,prnet_adapted_sciplex3,rowwise_pearson,adaptation_status_supplement_only,results/deep_model_panel/sciplex3/prnet_main30_metrics_long.csv,supplement_only,-0.001551285166678216,0.033873449752138345,-0.00277494062733455,0.07311653512453226,30,1468.8,731.2
Sci-Plex 3,split_cell_scaffold_heldout,joint held-out,prnet_adapted_sciplex3,rowwise_pearson,adaptation_status_supplement_only,results/deep_model_panel/sciplex3/prnet_main30_metrics_long.csv,supplement_only,0.0006453008400636998,0.038828930425822285,-0.0020418157051623497,0.0478940206303614,30,1183.6666666666667,141.93333333333334
Sci-Plex 3,split_random,random,prnet_adapted_sciplex3,rowwise_pearson,adaptation_status_supplement_only,results/deep_model_panel/sciplex3/prnet_main30_metrics_long.csv,supplement_only,0.017478089076454924,0.011960327760773548,0.0153050384431106,0.01728424849381045,30,1762.5333333333333,437.46666666666664
Sci-Plex 3,split_scaffold_heldout,scaffold held-out,prnet_adapted_sciplex3,rowwise_pearson,adaptation_status_supplement_only,results/deep_model_panel/sciplex3/prnet_main30_metrics_long.csv,supplement_only,0.015068344012598815,0.008221798090694548,0.014572007391780249,0.010938974727950326,30,1772.9333333333334,427.06666666666666
Sci-Plex 3,split_cell_heldout,cell held-out,ridge_cell_dose,rmse,completed_baseline,results/sciplex3_24h_top2000_multiseed_30/baseline_summary_by_seed.csv,supporting_probe,0.0864223700809634,0.005001848951147424,0.0826807111749648,0.009754052394340504,30,1468.8,731.2
Sci-Plex 3,split_cell_scaffold_heldout,joint held-out,ridge_cell_dose,rmse,completed_baseline,results/sciplex3_24h_top2000_multiseed_30/baseline_summary_by_seed.csv,supporting_probe,0.08644976350564292,0.007557572235144794,0.08583176205082135,0.0077809787844320966,30,1183.6666666666667,141.93333333333334
Sci-Plex 3,split_random,random,ridge_cell_dose,rmse,completed_baseline,results/sciplex3_24h_top2000_multiseed_30/baseline_summary_by_seed.csv,supporting_probe,0.08316542467731707,0.0025841894773901003,0.08339186881165606,0.0036512670259916807,30,1762.5333333333333,437.46666666666664
Sci-Plex 3,split_scaffold_heldout,scaffold held-out,ridge_cell_dose,rmse,completed_baseline,results/sciplex3_24h_top2000_multiseed_30/baseline_summary_by_seed.csv,supporting_probe,0.0832307802355031,0.006327380721568889,0.08184713992068685,0.006936523193971131,30,1772.9333333333334,427.06666666666666
Sci-Plex 3,split_cell_heldout,cell held-out,ridge_cell_dose,rowwise_pearson,completed_baseline,results/sciplex3_24h_top2000_multiseed_30/baseline_summary_by_seed.csv,supporting_probe,0.07196156740164224,0.024304762153837825,0.0861565099079582,0.0427348335425846,30,1468.8,731.2
Sci-Plex 3,split_cell_scaffold_heldout,joint held-out,ridge_cell_dose,rowwise_pearson,completed_baseline,results/sciplex3_24h_top2000_multiseed_30/baseline_summary_by_seed.csv,supporting_probe,0.07094318682091745,0.027529351737087333,0.07529344923476394,0.04952612296767364,30,1183.6666666666667,141.93333333333334
Sci-Plex 3,split_random,random,ridge_cell_dose,rowwise_pearson,completed_baseline,results/sciplex3_24h_top2000_multiseed_30/baseline_summary_by_seed.csv,supporting_probe,0.23072992964376576,0.00786920990850407,0.22934519454115554,0.009713010010623191,30,1762.5333333333333,437.46666666666664
Sci-Plex 3,split_scaffold_heldout,scaffold held-out,ridge_cell_dose,rowwise_pearson,completed_baseline,results/sciplex3_24h_top2000_multiseed_30/baseline_summary_by_seed.csv,supporting_probe,0.2289289691336929,0.0198535160269045,0.2287205731731753,0.02204705000934387,30,1772.9333333333334,427.06666666666666
Sci-Plex 3,split_cell_heldout,cell held-out,ridge_cell_dose_drug_fp,rmse,completed_baseline,results/sciplex3_24h_top2000_multiseed_30/baseline_summary_by_seed.csv,primary_probe,0.08933643463731535,0.004085286892851271,0.0873497820739589,0.006665445189230401,30,1468.8,731.2
Sci-Plex 3,split_cell_scaffold_heldout,joint held-out,ridge_cell_dose_drug_fp,rmse,completed_baseline,results/sciplex3_24h_top2000_multiseed_30/baseline_summary_by_seed.csv,primary_probe,0.09262594649836914,0.006727916973260198,0.09202186996756204,0.00797150920433827,30,1183.6666666666667,141.93333333333334
Sci-Plex 3,split_random,random,ridge_cell_dose_drug_fp,rmse,completed_baseline,results/sciplex3_24h_top2000_multiseed_30/baseline_summary_by_seed.csv,primary_probe,0.0813720780144974,0.002017907918789987,0.0814885493654166,0.0029116548405002662,30,1762.5333333333333,437.46666666666664
Sci-Plex 3,split_scaffold_heldout,scaffold held-out,ridge_cell_dose_drug_fp,rmse,completed_baseline,results/sciplex3_24h_top2000_multiseed_30/baseline_summary_by_seed.csv,primary_probe,0.08748039205618055,0.005519656436161505,0.08601731289300521,0.006702783507281124,30,1772.9333333333334,427.06666666666666
Sci-Plex 3,split_cell_heldout,cell held-out,ridge_cell_dose_drug_fp,rowwise_pearson,completed_baseline,results/sciplex3_24h_top2000_multiseed_30/baseline_summary_by_seed.csv,primary_probe,0.13263069041016026,0.030565964863163913,0.1489460699039518,0.051783532842748295,30,1468.8,731.2
Sci-Plex 3,split_cell_scaffold_heldout,joint held-out,ridge_cell_dose_drug_fp,rowwise_pearson,completed_baseline,results/sciplex3_24h_top2000_multiseed_30/baseline_summary_by_seed.csv,primary_probe,0.05967657297059514,0.0246187653134774,0.05677670784811555,0.0441356950002534,30,1183.6666666666667,141.93333333333334
Sci-Plex 3,split_random,random,ridge_cell_dose_drug_fp,rowwise_pearson,completed_baseline,results/sciplex3_24h_top2000_multiseed_30/baseline_summary_by_seed.csv,primary_probe,0.29155788489417594,0.007744136479647927,0.2922776170016884,0.00948446750532278,30,1762.5333333333333,437.46666666666664
Sci-Plex 3,split_scaffold_heldout,scaffold held-out,ridge_cell_dose_drug_fp,rowwise_pearson,completed_baseline,results/sciplex3_24h_top2000_multiseed_30/baseline_summary_by_seed.csv,primary_probe,0.18851298242043654,0.019433886550327444,0.1903739523132174,0.02727227473378968,30,1772.9333333333334,427.06666666666666
Sci-Plex 3,split_cell_heldout,cell held-out,ridge_drug_fp,rmse,completed_baseline,results/sciplex3_24h_top2000_multiseed_30/baseline_summary_by_seed.csv,supporting_probe,0.08899560750335334,0.004062276712780921,0.0868679426914714,0.006829151660197708,30,1468.8,731.2
Sci-Plex 3,split_cell_scaffold_heldout,joint held-out,ridge_drug_fp,rmse,completed_baseline,results/sciplex3_24h_top2000_multiseed_30/baseline_summary_by_seed.csv,supporting_probe,0.09230462507109878,0.00677617824356486,0.09157732969204645,0.00812149730235466,30,1183.6666666666667,141.93333333333334
Sci-Plex 3,split_random,random,ridge_drug_fp,rmse,completed_baseline,results/sciplex3_24h_top2000_multiseed_30/baseline_summary_by_seed.csv,supporting_probe,0.08245357637491263,0.0022173692757501335,0.08254789946979975,0.003526382534836711,30,1762.5333333333333,437.46666666666664
Sci-Plex 3,split_scaffold_heldout,scaffold held-out,ridge_drug_fp,rmse,completed_baseline,results/sciplex3_24h_top2000_multiseed_30/baseline_summary_by_seed.csv,supporting_probe,0.08830712414514505,0.005874754027030467,0.08663454040556376,0.006848863356449797,30,1772.9333333333334,427.06666666666666
Sci-Plex 3,split_cell_heldout,cell held-out,ridge_drug_fp,rowwise_pearson,completed_baseline,results/sciplex3_24h_top2000_multiseed_30/baseline_summary_by_seed.csv,supporting_probe,0.13491580851517632,0.02901121713240923,0.1514759599404952,0.0505271280173412,30,1468.8,731.2
Sci-Plex 3,split_cell_scaffold_heldout,joint held-out,ridge_drug_fp,rowwise_pearson,completed_baseline,results/sciplex3_24h_top2000_multiseed_30/baseline_summary_by_seed.csv,supporting_probe,0.058222314194460355,0.023374733835373928,0.05422060945158655,0.040813008437421694,30,1183.6666666666667,141.93333333333334
Sci-Plex 3,split_random,random,ridge_drug_fp,rowwise_pearson,completed_baseline,results/sciplex3_24h_top2000_multiseed_30/baseline_summary_by_seed.csv,supporting_probe,0.24311705585801877,0.0078072807329161885,0.24200848717131285,0.009861582672093555,30,1762.5333333333333,437.46666666666664
Sci-Plex 3,split_scaffold_heldout,scaffold held-out,ridge_drug_fp,rowwise_pearson,completed_baseline,results/sciplex3_24h_top2000_multiseed_30/baseline_summary_by_seed.csv,supporting_probe,0.12635848490560092,0.018273215030790914,0.12811582954344503,0.02962322302717968,30,1772.9333333333334,427.06666666666666
