split,baseline,sensitivity_alpha,sensitivity_n_bits,mean_rowwise_pearson,sd_rowwise_pearson,n_seeds
split_cell_heldout,ridge_cell,0.1,1024,0.18138686166033377,0.03923736934081369,30
split_cell_heldout,ridge_cell,1.0,1024,0.1813891485080725,0.039238673004646736,30
split_cell_heldout,ridge_cell,10.0,512,0.18141042500687934,0.039250806550792355,30
split_cell_heldout,ridge_cell,10.0,1024,0.18141042500687934,0.039250806550792355,30
split_cell_heldout,ridge_cell,10.0,2048,0.18141042500687934,0.039250806550792355,30
split_cell_heldout,ridge_cell,100.0,1024,0.1815324718867407,0.03932056450680252,30
split_cell_heldout,ridge_cell,1000.0,1024,0.1816857023382571,0.03940853511111201,30
split_cell_heldout,ridge_cell_drug_fp,0.1,1024,0.32010581293165913,0.05684254842225808,30
split_cell_heldout,ridge_cell_drug_fp,1.0,1024,0.3204857502147514,0.05693232104910255,30
split_cell_heldout,ridge_cell_drug_fp,10.0,512,0.3228988693169887,0.05786612540960813,30
split_cell_heldout,ridge_cell_drug_fp,10.0,1024,0.32239930513626536,0.057516832134896764,30
split_cell_heldout,ridge_cell_drug_fp,10.0,2048,0.32257730465710754,0.057460689194764096,30
split_cell_heldout,ridge_cell_drug_fp,100.0,1024,0.3123746875803183,0.057678191086264784,30
split_cell_heldout,ridge_cell_drug_fp,1000.0,1024,0.2439158306839767,0.04920036080248393,30
split_cell_heldout,ridge_drug_fp,0.1,1024,0.3200701517343284,0.05678944909043615,30
split_cell_heldout,ridge_drug_fp,1.0,1024,0.3204551638515332,0.05688510708198046,30
split_cell_heldout,ridge_drug_fp,10.0,512,0.3229175667133611,0.05787366334443146,30
split_cell_heldout,ridge_drug_fp,10.0,1024,0.32241082233100754,0.05751424547472553,30
split_cell_heldout,ridge_drug_fp,10.0,2048,0.3225824677402791,0.057451789460355125,30
split_cell_heldout,ridge_drug_fp,100.0,1024,0.3124779632838918,0.05774830019514482,30
split_cell_heldout,ridge_drug_fp,1000.0,1024,0.24396499492216667,0.049231653629581734,30
split_cell_scaffold_heldout,ridge_cell,0.1,1024,0.17706756024113915,0.049024099244259316,30
split_cell_scaffold_heldout,ridge_cell,1.0,1024,0.17707002252190923,0.04902527878110492,30
split_cell_scaffold_heldout,ridge_cell,10.0,512,0.1770925470360548,0.049036075398859416,30
split_cell_scaffold_heldout,ridge_cell,10.0,1024,0.1770925470360548,0.049036075398859416,30
split_cell_scaffold_heldout,ridge_cell,10.0,2048,0.1770925470360548,0.049036075398859416,30
split_cell_scaffold_heldout,ridge_cell,100.0,1024,0.17720962239198973,0.04909237902955598,30
split_cell_scaffold_heldout,ridge_cell,1000.0,1024,0.17733251503977568,0.04915181545338863,30
split_cell_scaffold_heldout,ridge_cell_drug_fp,0.1,1024,0.11307103627169483,0.035655206779460956,30
split_cell_scaffold_heldout,ridge_cell_drug_fp,1.0,1024,0.11423225125484193,0.03590785678554974,30
split_cell_scaffold_heldout,ridge_cell_drug_fp,10.0,512,0.1197805029005398,0.034692594283989846,30
split_cell_scaffold_heldout,ridge_cell_drug_fp,10.0,1024,0.12339498440382236,0.03799466367467967,30
split_cell_scaffold_heldout,ridge_cell_drug_fp,10.0,2048,0.1283661264836241,0.039886823446744525,30
split_cell_scaffold_heldout,ridge_cell_drug_fp,100.0,1024,0.15745779111659697,0.04538971080722239,30
split_cell_scaffold_heldout,ridge_cell_drug_fp,1000.0,1024,0.18096214168544925,0.04969774826116636,30
split_cell_scaffold_heldout,ridge_drug_fp,0.1,1024,0.11297141897246178,0.03557756378897544,30
split_cell_scaffold_heldout,ridge_drug_fp,1.0,1024,0.11413606615210127,0.035832953593643975,30
split_cell_scaffold_heldout,ridge_drug_fp,10.0,512,0.11968581357387718,0.03459744435370449,30
split_cell_scaffold_heldout,ridge_drug_fp,10.0,1024,0.12333416724460125,0.03794315222324121,30
split_cell_scaffold_heldout,ridge_drug_fp,10.0,2048,0.1283091282816943,0.0398199197448146,30
split_cell_scaffold_heldout,ridge_drug_fp,100.0,1024,0.15752384064058575,0.045408958890796845,30
split_cell_scaffold_heldout,ridge_drug_fp,1000.0,1024,0.18099185671622403,0.04971221905016477,30
split_random,ridge_cell,0.1,1024,0.2982920783614985,0.017338119622605962,30
split_random,ridge_cell,1.0,1024,0.29832801984641777,0.017370512959849947,30
split_random,ridge_cell,10.0,512,0.2983584263413512,0.01766809796336045,30
split_random,ridge_cell,10.0,1024,0.2983584263413512,0.01766809796336045,30
split_random,ridge_cell,10.0,2048,0.2983584263413512,0.01766809796336045,30
split_random,ridge_cell,100.0,1024,0.28664757841934235,0.018905944891332294,30
split_random,ridge_cell,1000.0,1024,0.24392879336903464,0.018319361411416022,30
split_random,ridge_cell_drug_fp,0.1,1024,0.3510961844245204,0.020671772111661407,30
split_random,ridge_cell_drug_fp,1.0,1024,0.35211794736883,0.02065425491417884,30
split_random,ridge_cell_drug_fp,10.0,512,0.3598846248452833,0.020670378608606172,30
split_random,ridge_cell_drug_fp,10.0,1024,0.35856946891972924,0.02054894586424181,30
split_random,ridge_cell_drug_fp,10.0,2048,0.3586735561066336,0.020088426828029454,30
split_random,ridge_cell_drug_fp,100.0,1024,0.35875583741516365,0.02134839464591214,30
split_random,ridge_cell_drug_fp,1000.0,1024,0.2905466479034013,0.02199140268641275,30
split_random,ridge_drug_fp,0.1,1024,0.2833971540838792,0.020071484893508847,30
split_random,ridge_drug_fp,1.0,1024,0.2844960191220421,0.020080286366153263,30
split_random,ridge_drug_fp,10.0,512,0.2936495163229003,0.020109058114030447,30
split_random,ridge_drug_fp,10.0,1024,0.2922463571587198,0.020107161205038703,30
split_random,ridge_drug_fp,10.0,2048,0.292418384943625,0.019652138835482807,30
split_random,ridge_drug_fp,100.0,1024,0.3066057887928518,0.02101820498237596,30
split_random,ridge_drug_fp,1000.0,1024,0.27571641851484524,0.021580329786534132,30
split_scaffold_heldout,ridge_cell,0.1,1024,0.30914539918418,0.0363093673418752,30
split_scaffold_heldout,ridge_cell,1.0,1024,0.30916016763703974,0.03638312962402915,30
split_scaffold_heldout,ridge_cell,10.0,512,0.3090038764386704,0.037051875114137295,30
split_scaffold_heldout,ridge_cell,10.0,1024,0.3090038764386704,0.037051875114137295,30
split_scaffold_heldout,ridge_cell,10.0,2048,0.3090038764386704,0.037051875114137295,30
split_scaffold_heldout,ridge_cell,100.0,1024,0.29652731906226626,0.03963072016141126,30
split_scaffold_heldout,ridge_cell,1000.0,1024,0.25257579499037774,0.03786305147852561,30
split_scaffold_heldout,ridge_cell_drug_fp,0.1,1024,0.2276521603108567,0.025579974210408658,30
split_scaffold_heldout,ridge_cell_drug_fp,1.0,1024,0.22865849258265256,0.02567629072835869,30
split_scaffold_heldout,ridge_cell_drug_fp,10.0,512,0.22655715515942074,0.025328957517981372,30
split_scaffold_heldout,ridge_cell_drug_fp,10.0,1024,0.23660142411981588,0.026568465317214386,30
split_scaffold_heldout,ridge_cell_drug_fp,10.0,2048,0.24609282839081764,0.028233483679351346,30
split_scaffold_heldout,ridge_cell_drug_fp,100.0,1024,0.2618644379712664,0.030958487147679115,30
split_scaffold_heldout,ridge_cell_drug_fp,1000.0,1024,0.2580458147686214,0.036520611769652524,30
split_scaffold_heldout,ridge_drug_fp,0.1,1024,0.15641671178880492,0.024777505687625937,30
split_scaffold_heldout,ridge_drug_fp,1.0,1024,0.1575989770557837,0.024832629584506077,30
split_scaffold_heldout,ridge_drug_fp,10.0,512,0.16077613983437164,0.024634364774923728,30
split_scaffold_heldout,ridge_drug_fp,10.0,1024,0.16745107731632505,0.02542266937860696,30
split_scaffold_heldout,ridge_drug_fp,10.0,2048,0.1755519146859591,0.027527011154556396,30
split_scaffold_heldout,ridge_drug_fp,100.0,1024,0.2088372869845189,0.02893374850007581,30
split_scaffold_heldout,ridge_drug_fp,1000.0,1024,0.2430439284935764,0.03529799761762817,30
