seed,control_value,n_train,n_test,strict_value,difference,dataset,model,control
1,0.31687250692858,436,28,0.0685834687193832,0.2482890382091968,OpenProblems,ridge_cell_drug_fp,test_size_matched_random
2,0.3325330266589364,430,27,0.0840891519738391,0.24844387468509732,OpenProblems,ridge_cell_drug_fp,test_size_matched_random
3,0.375896255469437,433,24,0.0841368471516302,0.2917594083178068,OpenProblems,ridge_cell_drug_fp,test_size_matched_random
4,0.3601184997430272,449,28,0.1076908680706367,0.25242763167239046,OpenProblems,ridge_cell_drug_fp,test_size_matched_random
5,0.316816393123929,431,28,0.1208157228334698,0.1960006702904592,OpenProblems,ridge_cell_drug_fp,test_size_matched_random
6,0.3901021606627711,443,27,0.1156594407717056,0.2744427198910655,OpenProblems,ridge_cell_drug_fp,test_size_matched_random
7,0.4024142927432162,438,26,0.1017349198960833,0.3006793728471329,OpenProblems,ridge_cell_drug_fp,test_size_matched_random
8,0.3698831216938557,442,29,0.082221572431225,0.28766154926263066,OpenProblems,ridge_cell_drug_fp,test_size_matched_random
9,0.3660819211889114,440,28,0.1501107471590684,0.21597117402984303,OpenProblems,ridge_cell_drug_fp,test_size_matched_random
10,0.3539519069115884,434,26,0.1810217440753481,0.1729301628362403,OpenProblems,ridge_cell_drug_fp,test_size_matched_random
11,0.3827651847407776,426,27,0.1719816903461294,0.2107834943946482,OpenProblems,ridge_cell_drug_fp,test_size_matched_random
12,0.3805679130839859,426,26,0.1354926232188143,0.2450752898651716,OpenProblems,ridge_cell_drug_fp,test_size_matched_random
13,0.369869877976148,437,26,0.172999277598314,0.19687060037783402,OpenProblems,ridge_cell_drug_fp,test_size_matched_random
14,0.3225701116256654,435,27,0.1176543821574703,0.20491572946819508,OpenProblems,ridge_cell_drug_fp,test_size_matched_random
15,0.3420607680965459,450,27,0.0748918991577893,0.2671688689387566,OpenProblems,ridge_cell_drug_fp,test_size_matched_random
16,0.3276987219638941,435,28,0.104713817706744,0.22298490425715012,OpenProblems,ridge_cell_drug_fp,test_size_matched_random
17,0.3921393108104226,441,27,0.1390756716263717,0.2530636391840509,OpenProblems,ridge_cell_drug_fp,test_size_matched_random
18,0.3691954350915623,430,25,0.1507676472352545,0.2184277878563078,OpenProblems,ridge_cell_drug_fp,test_size_matched_random
19,0.4133051945285153,433,27,0.2000698186847431,0.21323537584377217,OpenProblems,ridge_cell_drug_fp,test_size_matched_random
20,0.3564951437811076,439,26,0.1266310146864798,0.22986412909462778,OpenProblems,ridge_cell_drug_fp,test_size_matched_random
21,0.3793108948969767,439,27,0.0788678166499486,0.3004430782470281,OpenProblems,ridge_cell_drug_fp,test_size_matched_random
22,0.3259381686244544,423,26,0.1043672163763295,0.2215709522481249,OpenProblems,ridge_cell_drug_fp,test_size_matched_random
23,0.3560888006504716,449,27,0.1104591467756914,0.2456296538747802,OpenProblems,ridge_cell_drug_fp,test_size_matched_random
24,0.3697648019105513,445,27,0.185901141801508,0.1838636601090433,OpenProblems,ridge_cell_drug_fp,test_size_matched_random
25,0.3910196399806003,449,26,0.0656160771676416,0.3254035628129587,OpenProblems,ridge_cell_drug_fp,test_size_matched_random
26,0.3334793478692978,442,27,0.144970413231916,0.18850893463738178,OpenProblems,ridge_cell_drug_fp,test_size_matched_random
27,0.3240367491135639,446,26,0.1154635792434602,0.20857316987010371,OpenProblems,ridge_cell_drug_fp,test_size_matched_random
28,0.4063256628152696,440,25,0.0864173196732214,0.3199083431420482,OpenProblems,ridge_cell_drug_fp,test_size_matched_random
29,0.3836040555636147,451,26,0.1458952527263888,0.2377088028372259,OpenProblems,ridge_cell_drug_fp,test_size_matched_random
30,0.3468126499484055,440,28,0.1735492429680654,0.1732634069803401,OpenProblems,ridge_cell_drug_fp,test_size_matched_random
31,0.4012394127959952,443,22,0.0891436642280442,0.31209574856795097,OpenProblems,ridge_cell_drug_fp,test_size_matched_random
32,0.3470084303672567,430,27,0.0924996618826138,0.2545087684846429,OpenProblems,ridge_cell_drug_fp,test_size_matched_random
33,0.3315402463211655,436,27,0.1265046794382275,0.20503556688293803,OpenProblems,ridge_cell_drug_fp,test_size_matched_random
34,0.321700200160661,446,27,0.1489007729481471,0.17279942721251387,OpenProblems,ridge_cell_drug_fp,test_size_matched_random
35,0.3375666001011257,426,26,0.0727882535338324,0.2647783465672933,OpenProblems,ridge_cell_drug_fp,test_size_matched_random
36,0.4076198358634119,441,25,0.1183960540721934,0.2892237817912185,OpenProblems,ridge_cell_drug_fp,test_size_matched_random
37,0.3518936632147181,431,27,0.1412358747243965,0.2106577884903216,OpenProblems,ridge_cell_drug_fp,test_size_matched_random
38,0.3523344898914822,434,26,0.1322888069373471,0.2200456829541351,OpenProblems,ridge_cell_drug_fp,test_size_matched_random
39,0.3545113501668726,431,26,0.1628725858341052,0.1916387643327674,OpenProblems,ridge_cell_drug_fp,test_size_matched_random
40,0.3820814995821415,439,27,0.1113929925337352,0.2706885070484063,OpenProblems,ridge_cell_drug_fp,test_size_matched_random
41,0.349542207815048,442,28,0.0887954049387003,0.2607468028763477,OpenProblems,ridge_cell_drug_fp,test_size_matched_random
42,0.3288092350398206,420,28,0.1043043646196768,0.22450487042014383,OpenProblems,ridge_cell_drug_fp,test_size_matched_random
43,0.3786912247540239,439,27,0.1240505267379002,0.2546406980161237,OpenProblems,ridge_cell_drug_fp,test_size_matched_random
44,0.3517164592453431,428,28,0.0852574199558264,0.2664590392895167,OpenProblems,ridge_cell_drug_fp,test_size_matched_random
45,0.3433305785587453,439,28,0.1406195276935403,0.20271105086520502,OpenProblems,ridge_cell_drug_fp,test_size_matched_random
46,0.3916480704970001,421,28,0.1037871449680545,0.2878609255289456,OpenProblems,ridge_cell_drug_fp,test_size_matched_random
47,0.3097261983122941,444,27,0.125907951931854,0.1838182463804401,OpenProblems,ridge_cell_drug_fp,test_size_matched_random
48,0.3710781228241497,430,26,0.0759652759847353,0.2951128468394144,OpenProblems,ridge_cell_drug_fp,test_size_matched_random
49,0.3723069607285841,435,27,0.0750777619154752,0.2972291988131089,OpenProblems,ridge_cell_drug_fp,test_size_matched_random
50,0.4055987698536992,429,28,0.1239815008849645,0.2816172689687347,OpenProblems,ridge_cell_drug_fp,test_size_matched_random
51,0.3828478925738366,432,28,0.1233716410384968,0.2594762515353398,OpenProblems,ridge_cell_drug_fp,test_size_matched_random
52,0.3327642835614156,435,28,0.1625648755742529,0.17019940798716268,OpenProblems,ridge_cell_drug_fp,test_size_matched_random
53,0.3883652523891502,422,27,0.1261706790671434,0.2621945733220068,OpenProblems,ridge_cell_drug_fp,test_size_matched_random
54,0.3149794362885057,440,28,0.1752948556378069,0.13968458065069883,OpenProblems,ridge_cell_drug_fp,test_size_matched_random
55,0.4097536839171929,426,27,0.1090134735073574,0.3007402104098355,OpenProblems,ridge_cell_drug_fp,test_size_matched_random
56,0.3527811011537623,452,28,0.0815522371407194,0.2712288640130429,OpenProblems,ridge_cell_drug_fp,test_size_matched_random
57,0.4132613280516797,443,27,0.1430983909933663,0.2701629370583134,OpenProblems,ridge_cell_drug_fp,test_size_matched_random
58,0.3505982038795401,432,26,0.0582215060329885,0.2923766978465516,OpenProblems,ridge_cell_drug_fp,test_size_matched_random
59,0.3561088216852313,426,27,0.0876217681108895,0.26848705357434177,OpenProblems,ridge_cell_drug_fp,test_size_matched_random
60,0.3801741805978469,433,26,0.156874420064918,0.2232997605329289,OpenProblems,ridge_cell_drug_fp,test_size_matched_random
61,0.3165701537033125,443,26,0.1459033093749561,0.17066684432835638,OpenProblems,ridge_cell_drug_fp,test_size_matched_random
62,0.3996098828501574,433,28,0.0543224207752653,0.34528746207489214,OpenProblems,ridge_cell_drug_fp,test_size_matched_random
63,0.3584166224003927,442,28,0.1261804780920175,0.2322361443083752,OpenProblems,ridge_cell_drug_fp,test_size_matched_random
64,0.3528252668771888,437,28,0.1613260584026594,0.1914992084745294,OpenProblems,ridge_cell_drug_fp,test_size_matched_random
65,0.3434249219233455,445,28,0.0870028439658608,0.25642207795748473,OpenProblems,ridge_cell_drug_fp,test_size_matched_random
66,0.32575960218009,430,24,0.1217789776021448,0.2039806245779452,OpenProblems,ridge_cell_drug_fp,test_size_matched_random
67,0.3257348322916848,445,26,0.0674728114272296,0.2582620208644552,OpenProblems,ridge_cell_drug_fp,test_size_matched_random
68,0.3455040991868279,432,27,0.0829624517139917,0.2625416474728362,OpenProblems,ridge_cell_drug_fp,test_size_matched_random
69,0.351972989967568,435,27,0.1481055780685092,0.20386741189905877,OpenProblems,ridge_cell_drug_fp,test_size_matched_random
70,0.3844714460830505,444,27,0.1268659558735814,0.2576054902094691,OpenProblems,ridge_cell_drug_fp,test_size_matched_random
71,0.4302143486175768,432,26,0.1110448776042269,0.3191694710133499,OpenProblems,ridge_cell_drug_fp,test_size_matched_random
72,0.4023155727226722,432,26,0.0377871603951525,0.3645284123275197,OpenProblems,ridge_cell_drug_fp,test_size_matched_random
73,0.3806223983991175,443,27,0.1517588681906342,0.2288635302084833,OpenProblems,ridge_cell_drug_fp,test_size_matched_random
74,0.3331518931968143,445,25,0.0922461449430511,0.2409057482537632,OpenProblems,ridge_cell_drug_fp,test_size_matched_random
75,0.4093641471745453,451,27,0.1415356872200316,0.26782845995451365,OpenProblems,ridge_cell_drug_fp,test_size_matched_random
76,0.3646745575562218,428,27,0.1306136589250696,0.2340608986311522,OpenProblems,ridge_cell_drug_fp,test_size_matched_random
77,0.344914940638985,426,27,0.0923416833537837,0.2525732572852013,OpenProblems,ridge_cell_drug_fp,test_size_matched_random
78,0.3325962392080817,444,27,0.0904187511871143,0.2421774880209674,OpenProblems,ridge_cell_drug_fp,test_size_matched_random
79,0.4048212819395206,431,27,0.1471889061667867,0.2576323757727339,OpenProblems,ridge_cell_drug_fp,test_size_matched_random
80,0.3737225723449844,446,27,0.1132616696548129,0.2604609026901715,OpenProblems,ridge_cell_drug_fp,test_size_matched_random
81,0.3997543839400748,428,25,0.1092029610214474,0.2905514229186274,OpenProblems,ridge_cell_drug_fp,test_size_matched_random
82,0.3412991818013293,438,27,0.1156603244408595,0.2256388573604698,OpenProblems,ridge_cell_drug_fp,test_size_matched_random
83,0.4373302268255773,439,29,0.1586350539988579,0.2786951728267194,OpenProblems,ridge_cell_drug_fp,test_size_matched_random
84,0.3607259197525415,445,27,0.1108301607099843,0.24989575904255718,OpenProblems,ridge_cell_drug_fp,test_size_matched_random
85,0.3294054925975092,451,27,0.1296111535593447,0.1997943390381645,OpenProblems,ridge_cell_drug_fp,test_size_matched_random
86,0.4038566838302009,431,26,0.0775325845027012,0.32632409932749973,OpenProblems,ridge_cell_drug_fp,test_size_matched_random
87,0.3673161155312819,419,27,0.0563910331789039,0.31092508235237803,OpenProblems,ridge_cell_drug_fp,test_size_matched_random
88,0.3599742467059219,422,25,0.1251058577383346,0.23486838896758727,OpenProblems,ridge_cell_drug_fp,test_size_matched_random
89,0.3248665725754671,419,26,0.1188844781560297,0.20598209441943738,OpenProblems,ridge_cell_drug_fp,test_size_matched_random
90,0.3584711166007612,433,27,0.1442893469798913,0.2141817696208699,OpenProblems,ridge_cell_drug_fp,test_size_matched_random
91,0.3202998065600969,414,27,0.1258648761109895,0.19443493044910737,OpenProblems,ridge_cell_drug_fp,test_size_matched_random
92,0.3879729633389375,444,26,0.1835929767490298,0.2043799865899077,OpenProblems,ridge_cell_drug_fp,test_size_matched_random
93,0.407077692140999,436,27,0.1247241260928652,0.2823535660481338,OpenProblems,ridge_cell_drug_fp,test_size_matched_random
94,0.3745315579009194,437,28,0.080394514892755,0.2941370430081644,OpenProblems,ridge_cell_drug_fp,test_size_matched_random
95,0.3315301478669952,440,27,0.145212039147727,0.18631810871926818,OpenProblems,ridge_cell_drug_fp,test_size_matched_random
96,0.4222750938984435,436,29,0.1071991597746181,0.3150759341238254,OpenProblems,ridge_cell_drug_fp,test_size_matched_random
97,0.3894478742160249,443,23,0.1317071359110415,0.2577407383049834,OpenProblems,ridge_cell_drug_fp,test_size_matched_random
98,0.3361120696560151,436,27,0.1845555401947516,0.1515565294612635,OpenProblems,ridge_cell_drug_fp,test_size_matched_random
99,0.3656458585717782,454,27,0.1453999671620964,0.22024589140968182,OpenProblems,ridge_cell_drug_fp,test_size_matched_random
100,0.4459550043911193,453,25,0.0611472041076143,0.384807800283505,OpenProblems,ridge_cell_drug_fp,test_size_matched_random
1,0.2821393512452917,325,28,0.0685834687193832,0.2135558825259085,OpenProblems,ridge_cell_drug_fp,train_test_size_matched_random
2,0.311253225973109,329,27,0.0840891519738391,0.2271640739992699,OpenProblems,ridge_cell_drug_fp,train_test_size_matched_random
3,0.3525994641288716,334,24,0.0841368471516302,0.2684626169772414,OpenProblems,ridge_cell_drug_fp,train_test_size_matched_random
4,0.3355711163484978,325,28,0.1076908680706367,0.22788024827786107,OpenProblems,ridge_cell_drug_fp,train_test_size_matched_random
5,0.289279608538402,324,28,0.1208157228334698,0.1684638857049322,OpenProblems,ridge_cell_drug_fp,train_test_size_matched_random
6,0.355769564718253,327,27,0.1156594407717056,0.2401101239465474,OpenProblems,ridge_cell_drug_fp,train_test_size_matched_random
7,0.3652069782626385,333,26,0.1017349198960833,0.2634720583665552,OpenProblems,ridge_cell_drug_fp,train_test_size_matched_random
8,0.3428430571630692,325,29,0.082221572431225,0.26062148473184416,OpenProblems,ridge_cell_drug_fp,train_test_size_matched_random
9,0.3469331645818823,323,28,0.1501107471590684,0.1968224174228139,OpenProblems,ridge_cell_drug_fp,train_test_size_matched_random
10,0.2789939586533081,332,26,0.1810217440753481,0.09797221457796002,OpenProblems,ridge_cell_drug_fp,train_test_size_matched_random
11,0.319295712701522,328,27,0.1719816903461294,0.14731402235539262,OpenProblems,ridge_cell_drug_fp,train_test_size_matched_random
12,0.361167402706785,329,26,0.1354926232188143,0.22567477948797068,OpenProblems,ridge_cell_drug_fp,train_test_size_matched_random
13,0.3193141335771309,330,26,0.172999277598314,0.1463148559788169,OpenProblems,ridge_cell_drug_fp,train_test_size_matched_random
14,0.2994541701887656,331,27,0.1176543821574703,0.18179978803129526,OpenProblems,ridge_cell_drug_fp,train_test_size_matched_random
15,0.3279724689135052,328,27,0.0748918991577893,0.2530805697557159,OpenProblems,ridge_cell_drug_fp,train_test_size_matched_random
16,0.3050230602226654,325,28,0.104713817706744,0.20030924251592142,OpenProblems,ridge_cell_drug_fp,train_test_size_matched_random
17,0.3520512225395524,328,27,0.1390756716263717,0.2129755509131807,OpenProblems,ridge_cell_drug_fp,train_test_size_matched_random
18,0.345064178231071,332,25,0.1507676472352545,0.1942965309958165,OpenProblems,ridge_cell_drug_fp,train_test_size_matched_random
19,0.3902290573155174,329,27,0.2000698186847431,0.19015923863077427,OpenProblems,ridge_cell_drug_fp,train_test_size_matched_random
20,0.3469259042641136,330,26,0.1266310146864798,0.22029488957763382,OpenProblems,ridge_cell_drug_fp,train_test_size_matched_random
21,0.378871100106135,328,27,0.0788678166499486,0.30000328345618643,OpenProblems,ridge_cell_drug_fp,train_test_size_matched_random
22,0.302133077459892,330,26,0.1043672163763295,0.19776586108356248,OpenProblems,ridge_cell_drug_fp,train_test_size_matched_random
23,0.3261948221833521,328,27,0.1104591467756914,0.2157356754076607,OpenProblems,ridge_cell_drug_fp,train_test_size_matched_random
24,0.3337167760120067,327,27,0.185901141801508,0.14781563421049873,OpenProblems,ridge_cell_drug_fp,train_test_size_matched_random
25,0.3634150785822637,328,26,0.0656160771676416,0.29779900141462207,OpenProblems,ridge_cell_drug_fp,train_test_size_matched_random
26,0.3147628217010826,328,27,0.144970413231916,0.1697924084691666,OpenProblems,ridge_cell_drug_fp,train_test_size_matched_random
27,0.2753418046631438,331,26,0.1154635792434602,0.1598782254196836,OpenProblems,ridge_cell_drug_fp,train_test_size_matched_random
28,0.3534210024493504,330,25,0.0864173196732214,0.26700368277612896,OpenProblems,ridge_cell_drug_fp,train_test_size_matched_random
29,0.3407284312059371,331,26,0.1458952527263888,0.19483317847954829,OpenProblems,ridge_cell_drug_fp,train_test_size_matched_random
30,0.3024013405390414,325,28,0.1735492429680654,0.128852097570976,OpenProblems,ridge_cell_drug_fp,train_test_size_matched_random
31,0.3685465787420403,335,22,0.0891436642280442,0.27940291451399607,OpenProblems,ridge_cell_drug_fp,train_test_size_matched_random
32,0.3170768584880427,328,27,0.0924996618826138,0.22457719660542888,OpenProblems,ridge_cell_drug_fp,train_test_size_matched_random
33,0.3186207786795674,329,27,0.1265046794382275,0.1921160992413399,OpenProblems,ridge_cell_drug_fp,train_test_size_matched_random
34,0.2986481593696664,329,27,0.1489007729481471,0.14974738642151927,OpenProblems,ridge_cell_drug_fp,train_test_size_matched_random
35,0.3017514221234446,331,26,0.0727882535338324,0.2289631685896122,OpenProblems,ridge_cell_drug_fp,train_test_size_matched_random
36,0.3892485804979461,335,25,0.1183960540721934,0.2708525264257527,OpenProblems,ridge_cell_drug_fp,train_test_size_matched_random
37,0.3324325128544014,328,27,0.1412358747243965,0.1911966381300049,OpenProblems,ridge_cell_drug_fp,train_test_size_matched_random
38,0.3228674065404972,334,26,0.1322888069373471,0.19057859960315013,OpenProblems,ridge_cell_drug_fp,train_test_size_matched_random
39,0.3117828012823993,332,26,0.1628725858341052,0.14891021544829414,OpenProblems,ridge_cell_drug_fp,train_test_size_matched_random
40,0.3462663770661339,326,27,0.1113929925337352,0.2348733845323987,OpenProblems,ridge_cell_drug_fp,train_test_size_matched_random
41,0.3225699383928542,328,28,0.0887954049387003,0.2337745334541539,OpenProblems,ridge_cell_drug_fp,train_test_size_matched_random
42,0.3008833899247511,324,28,0.1043043646196768,0.19657902530507432,OpenProblems,ridge_cell_drug_fp,train_test_size_matched_random
43,0.3637649791620264,327,27,0.1240505267379002,0.2397144524241262,OpenProblems,ridge_cell_drug_fp,train_test_size_matched_random
44,0.3135208788784931,326,28,0.0852574199558264,0.2282634589226667,OpenProblems,ridge_cell_drug_fp,train_test_size_matched_random
45,0.3268569927172935,325,28,0.1406195276935403,0.1862374650237532,OpenProblems,ridge_cell_drug_fp,train_test_size_matched_random
46,0.3648674146987135,326,28,0.1037871449680545,0.261080269730659,OpenProblems,ridge_cell_drug_fp,train_test_size_matched_random
47,0.2912296911619035,331,27,0.125907951931854,0.1653217392300495,OpenProblems,ridge_cell_drug_fp,train_test_size_matched_random
48,0.3491410405798475,328,26,0.0759652759847353,0.2731757645951122,OpenProblems,ridge_cell_drug_fp,train_test_size_matched_random
49,0.3492898685495939,330,27,0.0750777619154752,0.27421210663411866,OpenProblems,ridge_cell_drug_fp,train_test_size_matched_random
50,0.3998190557443545,325,28,0.1239815008849645,0.27583755485939,OpenProblems,ridge_cell_drug_fp,train_test_size_matched_random
51,0.3742164345174812,328,28,0.1233716410384968,0.2508447934789844,OpenProblems,ridge_cell_drug_fp,train_test_size_matched_random
52,0.3225448425708806,326,28,0.1625648755742529,0.15997996699662773,OpenProblems,ridge_cell_drug_fp,train_test_size_matched_random
53,0.3382752864504452,327,27,0.1261706790671434,0.21210460738330178,OpenProblems,ridge_cell_drug_fp,train_test_size_matched_random
54,0.2732995170836179,325,28,0.1752948556378069,0.09800466144581099,OpenProblems,ridge_cell_drug_fp,train_test_size_matched_random
55,0.3889038281819977,331,27,0.1090134735073574,0.2798903546746403,OpenProblems,ridge_cell_drug_fp,train_test_size_matched_random
56,0.3153515006134566,329,28,0.0815522371407194,0.23379926347273722,OpenProblems,ridge_cell_drug_fp,train_test_size_matched_random
57,0.3447702645013816,330,27,0.1430983909933663,0.2016718735080153,OpenProblems,ridge_cell_drug_fp,train_test_size_matched_random
58,0.3419798003605734,331,26,0.0582215060329885,0.2837582943275849,OpenProblems,ridge_cell_drug_fp,train_test_size_matched_random
59,0.3394918078557459,327,27,0.0876217681108895,0.2518700397448564,OpenProblems,ridge_cell_drug_fp,train_test_size_matched_random
60,0.3290329980079133,329,26,0.156874420064918,0.1721585779429953,OpenProblems,ridge_cell_drug_fp,train_test_size_matched_random
61,0.283241724001229,330,26,0.1459033093749561,0.1373384146262729,OpenProblems,ridge_cell_drug_fp,train_test_size_matched_random
62,0.3823057644457824,326,28,0.0543224207752653,0.3279833436705171,OpenProblems,ridge_cell_drug_fp,train_test_size_matched_random
63,0.3319961213641661,325,28,0.1261804780920175,0.20581564327214863,OpenProblems,ridge_cell_drug_fp,train_test_size_matched_random
64,0.3225463745346249,325,28,0.1613260584026594,0.16122031613196552,OpenProblems,ridge_cell_drug_fp,train_test_size_matched_random
65,0.3081200488524557,325,28,0.0870028439658608,0.2211172048865949,OpenProblems,ridge_cell_drug_fp,train_test_size_matched_random
66,0.3031347196013808,335,24,0.1217789776021448,0.181355741999236,OpenProblems,ridge_cell_drug_fp,train_test_size_matched_random
67,0.3069888265319283,333,26,0.0674728114272296,0.23951601510469872,OpenProblems,ridge_cell_drug_fp,train_test_size_matched_random
68,0.3213406736539004,327,27,0.0829624517139917,0.2383782219399087,OpenProblems,ridge_cell_drug_fp,train_test_size_matched_random
69,0.3148111627428411,329,27,0.1481055780685092,0.16670558467433189,OpenProblems,ridge_cell_drug_fp,train_test_size_matched_random
70,0.3631854388027112,328,27,0.1268659558735814,0.2363194829291298,OpenProblems,ridge_cell_drug_fp,train_test_size_matched_random
71,0.3982119107216502,331,26,0.1110448776042269,0.2871670331174233,OpenProblems,ridge_cell_drug_fp,train_test_size_matched_random
72,0.3787488094742351,334,26,0.0377871603951525,0.3409616490790826,OpenProblems,ridge_cell_drug_fp,train_test_size_matched_random
73,0.3527327314857242,327,27,0.1517588681906342,0.20097386329509,OpenProblems,ridge_cell_drug_fp,train_test_size_matched_random
74,0.3009104134697463,333,25,0.0922461449430511,0.20866426852669517,OpenProblems,ridge_cell_drug_fp,train_test_size_matched_random
75,0.3525607172527294,328,27,0.1415356872200316,0.21102503003269782,OpenProblems,ridge_cell_drug_fp,train_test_size_matched_random
76,0.3434928959389833,327,27,0.1306136589250696,0.2128792370139137,OpenProblems,ridge_cell_drug_fp,train_test_size_matched_random
77,0.3315494126747851,328,27,0.0923416833537837,0.2392077293210014,OpenProblems,ridge_cell_drug_fp,train_test_size_matched_random
78,0.3113270699826185,328,27,0.0904187511871143,0.2209083187955042,OpenProblems,ridge_cell_drug_fp,train_test_size_matched_random
79,0.3906305612753699,328,27,0.1471889061667867,0.24344165510858318,OpenProblems,ridge_cell_drug_fp,train_test_size_matched_random
80,0.3570923490623324,329,27,0.1132616696548129,0.2438306794075195,OpenProblems,ridge_cell_drug_fp,train_test_size_matched_random
81,0.3806756297035577,334,25,0.1092029610214474,0.27147266868211034,OpenProblems,ridge_cell_drug_fp,train_test_size_matched_random
82,0.3193119660430041,331,27,0.1156603244408595,0.2036516416021446,OpenProblems,ridge_cell_drug_fp,train_test_size_matched_random
83,0.4178293719486326,325,29,0.1586350539988579,0.2591943179497747,OpenProblems,ridge_cell_drug_fp,train_test_size_matched_random
84,0.3310326763144199,328,27,0.1108301607099843,0.2202025156044356,OpenProblems,ridge_cell_drug_fp,train_test_size_matched_random
85,0.3131559574243959,327,27,0.1296111535593447,0.1835448038650512,OpenProblems,ridge_cell_drug_fp,train_test_size_matched_random
86,0.3164676352607415,331,26,0.0775325845027012,0.2389350507580403,OpenProblems,ridge_cell_drug_fp,train_test_size_matched_random
87,0.3484190300488863,328,27,0.0563910331789039,0.2920279968699824,OpenProblems,ridge_cell_drug_fp,train_test_size_matched_random
88,0.3041077166398105,333,25,0.1251058577383346,0.1790018589014759,OpenProblems,ridge_cell_drug_fp,train_test_size_matched_random
89,0.3090181693181276,331,26,0.1188844781560297,0.19013369116209788,OpenProblems,ridge_cell_drug_fp,train_test_size_matched_random
90,0.342951703449544,328,27,0.1442893469798913,0.19866235646965272,OpenProblems,ridge_cell_drug_fp,train_test_size_matched_random
91,0.3070523162741781,327,27,0.1258648761109895,0.1811874401631886,OpenProblems,ridge_cell_drug_fp,train_test_size_matched_random
92,0.3585806247997985,329,26,0.1835929767490298,0.17498764805076872,OpenProblems,ridge_cell_drug_fp,train_test_size_matched_random
93,0.3871988305728081,329,27,0.1247241260928652,0.26247470447994287,OpenProblems,ridge_cell_drug_fp,train_test_size_matched_random
94,0.3534027881557632,325,28,0.080394514892755,0.2730082732630082,OpenProblems,ridge_cell_drug_fp,train_test_size_matched_random
95,0.3008574787072224,327,27,0.145212039147727,0.1556454395594954,OpenProblems,ridge_cell_drug_fp,train_test_size_matched_random
96,0.4097560605486495,325,29,0.1071991597746181,0.3025569007740314,OpenProblems,ridge_cell_drug_fp,train_test_size_matched_random
97,0.3488206608729862,332,23,0.1317071359110415,0.2171135249619447,OpenProblems,ridge_cell_drug_fp,train_test_size_matched_random
98,0.3142912198794651,328,27,0.1845555401947516,0.12973567968471353,OpenProblems,ridge_cell_drug_fp,train_test_size_matched_random
99,0.3442846547799191,328,27,0.1453999671620964,0.1988846876178227,OpenProblems,ridge_cell_drug_fp,train_test_size_matched_random
100,0.4028038997523057,337,25,0.0611472041076143,0.34165669564469137,OpenProblems,ridge_cell_drug_fp,train_test_size_matched_random
1,0.3711807272259463,325,28,0.0685834687193832,0.3025972585065631,OpenProblems,ridge_cell_drug_fp,composition_train_test_size_matched_random
2,0.3439417069767481,329,27,0.0840891519738391,0.259852555002909,OpenProblems,ridge_cell_drug_fp,composition_train_test_size_matched_random
3,0.3899557384698344,334,24,0.0841368471516302,0.30581889131820417,OpenProblems,ridge_cell_drug_fp,composition_train_test_size_matched_random
4,0.3710138550924385,325,28,0.1076908680706367,0.2633229870218018,OpenProblems,ridge_cell_drug_fp,composition_train_test_size_matched_random
5,0.3849367157684696,324,28,0.1208157228334698,0.2641209929349998,OpenProblems,ridge_cell_drug_fp,composition_train_test_size_matched_random
6,0.4198883069992296,327,27,0.1156594407717056,0.304228866227524,OpenProblems,ridge_cell_drug_fp,composition_train_test_size_matched_random
7,0.3314501297407419,333,26,0.1017349198960833,0.2297152098446586,OpenProblems,ridge_cell_drug_fp,composition_train_test_size_matched_random
8,0.2903273834159614,325,29,0.082221572431225,0.2081058109847364,OpenProblems,ridge_cell_drug_fp,composition_train_test_size_matched_random
9,0.3914380686998941,323,28,0.1501107471590684,0.24132732154082573,OpenProblems,ridge_cell_drug_fp,composition_train_test_size_matched_random
10,0.4163729986373347,332,26,0.1810217440753481,0.23535125456198658,OpenProblems,ridge_cell_drug_fp,composition_train_test_size_matched_random
11,0.407128569174676,328,27,0.1719816903461294,0.2351468788285466,OpenProblems,ridge_cell_drug_fp,composition_train_test_size_matched_random
12,0.2904973425036499,329,26,0.1354926232188143,0.15500471928483558,OpenProblems,ridge_cell_drug_fp,composition_train_test_size_matched_random
13,0.3743091393068383,330,26,0.172999277598314,0.2013098617085243,OpenProblems,ridge_cell_drug_fp,composition_train_test_size_matched_random
14,0.3012892630046547,331,27,0.1176543821574703,0.18363488084718438,OpenProblems,ridge_cell_drug_fp,composition_train_test_size_matched_random
15,0.2517224000763263,328,27,0.0748918991577893,0.176830500918537,OpenProblems,ridge_cell_drug_fp,composition_train_test_size_matched_random
16,0.259707683397565,325,28,0.104713817706744,0.15499386569082102,OpenProblems,ridge_cell_drug_fp,composition_train_test_size_matched_random
17,0.4381118423480004,328,27,0.1390756716263717,0.2990361707216287,OpenProblems,ridge_cell_drug_fp,composition_train_test_size_matched_random
18,0.3688546218636616,332,25,0.1507676472352545,0.2180869746284071,OpenProblems,ridge_cell_drug_fp,composition_train_test_size_matched_random
19,0.4765525832579611,329,27,0.2000698186847431,0.276482764573218,OpenProblems,ridge_cell_drug_fp,composition_train_test_size_matched_random
20,0.333600002340612,330,26,0.1266310146864798,0.20696898765413219,OpenProblems,ridge_cell_drug_fp,composition_train_test_size_matched_random
21,0.2771321020390128,328,27,0.0788678166499486,0.19826428538906418,OpenProblems,ridge_cell_drug_fp,composition_train_test_size_matched_random
22,0.2925892096394395,330,26,0.1043672163763295,0.18822199326311,OpenProblems,ridge_cell_drug_fp,composition_train_test_size_matched_random
23,0.3183859737308092,328,27,0.1104591467756914,0.20792682695511777,OpenProblems,ridge_cell_drug_fp,composition_train_test_size_matched_random
24,0.3908323883754113,327,27,0.185901141801508,0.2049312465739033,OpenProblems,ridge_cell_drug_fp,composition_train_test_size_matched_random
25,0.2413529942121274,328,26,0.0656160771676416,0.1757369170444858,OpenProblems,ridge_cell_drug_fp,composition_train_test_size_matched_random
26,0.41019303258958,328,27,0.144970413231916,0.265222619357664,OpenProblems,ridge_cell_drug_fp,composition_train_test_size_matched_random
27,0.3641417957308083,331,26,0.1154635792434602,0.2486782164873481,OpenProblems,ridge_cell_drug_fp,composition_train_test_size_matched_random
28,0.2374909054197926,330,25,0.0864173196732214,0.1510735857465712,OpenProblems,ridge_cell_drug_fp,composition_train_test_size_matched_random
29,0.4164066204520771,331,26,0.1458952527263888,0.2705113677256883,OpenProblems,ridge_cell_drug_fp,composition_train_test_size_matched_random
30,0.3452353057342384,325,28,0.1735492429680654,0.171686062766173,OpenProblems,ridge_cell_drug_fp,composition_train_test_size_matched_random
31,0.3087525256447531,335,22,0.0891436642280442,0.21960886141670888,OpenProblems,ridge_cell_drug_fp,composition_train_test_size_matched_random
32,0.2269825210324282,328,27,0.0924996618826138,0.1344828591498144,OpenProblems,ridge_cell_drug_fp,composition_train_test_size_matched_random
33,0.3379725039776854,329,27,0.1265046794382275,0.21146782453945792,OpenProblems,ridge_cell_drug_fp,composition_train_test_size_matched_random
34,0.4100338766473535,329,27,0.1489007729481471,0.2611331036992064,OpenProblems,ridge_cell_drug_fp,composition_train_test_size_matched_random
35,0.2930066339546208,331,26,0.0727882535338324,0.2202183804207884,OpenProblems,ridge_cell_drug_fp,composition_train_test_size_matched_random
36,0.3677048386565896,335,25,0.1183960540721934,0.2493087845843962,OpenProblems,ridge_cell_drug_fp,composition_train_test_size_matched_random
37,0.3239922658646643,328,27,0.1412358747243965,0.1827563911402678,OpenProblems,ridge_cell_drug_fp,composition_train_test_size_matched_random
38,0.430239667479569,334,26,0.1322888069373471,0.29795086054222186,OpenProblems,ridge_cell_drug_fp,composition_train_test_size_matched_random
39,0.4318663644563915,332,26,0.1628725858341052,0.2689937786222863,OpenProblems,ridge_cell_drug_fp,composition_train_test_size_matched_random
40,0.36513466921633,326,27,0.1113929925337352,0.2537416766825948,OpenProblems,ridge_cell_drug_fp,composition_train_test_size_matched_random
41,0.3445829870728207,328,28,0.0887954049387003,0.2557875821341204,OpenProblems,ridge_cell_drug_fp,composition_train_test_size_matched_random
42,0.2916464849294995,324,28,0.1043043646196768,0.18734212030982272,OpenProblems,ridge_cell_drug_fp,composition_train_test_size_matched_random
43,0.3748832405356432,327,27,0.1240505267379002,0.250832713797743,OpenProblems,ridge_cell_drug_fp,composition_train_test_size_matched_random
44,0.2750568902085555,326,28,0.0852574199558264,0.18979947025272909,OpenProblems,ridge_cell_drug_fp,composition_train_test_size_matched_random
45,0.4302405306477431,325,28,0.1406195276935403,0.2896210029542028,OpenProblems,ridge_cell_drug_fp,composition_train_test_size_matched_random
46,0.1806790784518972,326,28,0.1037871449680545,0.07689193348384271,OpenProblems,ridge_cell_drug_fp,composition_train_test_size_matched_random
47,0.3509390615283603,331,27,0.125907951931854,0.2250311095965063,OpenProblems,ridge_cell_drug_fp,composition_train_test_size_matched_random
48,0.3119013589710681,328,26,0.0759652759847353,0.23593608298633278,OpenProblems,ridge_cell_drug_fp,composition_train_test_size_matched_random
49,0.2229363127010273,330,27,0.0750777619154752,0.1478585507855521,OpenProblems,ridge_cell_drug_fp,composition_train_test_size_matched_random
50,0.3677869211638342,325,28,0.1239815008849645,0.2438054202788697,OpenProblems,ridge_cell_drug_fp,composition_train_test_size_matched_random
51,0.3455227865664526,328,28,0.1233716410384968,0.22215114552795578,OpenProblems,ridge_cell_drug_fp,composition_train_test_size_matched_random
52,0.3307773989082164,326,28,0.1625648755742529,0.1682125233339635,OpenProblems,ridge_cell_drug_fp,composition_train_test_size_matched_random
53,0.3843082147592598,327,27,0.1261706790671434,0.2581375356921164,OpenProblems,ridge_cell_drug_fp,composition_train_test_size_matched_random
54,0.3593015408153063,325,28,0.1752948556378069,0.1840066851774994,OpenProblems,ridge_cell_drug_fp,composition_train_test_size_matched_random
55,0.2928732828561661,331,27,0.1090134735073574,0.1838598093488087,OpenProblems,ridge_cell_drug_fp,composition_train_test_size_matched_random
56,0.3339388529983947,329,28,0.0815522371407194,0.2523866158576753,OpenProblems,ridge_cell_drug_fp,composition_train_test_size_matched_random
57,0.3640749800782099,330,27,0.1430983909933663,0.22097658908484358,OpenProblems,ridge_cell_drug_fp,composition_train_test_size_matched_random
58,0.2795226093681969,331,26,0.0582215060329885,0.2213011033352084,OpenProblems,ridge_cell_drug_fp,composition_train_test_size_matched_random
59,0.4247403342565232,327,27,0.0876217681108895,0.3371185661456337,OpenProblems,ridge_cell_drug_fp,composition_train_test_size_matched_random
60,0.4143505923437742,329,26,0.156874420064918,0.2574761722788562,OpenProblems,ridge_cell_drug_fp,composition_train_test_size_matched_random
61,0.2951289042992657,330,26,0.1459033093749561,0.1492255949243096,OpenProblems,ridge_cell_drug_fp,composition_train_test_size_matched_random
62,0.2440996664932337,326,28,0.0543224207752653,0.1897772457179684,OpenProblems,ridge_cell_drug_fp,composition_train_test_size_matched_random
63,0.4133496447822057,325,28,0.1261804780920175,0.2871691666901882,OpenProblems,ridge_cell_drug_fp,composition_train_test_size_matched_random
64,0.4124288659150651,325,28,0.1613260584026594,0.2511028075124057,OpenProblems,ridge_cell_drug_fp,composition_train_test_size_matched_random
65,0.2699642094597289,325,28,0.0870028439658608,0.18296136549386807,OpenProblems,ridge_cell_drug_fp,composition_train_test_size_matched_random
66,0.3547948996279514,335,24,0.1217789776021448,0.23301592202580662,OpenProblems,ridge_cell_drug_fp,composition_train_test_size_matched_random
67,0.2772977953538942,333,26,0.0674728114272296,0.2098249839266646,OpenProblems,ridge_cell_drug_fp,composition_train_test_size_matched_random
68,0.2743332206411575,327,27,0.0829624517139917,0.1913707689271658,OpenProblems,ridge_cell_drug_fp,composition_train_test_size_matched_random
69,0.3183316186959588,329,27,0.1481055780685092,0.17022604062744956,OpenProblems,ridge_cell_drug_fp,composition_train_test_size_matched_random
70,0.4144909242566492,328,27,0.1268659558735814,0.2876249683830678,OpenProblems,ridge_cell_drug_fp,composition_train_test_size_matched_random
71,0.2561119503619101,331,26,0.1110448776042269,0.14506707275768319,OpenProblems,ridge_cell_drug_fp,composition_train_test_size_matched_random
72,0.3423126337168949,334,26,0.0377871603951525,0.3045254733217424,OpenProblems,ridge_cell_drug_fp,composition_train_test_size_matched_random
73,0.3971982790709374,327,27,0.1517588681906342,0.24543941088030322,OpenProblems,ridge_cell_drug_fp,composition_train_test_size_matched_random
74,0.4483408575361649,333,25,0.0922461449430511,0.3560947125931138,OpenProblems,ridge_cell_drug_fp,composition_train_test_size_matched_random
75,0.3214173923096768,328,27,0.1415356872200316,0.1798817050896452,OpenProblems,ridge_cell_drug_fp,composition_train_test_size_matched_random
76,0.435527117247761,327,27,0.1306136589250696,0.3049134583226914,OpenProblems,ridge_cell_drug_fp,composition_train_test_size_matched_random
77,0.3458953362453484,328,27,0.0923416833537837,0.25355365289156473,OpenProblems,ridge_cell_drug_fp,composition_train_test_size_matched_random
78,0.2620001616595336,328,27,0.0904187511871143,0.17158141047241932,OpenProblems,ridge_cell_drug_fp,composition_train_test_size_matched_random
79,0.361041939982817,328,27,0.1471889061667867,0.21385303381603027,OpenProblems,ridge_cell_drug_fp,composition_train_test_size_matched_random
80,0.3351479509498823,329,27,0.1132616696548129,0.22188628129506943,OpenProblems,ridge_cell_drug_fp,composition_train_test_size_matched_random
81,0.3089785859565707,334,25,0.1092029610214474,0.1997756249351233,OpenProblems,ridge_cell_drug_fp,composition_train_test_size_matched_random
82,0.3039993025515755,331,27,0.1156603244408595,0.18833897811071598,OpenProblems,ridge_cell_drug_fp,composition_train_test_size_matched_random
83,0.3225212419614128,325,29,0.1586350539988579,0.16388618796255489,OpenProblems,ridge_cell_drug_fp,composition_train_test_size_matched_random
84,0.2330353277297304,328,27,0.1108301607099843,0.1222051670197461,OpenProblems,ridge_cell_drug_fp,composition_train_test_size_matched_random
85,0.4135568479002566,327,27,0.1296111535593447,0.2839456943409119,OpenProblems,ridge_cell_drug_fp,composition_train_test_size_matched_random
86,0.3273049624989631,331,26,0.0775325845027012,0.24977237799626192,OpenProblems,ridge_cell_drug_fp,composition_train_test_size_matched_random
87,0.2850432044828762,328,27,0.0563910331789039,0.22865217130397228,OpenProblems,ridge_cell_drug_fp,composition_train_test_size_matched_random
88,0.3266161593489242,333,25,0.1251058577383346,0.20151030161058958,OpenProblems,ridge_cell_drug_fp,composition_train_test_size_matched_random
89,0.2869297949966763,331,26,0.1188844781560297,0.1680453168406466,OpenProblems,ridge_cell_drug_fp,composition_train_test_size_matched_random
90,0.4073043003075273,328,27,0.1442893469798913,0.263014953327636,OpenProblems,ridge_cell_drug_fp,composition_train_test_size_matched_random
91,0.4349833543573222,327,27,0.1258648761109895,0.3091184782463327,OpenProblems,ridge_cell_drug_fp,composition_train_test_size_matched_random
92,0.3966344933133107,329,26,0.1835929767490298,0.2130415165642809,OpenProblems,ridge_cell_drug_fp,composition_train_test_size_matched_random
93,0.4136629710440253,329,27,0.1247241260928652,0.28893884495116007,OpenProblems,ridge_cell_drug_fp,composition_train_test_size_matched_random
94,0.2549511818219781,325,28,0.080394514892755,0.17455666692922311,OpenProblems,ridge_cell_drug_fp,composition_train_test_size_matched_random
95,0.4103764773939828,327,27,0.145212039147727,0.2651644382462558,OpenProblems,ridge_cell_drug_fp,composition_train_test_size_matched_random
96,0.3113600917124823,325,29,0.1071991597746181,0.20416093193786422,OpenProblems,ridge_cell_drug_fp,composition_train_test_size_matched_random
97,0.3512824309087197,332,23,0.1317071359110415,0.2195752949976782,OpenProblems,ridge_cell_drug_fp,composition_train_test_size_matched_random
98,0.3452170169990957,328,27,0.1845555401947516,0.1606614768043441,OpenProblems,ridge_cell_drug_fp,composition_train_test_size_matched_random
99,0.3451292338880962,328,27,0.1453999671620964,0.19972926672599978,OpenProblems,ridge_cell_drug_fp,composition_train_test_size_matched_random
100,0.3056130379688405,337,25,0.0611472041076143,0.24446583386122617,OpenProblems,ridge_cell_drug_fp,composition_train_test_size_matched_random
1,0.2686419272542396,1767,144,0.0270159516649453,0.24162597558929427,Sci-Plex 3,control_conditioned_nonlinear_benchmark,test_size_matched_random
2,0.2942854173051624,1742,127,-0.0066654242123314,0.3009508415174938,Sci-Plex 3,control_conditioned_nonlinear_benchmark,test_size_matched_random
3,0.2794391186052256,1729,162,0.0272799409668756,0.25215917763835,Sci-Plex 3,control_conditioned_nonlinear_benchmark,test_size_matched_random
4,0.2781790514940756,1766,142,0.0076400956252264,0.27053895586884924,Sci-Plex 3,control_conditioned_nonlinear_benchmark,test_size_matched_random
5,0.2603260562467165,1745,131,0.0176464670106936,0.2426795892360229,Sci-Plex 3,control_conditioned_nonlinear_benchmark,test_size_matched_random
6,0.2554004621989947,1779,129,-0.0295209896537088,0.2849214518527035,Sci-Plex 3,control_conditioned_nonlinear_benchmark,test_size_matched_random
7,0.27989993468842,1766,151,0.0406653611513384,0.2392345735370816,Sci-Plex 3,control_conditioned_nonlinear_benchmark,test_size_matched_random
8,0.3314839800986319,1796,134,0.0312047250929563,0.3002792550056756,Sci-Plex 3,control_conditioned_nonlinear_benchmark,test_size_matched_random
9,0.2728705325713871,1793,144,7.957559008997104e-05,0.27279095698129713,Sci-Plex 3,control_conditioned_nonlinear_benchmark,test_size_matched_random
10,0.2672119826112473,1755,128,0.0145273686562626,0.2526846139549847,Sci-Plex 3,control_conditioned_nonlinear_benchmark,test_size_matched_random
11,0.2711453397709201,1750,139,0.0434014828173028,0.2277438569536173,Sci-Plex 3,control_conditioned_nonlinear_benchmark,test_size_matched_random
12,0.2968478012424761,1760,136,0.008892210318182,0.2879555909242941,Sci-Plex 3,control_conditioned_nonlinear_benchmark,test_size_matched_random
13,0.2526785233260961,1761,147,0.0332520326902998,0.21942649063579628,Sci-Plex 3,control_conditioned_nonlinear_benchmark,test_size_matched_random
14,0.2555899719986618,1743,176,0.0179798864578779,0.2376100855407839,Sci-Plex 3,control_conditioned_nonlinear_benchmark,test_size_matched_random
15,0.2758322491999499,1771,156,0.0056529007159838,0.27017934848396613,Sci-Plex 3,control_conditioned_nonlinear_benchmark,test_size_matched_random
16,0.2800058120332507,1764,137,0.0354439914156715,0.2445618206175792,Sci-Plex 3,control_conditioned_nonlinear_benchmark,test_size_matched_random
17,0.2720510227336066,1759,140,0.0291458819098824,0.2429051408237242,Sci-Plex 3,control_conditioned_nonlinear_benchmark,test_size_matched_random
18,0.2430325133643167,1750,172,0.0177847694225243,0.2252477439417924,Sci-Plex 3,control_conditioned_nonlinear_benchmark,test_size_matched_random
19,0.276748260777604,1750,145,0.0292379331632618,0.24751032761434222,Sci-Plex 3,control_conditioned_nonlinear_benchmark,test_size_matched_random
20,0.2596444664105009,1750,143,0.0268800578734623,0.23276440853703856,Sci-Plex 3,control_conditioned_nonlinear_benchmark,test_size_matched_random
21,0.2427642854942788,1764,138,-0.0084007563898247,0.2511650418841035,Sci-Plex 3,control_conditioned_nonlinear_benchmark,test_size_matched_random
22,0.3257615038406913,1744,143,-0.0170171965366338,0.3427787003773251,Sci-Plex 3,control_conditioned_nonlinear_benchmark,test_size_matched_random
23,0.2784645432622735,1783,136,0.031112685511198,0.2473518577510755,Sci-Plex 3,control_conditioned_nonlinear_benchmark,test_size_matched_random
24,0.2599161111185037,1763,134,0.0182974560521502,0.24161865506635352,Sci-Plex 3,control_conditioned_nonlinear_benchmark,test_size_matched_random
25,0.2888355906976185,1751,132,0.0136062510324027,0.2752293396652158,Sci-Plex 3,control_conditioned_nonlinear_benchmark,test_size_matched_random
26,0.2197465714754657,1769,139,0.0048848267945979,0.2148617446808678,Sci-Plex 3,control_conditioned_nonlinear_benchmark,test_size_matched_random
27,0.2701977225419579,1760,131,0.0217985088382562,0.2483992137037017,Sci-Plex 3,control_conditioned_nonlinear_benchmark,test_size_matched_random
28,0.3009824022088412,1767,137,0.0156756934552541,0.2853067087535871,Sci-Plex 3,control_conditioned_nonlinear_benchmark,test_size_matched_random
29,0.3017569962829881,1794,140,0.0196389448299584,0.2821180514530297,Sci-Plex 3,control_conditioned_nonlinear_benchmark,test_size_matched_random
30,0.2684889729202769,1785,145,0.031072059763494,0.2374169131567829,Sci-Plex 3,control_conditioned_nonlinear_benchmark,test_size_matched_random
1,0.2328012011884264,1173,144,0.0270159516649453,0.2057852495234811,Sci-Plex 3,control_conditioned_nonlinear_benchmark,train_test_size_matched_random
2,0.2445369023270432,1226,127,-0.0066654242123314,0.2512023265393746,Sci-Plex 3,control_conditioned_nonlinear_benchmark,train_test_size_matched_random
3,0.2329111294326345,1145,162,0.0272799409668756,0.2056311884657589,Sci-Plex 3,control_conditioned_nonlinear_benchmark,train_test_size_matched_random
4,0.2255840969827682,1177,142,0.0076400956252264,0.2179440013575418,Sci-Plex 3,control_conditioned_nonlinear_benchmark,train_test_size_matched_random
5,0.2292207523971183,1203,131,0.0176464670106936,0.2115742853864247,Sci-Plex 3,control_conditioned_nonlinear_benchmark,train_test_size_matched_random
6,0.2717777192643398,1199,129,-0.0295209896537088,0.3012987089180486,Sci-Plex 3,control_conditioned_nonlinear_benchmark,train_test_size_matched_random
7,0.250256355564748,1161,151,0.0406653611513384,0.20959099441340961,Sci-Plex 3,control_conditioned_nonlinear_benchmark,train_test_size_matched_random
8,0.2850373103959504,1196,134,0.0312047250929563,0.25383258530299413,Sci-Plex 3,control_conditioned_nonlinear_benchmark,train_test_size_matched_random
9,0.2158568295830923,1186,144,7.957559008997104e-05,0.21577725399300232,Sci-Plex 3,control_conditioned_nonlinear_benchmark,train_test_size_matched_random
10,0.2554437278245389,1219,128,0.0145273686562626,0.24091635916827628,Sci-Plex 3,control_conditioned_nonlinear_benchmark,train_test_size_matched_random
11,0.2250242978888088,1190,139,0.0434014828173028,0.181622815071506,Sci-Plex 3,control_conditioned_nonlinear_benchmark,train_test_size_matched_random
12,0.2573940029669846,1196,136,0.008892210318182,0.24850179264880262,Sci-Plex 3,control_conditioned_nonlinear_benchmark,train_test_size_matched_random
13,0.2269125124222069,1170,147,0.0332520326902998,0.1936604797319071,Sci-Plex 3,control_conditioned_nonlinear_benchmark,train_test_size_matched_random
14,0.2412558122526328,1111,176,0.0179798864578779,0.2232759257947549,Sci-Plex 3,control_conditioned_nonlinear_benchmark,train_test_size_matched_random
15,0.2226969380065671,1153,156,0.0056529007159838,0.2170440372905833,Sci-Plex 3,control_conditioned_nonlinear_benchmark,train_test_size_matched_random
16,0.2623595538951769,1204,137,0.0354439914156715,0.2269155624795054,Sci-Plex 3,control_conditioned_nonlinear_benchmark,train_test_size_matched_random
17,0.26270584124602,1188,140,0.0291458819098824,0.23355995933613757,Sci-Plex 3,control_conditioned_nonlinear_benchmark,train_test_size_matched_random
18,0.2219681559081277,1127,172,0.0177847694225243,0.2041833864856034,Sci-Plex 3,control_conditioned_nonlinear_benchmark,train_test_size_matched_random
19,0.2665825545955553,1169,145,0.0292379331632618,0.2373446214322935,Sci-Plex 3,control_conditioned_nonlinear_benchmark,train_test_size_matched_random
20,0.2241738856471564,1181,143,0.0268800578734623,0.19729382777369409,Sci-Plex 3,control_conditioned_nonlinear_benchmark,train_test_size_matched_random
21,0.2265602135380298,1191,138,-0.0084007563898247,0.2349609699278545,Sci-Plex 3,control_conditioned_nonlinear_benchmark,train_test_size_matched_random
22,0.2903566701640195,1187,143,-0.0170171965366338,0.3073738667006533,Sci-Plex 3,control_conditioned_nonlinear_benchmark,train_test_size_matched_random
23,0.255930440618476,1189,136,0.031112685511198,0.22481775510727797,Sci-Plex 3,control_conditioned_nonlinear_benchmark,train_test_size_matched_random
24,0.225619619294816,1191,134,0.0182974560521502,0.2073221632426658,Sci-Plex 3,control_conditioned_nonlinear_benchmark,train_test_size_matched_random
25,0.2573150173019379,1212,132,0.0136062510324027,0.2437087662695352,Sci-Plex 3,control_conditioned_nonlinear_benchmark,train_test_size_matched_random
26,0.2193875920593767,1181,139,0.0048848267945979,0.2145027652647788,Sci-Plex 3,control_conditioned_nonlinear_benchmark,train_test_size_matched_random
27,0.27548472704953,1214,131,0.0217985088382562,0.2536862182112738,Sci-Plex 3,control_conditioned_nonlinear_benchmark,train_test_size_matched_random
28,0.2441618053589586,1214,137,0.0156756934552541,0.2284861119037045,Sci-Plex 3,control_conditioned_nonlinear_benchmark,train_test_size_matched_random
29,0.2482062793805592,1184,140,0.0196389448299584,0.2285673345506008,Sci-Plex 3,control_conditioned_nonlinear_benchmark,train_test_size_matched_random
30,0.2453685152476367,1173,145,0.031072059763494,0.2142964554841427,Sci-Plex 3,control_conditioned_nonlinear_benchmark,train_test_size_matched_random
