seed,control,model,metric,value,n_train,n_test,mean_rmse,mean_de_gene_pearson,n_de_evaluable,matched_train_size,matched_test_size,matched_cell_and_de_quartile,source_random_train_only,source_random_test_only
1,test_size_matched_random,ridge_cell_drug_fp,rowwise_pearson,0.31687250692858,436,28,0.9076980987571809,0.5017848095338613,28,False,True,False,True,True
1,train_test_size_matched_random,ridge_cell_drug_fp,rowwise_pearson,0.2821393512452917,325,28,0.9209582839479156,0.45620840036959776,28,True,True,False,True,True
1,composition_train_test_size_matched_random,ridge_cell_drug_fp,rowwise_pearson,0.37118072722594636,325,28,0.8440577728145628,0.5835148848486996,28,True,True,True,True,True
2,test_size_matched_random,ridge_cell_drug_fp,rowwise_pearson,0.3325330266589364,430,27,0.7765672316612778,0.5344116700725796,27,False,True,False,True,True
2,train_test_size_matched_random,ridge_cell_drug_fp,rowwise_pearson,0.31125322597310906,329,27,0.7945801502268357,0.5052909079244441,27,True,True,False,True,True
2,composition_train_test_size_matched_random,ridge_cell_drug_fp,rowwise_pearson,0.3439417069767481,329,27,1.0017764038023038,0.5433414484647484,27,True,True,True,True,True
3,test_size_matched_random,ridge_cell_drug_fp,rowwise_pearson,0.375896255469437,433,24,0.8422572036114162,0.5895461286813796,24,False,True,False,True,True
3,train_test_size_matched_random,ridge_cell_drug_fp,rowwise_pearson,0.35259946412887166,334,24,0.866851152788911,0.5599372837362637,24,True,True,False,True,True
3,composition_train_test_size_matched_random,ridge_cell_drug_fp,rowwise_pearson,0.3899557384698344,334,24,1.0729218639680556,0.5866533345035609,24,True,True,True,True,True
4,test_size_matched_random,ridge_cell_drug_fp,rowwise_pearson,0.3601184997430272,449,28,0.8641898243140166,0.5705000948628379,28,False,True,False,True,True
4,train_test_size_matched_random,ridge_cell_drug_fp,rowwise_pearson,0.3355711163484978,325,28,0.8866298304773911,0.537851068445105,28,True,True,False,True,True
4,composition_train_test_size_matched_random,ridge_cell_drug_fp,rowwise_pearson,0.3710138550924385,325,28,0.7892530205556085,0.58671808954253,28,True,True,True,True,True
5,test_size_matched_random,ridge_cell_drug_fp,rowwise_pearson,0.316816393123929,431,28,0.8266907316244428,0.5207203976223129,28,False,True,False,True,True
5,train_test_size_matched_random,ridge_cell_drug_fp,rowwise_pearson,0.28927960853840207,324,28,0.8537411856244667,0.484544820942104,28,True,True,False,True,True
5,composition_train_test_size_matched_random,ridge_cell_drug_fp,rowwise_pearson,0.38493671576846966,324,28,0.8650724372006812,0.6004199931621645,28,True,True,True,True,True
6,test_size_matched_random,ridge_cell_drug_fp,rowwise_pearson,0.3901021606627711,443,27,0.8654764325558619,0.5984668464491331,27,False,True,False,True,True
6,train_test_size_matched_random,ridge_cell_drug_fp,rowwise_pearson,0.355769564718253,327,27,0.9027811980124075,0.5601072052313112,27,True,True,False,True,True
6,composition_train_test_size_matched_random,ridge_cell_drug_fp,rowwise_pearson,0.4198883069992296,327,27,0.7748126517128768,0.6537755398433001,27,True,True,True,True,True
7,test_size_matched_random,ridge_cell_drug_fp,rowwise_pearson,0.4024142927432162,438,26,0.9332689504862586,0.6088587825039752,26,False,True,False,True,True
7,train_test_size_matched_random,ridge_cell_drug_fp,rowwise_pearson,0.3652069782626385,333,26,0.9487558859179296,0.5649439742821206,26,True,True,False,True,True
7,composition_train_test_size_matched_random,ridge_cell_drug_fp,rowwise_pearson,0.3314501297407419,333,26,1.1371910843840054,0.4952063366552744,26,True,True,True,True,True
8,test_size_matched_random,ridge_cell_drug_fp,rowwise_pearson,0.3698831216938557,442,29,0.858555533545267,0.5469037315040896,29,False,True,False,True,True
8,train_test_size_matched_random,ridge_cell_drug_fp,rowwise_pearson,0.34284305716306923,325,29,0.8792694054372725,0.5064963128187837,29,True,True,False,True,True
8,composition_train_test_size_matched_random,ridge_cell_drug_fp,rowwise_pearson,0.2903273834159614,325,29,1.0132900553239979,0.45978963486914093,29,True,True,True,True,True
9,test_size_matched_random,ridge_cell_drug_fp,rowwise_pearson,0.3660819211889114,440,28,0.911238461591272,0.5675829048175284,28,False,True,False,True,True
9,train_test_size_matched_random,ridge_cell_drug_fp,rowwise_pearson,0.34693316458188234,323,28,0.933409009248107,0.5496212078069739,28,True,True,False,True,True
9,composition_train_test_size_matched_random,ridge_cell_drug_fp,rowwise_pearson,0.3914380686998941,323,28,0.8140053939775699,0.6284753779455416,28,True,True,True,True,True
10,test_size_matched_random,ridge_cell_drug_fp,rowwise_pearson,0.35395190691158845,434,26,0.9251296569852608,0.561573136983572,26,False,True,False,True,True
10,train_test_size_matched_random,ridge_cell_drug_fp,rowwise_pearson,0.27899395865330817,332,26,0.9790666225419246,0.4744152457229518,26,True,True,False,True,True
10,composition_train_test_size_matched_random,ridge_cell_drug_fp,rowwise_pearson,0.4163729986373347,332,26,0.8996460330830977,0.6222428894480008,26,True,True,True,True,True
11,test_size_matched_random,ridge_cell_drug_fp,rowwise_pearson,0.38276518474077764,426,27,0.8814152574147199,0.5865250664128777,27,False,True,False,True,True
11,train_test_size_matched_random,ridge_cell_drug_fp,rowwise_pearson,0.319295712701522,328,27,0.9356077703669732,0.5254218712170419,27,True,True,False,True,True
11,composition_train_test_size_matched_random,ridge_cell_drug_fp,rowwise_pearson,0.407128569174676,328,27,0.9125269038990027,0.6230113051169255,27,True,True,True,True,True
12,test_size_matched_random,ridge_cell_drug_fp,rowwise_pearson,0.38056791308398596,426,26,0.8650446675390506,0.5893816770705009,26,False,True,False,True,True
12,train_test_size_matched_random,ridge_cell_drug_fp,rowwise_pearson,0.361167402706785,329,26,0.8795989124121063,0.5634254634664176,26,True,True,False,True,True
12,composition_train_test_size_matched_random,ridge_cell_drug_fp,rowwise_pearson,0.29049734250364995,329,26,0.8079885409990152,0.4941938202189392,26,True,True,True,True,True
13,test_size_matched_random,ridge_cell_drug_fp,rowwise_pearson,0.369869877976148,437,26,0.8772767672477652,0.5800192598434273,26,False,True,False,True,True
13,train_test_size_matched_random,ridge_cell_drug_fp,rowwise_pearson,0.31931413357713095,330,26,0.8813516342694717,0.5190950987445302,26,True,True,False,True,True
13,composition_train_test_size_matched_random,ridge_cell_drug_fp,rowwise_pearson,0.3743091393068383,330,26,0.93967327554756,0.5686126404650568,26,True,True,True,True,True
14,test_size_matched_random,ridge_cell_drug_fp,rowwise_pearson,0.32257011162566546,435,27,0.8330271332073814,0.5215193640975947,27,False,True,False,True,True
14,train_test_size_matched_random,ridge_cell_drug_fp,rowwise_pearson,0.2994541701887656,331,27,0.8488814186985005,0.4889290916964722,27,True,True,False,True,True
14,composition_train_test_size_matched_random,ridge_cell_drug_fp,rowwise_pearson,0.3012892630046547,331,27,1.154146226442201,0.4877215524788281,27,True,True,True,True,True
15,test_size_matched_random,ridge_cell_drug_fp,rowwise_pearson,0.3420607680965459,450,27,1.0194298152223984,0.5196817514254635,27,False,True,False,True,True
15,train_test_size_matched_random,ridge_cell_drug_fp,rowwise_pearson,0.32797246891350523,328,27,1.0440287529138013,0.5002820233647731,27,True,True,False,True,True
15,composition_train_test_size_matched_random,ridge_cell_drug_fp,rowwise_pearson,0.25172240007632635,328,27,0.7566204607247445,0.42354433097368055,27,True,True,True,True,True
16,test_size_matched_random,ridge_cell_drug_fp,rowwise_pearson,0.32769872196389416,435,28,0.8069062134207287,0.5350991105176265,28,False,True,False,True,True
16,train_test_size_matched_random,ridge_cell_drug_fp,rowwise_pearson,0.3050230602226654,325,28,0.8362685142037389,0.4983848154722982,28,True,True,False,True,True
16,composition_train_test_size_matched_random,ridge_cell_drug_fp,rowwise_pearson,0.25970768339756506,325,28,0.8401895188419022,0.4422448461234868,28,True,True,True,True,True
17,test_size_matched_random,ridge_cell_drug_fp,rowwise_pearson,0.3921393108104226,441,27,0.8595597534467606,0.5960773938552827,27,False,True,False,True,True
17,train_test_size_matched_random,ridge_cell_drug_fp,rowwise_pearson,0.35205122253955246,328,27,0.8871321983311978,0.5523349675105131,27,True,True,False,True,True
17,composition_train_test_size_matched_random,ridge_cell_drug_fp,rowwise_pearson,0.4381118423480004,328,27,0.8192542436246234,0.6754967475408087,27,True,True,True,True,True
18,test_size_matched_random,ridge_cell_drug_fp,rowwise_pearson,0.3691954350915623,430,25,0.8190713827632778,0.5695100749904551,25,False,True,False,True,True
18,train_test_size_matched_random,ridge_cell_drug_fp,rowwise_pearson,0.34506417823107105,332,25,0.8584832562202841,0.5467620391858731,25,True,True,False,True,True
18,composition_train_test_size_matched_random,ridge_cell_drug_fp,rowwise_pearson,0.36885462186366164,332,25,1.0823325821986607,0.554353929143619,25,True,True,True,True,True
19,test_size_matched_random,ridge_cell_drug_fp,rowwise_pearson,0.41330519452851533,433,27,0.9657651935175472,0.606367993475546,27,False,True,False,True,True
19,train_test_size_matched_random,ridge_cell_drug_fp,rowwise_pearson,0.39022905731551744,329,27,0.9928578874572722,0.5854946173677353,27,True,True,False,True,True
19,composition_train_test_size_matched_random,ridge_cell_drug_fp,rowwise_pearson,0.4765525832579611,329,27,0.9110537264836859,0.6837577276804027,27,True,True,True,True,True
20,test_size_matched_random,ridge_cell_drug_fp,rowwise_pearson,0.35649514378110764,439,26,0.8812817932815237,0.5654263974474631,26,False,True,False,True,True
20,train_test_size_matched_random,ridge_cell_drug_fp,rowwise_pearson,0.3469259042641136,330,26,0.8927110279356826,0.5584919875478355,26,True,True,False,True,True
20,composition_train_test_size_matched_random,ridge_cell_drug_fp,rowwise_pearson,0.33360000234061205,330,26,0.7631586277630034,0.528212294415643,26,True,True,True,True,True
21,test_size_matched_random,ridge_cell_drug_fp,rowwise_pearson,0.3793108948969767,439,27,0.9102169424074307,0.5854333281823819,27,False,True,False,True,True
21,train_test_size_matched_random,ridge_cell_drug_fp,rowwise_pearson,0.378871100106135,328,27,0.9106839896404421,0.5795722981318603,27,True,True,False,True,True
21,composition_train_test_size_matched_random,ridge_cell_drug_fp,rowwise_pearson,0.27713210203901284,328,27,0.8701215805285009,0.4734209969699106,27,True,True,True,True,True
22,test_size_matched_random,ridge_cell_drug_fp,rowwise_pearson,0.32593816862445446,423,26,0.8155975322862505,0.5386493916852723,26,False,True,False,True,True
22,train_test_size_matched_random,ridge_cell_drug_fp,rowwise_pearson,0.30213307745989204,330,26,0.83538583323131,0.5085285717897602,26,True,True,False,True,True
22,composition_train_test_size_matched_random,ridge_cell_drug_fp,rowwise_pearson,0.2925892096394395,330,26,0.8808883990198275,0.497157706625499,26,True,True,True,True,True
23,test_size_matched_random,ridge_cell_drug_fp,rowwise_pearson,0.35608880065047166,449,27,0.9016002324237581,0.5576085791771173,27,False,True,False,True,True
23,train_test_size_matched_random,ridge_cell_drug_fp,rowwise_pearson,0.32619482218335216,328,27,0.9387415177692179,0.5294489865117602,27,True,True,False,True,True
23,composition_train_test_size_matched_random,ridge_cell_drug_fp,rowwise_pearson,0.31838597373080924,328,27,0.8919342579385747,0.5276929642008589,27,True,True,True,True,True
24,test_size_matched_random,ridge_cell_drug_fp,rowwise_pearson,0.36976480191055133,445,27,0.8292842729530905,0.5972323815230763,27,False,True,False,True,True
24,train_test_size_matched_random,ridge_cell_drug_fp,rowwise_pearson,0.3337167760120067,327,27,0.8658036814274818,0.5358481071574848,27,True,True,False,True,True
24,composition_train_test_size_matched_random,ridge_cell_drug_fp,rowwise_pearson,0.39083238837541134,327,27,0.7691389990273089,0.6404315381961287,27,True,True,True,True,True
25,test_size_matched_random,ridge_cell_drug_fp,rowwise_pearson,0.3910196399806003,449,26,0.8473256772739739,0.5994798878344939,26,False,True,False,True,True
25,train_test_size_matched_random,ridge_cell_drug_fp,rowwise_pearson,0.3634150785822637,328,26,0.8820240466363019,0.572692654920377,26,True,True,False,True,True
25,composition_train_test_size_matched_random,ridge_cell_drug_fp,rowwise_pearson,0.24135299421212741,328,26,0.8040375274305697,0.42198781862208967,26,True,True,True,True,True
26,test_size_matched_random,ridge_cell_drug_fp,rowwise_pearson,0.33347934786929784,442,27,0.8387713067933523,0.5507199480709283,27,False,True,False,True,True
26,train_test_size_matched_random,ridge_cell_drug_fp,rowwise_pearson,0.31476282170108266,328,27,0.8621224633117325,0.5287013241020367,27,True,True,False,True,True
26,composition_train_test_size_matched_random,ridge_cell_drug_fp,rowwise_pearson,0.41019303258958006,328,27,0.7561022851991966,0.6259164789285757,27,True,True,True,True,True
27,test_size_matched_random,ridge_cell_drug_fp,rowwise_pearson,0.32403674911356395,446,26,0.8712591478506481,0.522258315786521,26,False,True,False,True,True
27,train_test_size_matched_random,ridge_cell_drug_fp,rowwise_pearson,0.27534180466314384,331,26,0.9194538537406777,0.46332319786631027,26,True,True,False,True,True
27,composition_train_test_size_matched_random,ridge_cell_drug_fp,rowwise_pearson,0.36414179573080835,331,26,0.8348793144833245,0.58645661924198,26,True,True,True,True,True
28,test_size_matched_random,ridge_cell_drug_fp,rowwise_pearson,0.4063256628152696,440,25,0.886594596603076,0.6146250195715461,25,False,True,False,True,True
28,train_test_size_matched_random,ridge_cell_drug_fp,rowwise_pearson,0.3534210024493504,330,25,0.9359109380917314,0.5518931519809027,25,True,True,False,True,True
28,composition_train_test_size_matched_random,ridge_cell_drug_fp,rowwise_pearson,0.23749090541979265,330,25,0.7973340433448355,0.40173653550564464,25,True,True,True,True,True
29,test_size_matched_random,ridge_cell_drug_fp,rowwise_pearson,0.38360405556361477,451,26,0.8230662013229749,0.5833845647838367,26,False,True,False,True,True
29,train_test_size_matched_random,ridge_cell_drug_fp,rowwise_pearson,0.34072843120593715,331,26,0.8525552683539348,0.5351701955864384,26,True,True,False,True,True
29,composition_train_test_size_matched_random,ridge_cell_drug_fp,rowwise_pearson,0.41640662045207716,331,26,0.8154383764308718,0.6197816339191392,26,True,True,True,True,True
30,test_size_matched_random,ridge_cell_drug_fp,rowwise_pearson,0.34681264994840555,440,28,0.8106162472274593,0.5582224954883389,28,False,True,False,True,True
30,train_test_size_matched_random,ridge_cell_drug_fp,rowwise_pearson,0.3024013405390414,325,28,0.8471979388375239,0.5043973123259425,28,True,True,False,True,True
30,composition_train_test_size_matched_random,ridge_cell_drug_fp,rowwise_pearson,0.34523530573423844,325,28,0.9152037516641461,0.5394764938027893,28,True,True,True,True,True
31,test_size_matched_random,ridge_cell_drug_fp,rowwise_pearson,0.40123941279599523,443,22,0.8717659017065149,0.5629122052013342,22,False,True,False,True,True
31,train_test_size_matched_random,ridge_cell_drug_fp,rowwise_pearson,0.36854657874204033,335,22,0.8992945258972036,0.5286834056572091,22,True,True,False,True,True
31,composition_train_test_size_matched_random,ridge_cell_drug_fp,rowwise_pearson,0.30875252564475314,335,22,0.9760598274756151,0.5334906107309065,22,True,True,True,True,True
32,test_size_matched_random,ridge_cell_drug_fp,rowwise_pearson,0.34700843036725676,430,27,0.8904938470559922,0.5469504528401559,27,False,True,False,True,True
32,train_test_size_matched_random,ridge_cell_drug_fp,rowwise_pearson,0.3170768584880427,328,27,0.9043437896570556,0.51003351910011,27,True,True,False,True,True
32,composition_train_test_size_matched_random,ridge_cell_drug_fp,rowwise_pearson,0.22698252103242827,328,27,0.8842823291695119,0.38806629686326216,27,True,True,True,True,True
33,test_size_matched_random,ridge_cell_drug_fp,rowwise_pearson,0.3315402463211655,436,27,0.8260888754847225,0.5426979123502803,27,False,True,False,True,True
33,train_test_size_matched_random,ridge_cell_drug_fp,rowwise_pearson,0.3186207786795674,329,27,0.8243598432154593,0.5282388315703336,27,True,True,False,True,True
33,composition_train_test_size_matched_random,ridge_cell_drug_fp,rowwise_pearson,0.3379725039776854,329,27,0.8317042831924453,0.5313844666210893,27,True,True,True,True,True
34,test_size_matched_random,ridge_cell_drug_fp,rowwise_pearson,0.32170020016066103,446,27,0.8656322686586094,0.5357892040967734,27,False,True,False,True,True
34,train_test_size_matched_random,ridge_cell_drug_fp,rowwise_pearson,0.2986481593696664,329,27,0.9001097041408598,0.5114254776812911,27,True,True,False,True,True
34,composition_train_test_size_matched_random,ridge_cell_drug_fp,rowwise_pearson,0.4100338766473535,329,27,0.8117266783372765,0.6277368655360552,27,True,True,True,True,True
35,test_size_matched_random,ridge_cell_drug_fp,rowwise_pearson,0.3375666001011257,426,26,0.826530329045708,0.581192813048534,26,False,True,False,True,True
35,train_test_size_matched_random,ridge_cell_drug_fp,rowwise_pearson,0.30175142212344463,331,26,0.8817011578538598,0.5124397535176874,26,True,True,False,True,True
35,composition_train_test_size_matched_random,ridge_cell_drug_fp,rowwise_pearson,0.29300663395462084,331,26,0.9344414224115649,0.4764209735022916,26,True,True,True,True,True
36,test_size_matched_random,ridge_cell_drug_fp,rowwise_pearson,0.4076198358634119,441,25,0.8536819117377287,0.6124138084970978,25,False,True,False,True,True
36,train_test_size_matched_random,ridge_cell_drug_fp,rowwise_pearson,0.3892485804979461,335,25,0.8832762843693199,0.5918279745981133,25,True,True,False,True,True
36,composition_train_test_size_matched_random,ridge_cell_drug_fp,rowwise_pearson,0.36770483865658965,335,25,1.0943915171528353,0.5701413072422771,25,True,True,True,True,True
37,test_size_matched_random,ridge_cell_drug_fp,rowwise_pearson,0.35189366321471816,431,27,0.917409608142109,0.5551039952317071,27,False,True,False,True,True
37,train_test_size_matched_random,ridge_cell_drug_fp,rowwise_pearson,0.33243251285440145,328,27,0.9330120510201484,0.5277890642457584,27,True,True,False,True,True
37,composition_train_test_size_matched_random,ridge_cell_drug_fp,rowwise_pearson,0.32399226586466434,328,27,0.7897373851524283,0.5454578686859324,27,True,True,True,True,True
38,test_size_matched_random,ridge_cell_drug_fp,rowwise_pearson,0.35233448989148225,434,26,0.8312572044248058,0.5553491458157864,26,False,True,False,True,True
38,train_test_size_matched_random,ridge_cell_drug_fp,rowwise_pearson,0.3228674065404972,334,26,0.8813736501483663,0.5096856818263114,26,True,True,False,True,True
38,composition_train_test_size_matched_random,ridge_cell_drug_fp,rowwise_pearson,0.43023966747956904,334,26,0.8081674755952449,0.6690711765139954,26,True,True,True,True,True
39,test_size_matched_random,ridge_cell_drug_fp,rowwise_pearson,0.35451135016687263,431,26,0.849917934764762,0.5560272667445735,26,False,True,False,True,True
39,train_test_size_matched_random,ridge_cell_drug_fp,rowwise_pearson,0.3117828012823993,332,26,0.8791585570623547,0.49577105198885224,26,True,True,False,True,True
39,composition_train_test_size_matched_random,ridge_cell_drug_fp,rowwise_pearson,0.43186636445639154,332,26,0.7972632403378063,0.6756772493463485,26,True,True,True,True,True
40,test_size_matched_random,ridge_cell_drug_fp,rowwise_pearson,0.3820814995821415,439,27,0.8853896095672197,0.5861672794068312,27,False,True,False,True,True
40,train_test_size_matched_random,ridge_cell_drug_fp,rowwise_pearson,0.34626637706613395,326,27,0.9124327781845722,0.5444161049024052,27,True,True,False,True,True
40,composition_train_test_size_matched_random,ridge_cell_drug_fp,rowwise_pearson,0.36513466921633003,326,27,0.7974659612614748,0.607024725729,27,True,True,True,True,True
41,test_size_matched_random,ridge_cell_drug_fp,rowwise_pearson,0.349542207815048,442,28,0.852332944348082,0.5691458222273705,28,False,True,False,True,True
41,train_test_size_matched_random,ridge_cell_drug_fp,rowwise_pearson,0.3225699383928542,328,28,0.8755332209993504,0.5364403446946823,28,True,True,False,True,True
41,composition_train_test_size_matched_random,ridge_cell_drug_fp,rowwise_pearson,0.34458298707282076,328,28,0.9995170955172651,0.5528814508103678,28,True,True,True,True,True
42,test_size_matched_random,ridge_cell_drug_fp,rowwise_pearson,0.3288092350398206,420,28,0.8194856261594221,0.5156134244418621,28,False,True,False,True,True
42,train_test_size_matched_random,ridge_cell_drug_fp,rowwise_pearson,0.3008833899247511,324,28,0.8464099597479333,0.47348788938424236,28,True,True,False,True,True
42,composition_train_test_size_matched_random,ridge_cell_drug_fp,rowwise_pearson,0.29164648492949957,324,28,0.8433252044342077,0.4828910041657847,28,True,True,True,True,True
43,test_size_matched_random,ridge_cell_drug_fp,rowwise_pearson,0.3786912247540239,439,27,0.8673476812620081,0.5808548254394945,27,False,True,False,True,True
43,train_test_size_matched_random,ridge_cell_drug_fp,rowwise_pearson,0.3637649791620264,327,27,0.8785737841107669,0.5682818869857459,27,True,True,False,True,True
43,composition_train_test_size_matched_random,ridge_cell_drug_fp,rowwise_pearson,0.37488324053564326,327,27,0.7648016393614308,0.610851241065709,27,True,True,True,True,True
44,test_size_matched_random,ridge_cell_drug_fp,rowwise_pearson,0.35171645924534317,428,28,0.837664632089977,0.5701371295177428,28,False,True,False,True,True
44,train_test_size_matched_random,ridge_cell_drug_fp,rowwise_pearson,0.3135208788784931,326,28,0.8752594919811616,0.5256575375498028,28,True,True,False,True,True
44,composition_train_test_size_matched_random,ridge_cell_drug_fp,rowwise_pearson,0.27505689020855556,326,28,0.8935035702269126,0.4627897726537741,28,True,True,True,True,True
45,test_size_matched_random,ridge_cell_drug_fp,rowwise_pearson,0.3433305785587453,439,28,0.9478596164844125,0.5508217710580607,28,False,True,False,True,True
45,train_test_size_matched_random,ridge_cell_drug_fp,rowwise_pearson,0.32685699271729357,325,28,0.9619660633632293,0.5276301713496798,28,True,True,False,True,True
45,composition_train_test_size_matched_random,ridge_cell_drug_fp,rowwise_pearson,0.43024053064774315,325,28,0.9579591890160778,0.6261714076289734,28,True,True,True,True,True
46,test_size_matched_random,ridge_cell_drug_fp,rowwise_pearson,0.3916480704970001,421,28,0.8864541109326637,0.5892754429390074,28,False,True,False,True,True
46,train_test_size_matched_random,ridge_cell_drug_fp,rowwise_pearson,0.3648674146987135,326,28,0.9118216218651585,0.5641333213355135,28,True,True,False,True,True
46,composition_train_test_size_matched_random,ridge_cell_drug_fp,rowwise_pearson,0.1806790784518972,326,28,0.7761721860900054,0.3499642279932486,28,True,True,True,True,True
47,test_size_matched_random,ridge_cell_drug_fp,rowwise_pearson,0.3097261983122941,444,27,0.8167256316097965,0.5014128681643518,27,False,True,False,True,True
47,train_test_size_matched_random,ridge_cell_drug_fp,rowwise_pearson,0.2912296911619035,331,27,0.8311214824644773,0.4721562810271422,27,True,True,False,True,True
47,composition_train_test_size_matched_random,ridge_cell_drug_fp,rowwise_pearson,0.3509390615283603,331,27,1.076197281553664,0.5548919944245538,27,True,True,True,True,True
48,test_size_matched_random,ridge_cell_drug_fp,rowwise_pearson,0.3710781228241497,430,26,0.846607425931932,0.5759524742917441,26,False,True,False,True,True
48,train_test_size_matched_random,ridge_cell_drug_fp,rowwise_pearson,0.3491410405798475,328,26,0.8628359157277188,0.557175406932315,26,True,True,False,True,True
48,composition_train_test_size_matched_random,ridge_cell_drug_fp,rowwise_pearson,0.31190135897106813,328,26,0.9493010139998194,0.5116853473191075,26,True,True,True,True,True
49,test_size_matched_random,ridge_cell_drug_fp,rowwise_pearson,0.3723069607285841,435,27,0.8325277228390876,0.5973612771031935,27,False,True,False,True,True
49,train_test_size_matched_random,ridge_cell_drug_fp,rowwise_pearson,0.3492898685495939,330,27,0.8763987203788699,0.5680094888095181,27,True,True,False,True,True
49,composition_train_test_size_matched_random,ridge_cell_drug_fp,rowwise_pearson,0.2229363127010273,330,27,0.7466720897639654,0.4046807084081564,27,True,True,True,True,True
50,test_size_matched_random,ridge_cell_drug_fp,rowwise_pearson,0.40559876985369925,429,28,0.8380779463051197,0.6204021125886532,28,False,True,False,True,True
50,train_test_size_matched_random,ridge_cell_drug_fp,rowwise_pearson,0.3998190557443545,325,28,0.8411754595772791,0.60840193735067,28,True,True,False,True,True
50,composition_train_test_size_matched_random,ridge_cell_drug_fp,rowwise_pearson,0.3677869211638342,325,28,0.7590479334665236,0.6040861849395399,28,True,True,True,True,True
51,test_size_matched_random,ridge_cell_drug_fp,rowwise_pearson,0.38284789257383667,432,28,0.9825188987936864,0.5793339458884674,28,False,True,False,True,True
51,train_test_size_matched_random,ridge_cell_drug_fp,rowwise_pearson,0.3742164345174812,328,28,1.003785691480037,0.567747415637814,28,True,True,False,True,True
51,composition_train_test_size_matched_random,ridge_cell_drug_fp,rowwise_pearson,0.34552278656645263,328,28,1.203622913185847,0.5295615827967743,28,True,True,True,True,True
52,test_size_matched_random,ridge_cell_drug_fp,rowwise_pearson,0.33276428356141563,435,28,0.8175674741125487,0.5484763067627563,28,False,True,False,True,True
52,train_test_size_matched_random,ridge_cell_drug_fp,rowwise_pearson,0.3225448425708806,326,28,0.8351228933397598,0.5356840662570249,28,True,True,False,True,True
52,composition_train_test_size_matched_random,ridge_cell_drug_fp,rowwise_pearson,0.3307773989082164,326,28,0.9246676765745679,0.5267385844433433,28,True,True,True,True,True
53,test_size_matched_random,ridge_cell_drug_fp,rowwise_pearson,0.3883652523891502,422,27,0.8880670744942405,0.5909452907307683,27,False,True,False,True,True
53,train_test_size_matched_random,ridge_cell_drug_fp,rowwise_pearson,0.33827528645044525,327,27,0.9428322774634061,0.5258496115766159,27,True,True,False,True,True
53,composition_train_test_size_matched_random,ridge_cell_drug_fp,rowwise_pearson,0.3843082147592598,327,27,0.8560710021336058,0.6290841917899486,27,True,True,True,True,True
54,test_size_matched_random,ridge_cell_drug_fp,rowwise_pearson,0.3149794362885057,440,28,0.792875287231637,0.5246670314466256,28,False,True,False,True,True
54,train_test_size_matched_random,ridge_cell_drug_fp,rowwise_pearson,0.2732995170836179,325,28,0.8331380487552582,0.47523350849451695,28,True,True,False,True,True
54,composition_train_test_size_matched_random,ridge_cell_drug_fp,rowwise_pearson,0.3593015408153063,325,28,0.8413153851619624,0.5490196918215365,28,True,True,True,True,True
55,test_size_matched_random,ridge_cell_drug_fp,rowwise_pearson,0.4097536839171929,426,27,0.8730642784065418,0.6120902339079267,27,False,True,False,True,True
55,train_test_size_matched_random,ridge_cell_drug_fp,rowwise_pearson,0.3889038281819977,331,27,0.8915084469906623,0.5873590530653726,27,True,True,False,True,True
55,composition_train_test_size_matched_random,ridge_cell_drug_fp,rowwise_pearson,0.29287328285616615,331,27,0.9535524834354793,0.5031977058511375,27,True,True,True,True,True
56,test_size_matched_random,ridge_cell_drug_fp,rowwise_pearson,0.3527811011537623,452,28,0.8485851971862763,0.5487882599082426,28,False,True,False,True,True
56,train_test_size_matched_random,ridge_cell_drug_fp,rowwise_pearson,0.3153515006134566,329,28,0.8712543855243432,0.4986898836461931,28,True,True,False,True,True
56,composition_train_test_size_matched_random,ridge_cell_drug_fp,rowwise_pearson,0.3339388529983947,329,28,1.115064805575828,0.5148176962130359,28,True,True,True,True,True
57,test_size_matched_random,ridge_cell_drug_fp,rowwise_pearson,0.41326132805167975,443,27,0.9269708394588368,0.621157908280328,27,False,True,False,True,True
57,train_test_size_matched_random,ridge_cell_drug_fp,rowwise_pearson,0.34477026450138165,330,27,0.9683251894153867,0.5389725850238619,27,True,True,False,True,True
57,composition_train_test_size_matched_random,ridge_cell_drug_fp,rowwise_pearson,0.3640749800782099,330,27,0.8209916115318303,0.6001205556993268,27,True,True,True,True,True
58,test_size_matched_random,ridge_cell_drug_fp,rowwise_pearson,0.35059820387954016,432,26,0.8475269949584726,0.5353444923075025,26,False,True,False,True,True
58,train_test_size_matched_random,ridge_cell_drug_fp,rowwise_pearson,0.3419798003605734,331,26,0.8640280910210429,0.5245144079676053,26,True,True,False,True,True
58,composition_train_test_size_matched_random,ridge_cell_drug_fp,rowwise_pearson,0.27952260936819695,331,26,0.8813059808215247,0.46734151217927067,26,True,True,True,True,True
59,test_size_matched_random,ridge_cell_drug_fp,rowwise_pearson,0.3561088216852313,426,27,0.8873971788369884,0.548873103865185,27,False,True,False,True,True
59,train_test_size_matched_random,ridge_cell_drug_fp,rowwise_pearson,0.33949180785574595,327,27,0.9081885243860239,0.5276478651816323,27,True,True,False,True,True
59,composition_train_test_size_matched_random,ridge_cell_drug_fp,rowwise_pearson,0.4247403342565232,327,27,0.9234722138221334,0.6488865915678993,27,True,True,True,True,True
60,test_size_matched_random,ridge_cell_drug_fp,rowwise_pearson,0.3801741805978469,433,26,0.9309626911692431,0.6007172407301553,26,False,True,False,True,True
60,train_test_size_matched_random,ridge_cell_drug_fp,rowwise_pearson,0.3290329980079133,329,26,0.973563763883547,0.5430651226867829,26,True,True,False,True,True
60,composition_train_test_size_matched_random,ridge_cell_drug_fp,rowwise_pearson,0.4143505923437742,329,26,0.8010417143070734,0.6753662697478663,26,True,True,True,True,True
61,test_size_matched_random,ridge_cell_drug_fp,rowwise_pearson,0.31657015370331254,443,26,0.7738299659416344,0.5468885201572621,26,False,True,False,True,True
61,train_test_size_matched_random,ridge_cell_drug_fp,rowwise_pearson,0.283241724001229,330,26,0.7892135180624,0.4813163254947298,26,True,True,False,True,True
61,composition_train_test_size_matched_random,ridge_cell_drug_fp,rowwise_pearson,0.2951289042992657,330,26,0.8636824956432952,0.47262192865665253,26,True,True,True,True,True
62,test_size_matched_random,ridge_cell_drug_fp,rowwise_pearson,0.39960988285015747,433,28,0.8362838471960984,0.6080309150947135,28,False,True,False,True,True
62,train_test_size_matched_random,ridge_cell_drug_fp,rowwise_pearson,0.38230576444578246,326,28,0.8614744603677097,0.5905789699232871,28,True,True,False,True,True
62,composition_train_test_size_matched_random,ridge_cell_drug_fp,rowwise_pearson,0.24409966649323378,326,28,0.7613432278038298,0.40168269176867316,28,True,True,True,True,True
63,test_size_matched_random,ridge_cell_drug_fp,rowwise_pearson,0.35841662240039274,442,28,0.8648579222614111,0.5737081356092867,28,False,True,False,True,True
63,train_test_size_matched_random,ridge_cell_drug_fp,rowwise_pearson,0.3319961213641661,325,28,0.9050587297847258,0.5422027277681328,28,True,True,False,True,True
63,composition_train_test_size_matched_random,ridge_cell_drug_fp,rowwise_pearson,0.41334964478220576,325,28,0.826349505768773,0.637660442313025,28,True,True,True,True,True
64,test_size_matched_random,ridge_cell_drug_fp,rowwise_pearson,0.35282526687718885,437,28,0.877599851297596,0.5399206231323334,28,False,True,False,True,True
64,train_test_size_matched_random,ridge_cell_drug_fp,rowwise_pearson,0.3225463745346249,325,28,0.9588993347105527,0.49613387962334,28,True,True,False,True,True
64,composition_train_test_size_matched_random,ridge_cell_drug_fp,rowwise_pearson,0.4124288659150651,325,28,0.823899567671519,0.6478501030539182,28,True,True,True,True,True
65,test_size_matched_random,ridge_cell_drug_fp,rowwise_pearson,0.34342492192334556,445,28,0.8016841021413789,0.549733975219557,28,False,True,False,True,True
65,train_test_size_matched_random,ridge_cell_drug_fp,rowwise_pearson,0.30812004885245575,325,28,0.8330619439515781,0.510226461919629,28,True,True,False,True,True
65,composition_train_test_size_matched_random,ridge_cell_drug_fp,rowwise_pearson,0.26996420945972893,325,28,0.8758983840268227,0.47851408616676994,28,True,True,True,True,True
66,test_size_matched_random,ridge_cell_drug_fp,rowwise_pearson,0.32575960218009,430,24,0.842401813076655,0.5134916103580783,24,False,True,False,True,True
66,train_test_size_matched_random,ridge_cell_drug_fp,rowwise_pearson,0.3031347196013808,335,24,0.8610814977918498,0.4854887911605119,24,True,True,False,True,True
66,composition_train_test_size_matched_random,ridge_cell_drug_fp,rowwise_pearson,0.35479489962795147,335,24,1.1109109884515231,0.5349679917362412,24,True,True,True,True,True
67,test_size_matched_random,ridge_cell_drug_fp,rowwise_pearson,0.3257348322916848,445,26,0.8848706503889481,0.5268333894672395,26,False,True,False,True,True
67,train_test_size_matched_random,ridge_cell_drug_fp,rowwise_pearson,0.3069888265319283,333,26,0.8586117421723596,0.4965434265586196,26,True,True,False,True,True
67,composition_train_test_size_matched_random,ridge_cell_drug_fp,rowwise_pearson,0.2772977953538942,333,26,0.7858350503029082,0.4933141671416009,26,True,True,True,True,True
68,test_size_matched_random,ridge_cell_drug_fp,rowwise_pearson,0.34550409918682795,432,27,0.8092923820937213,0.5668409697807023,27,False,True,False,True,True
68,train_test_size_matched_random,ridge_cell_drug_fp,rowwise_pearson,0.32134067365390045,327,27,0.8391308743323945,0.5473810328890554,27,True,True,False,True,True
68,composition_train_test_size_matched_random,ridge_cell_drug_fp,rowwise_pearson,0.2743332206411575,327,27,0.811388146557035,0.46712023891491783,27,True,True,True,True,True
69,test_size_matched_random,ridge_cell_drug_fp,rowwise_pearson,0.35197298996756804,435,27,0.838713006774687,0.5618279502523914,27,False,True,False,True,True
69,train_test_size_matched_random,ridge_cell_drug_fp,rowwise_pearson,0.3148111627428411,329,27,0.8781985012007816,0.5176578821337359,27,True,True,False,True,True
69,composition_train_test_size_matched_random,ridge_cell_drug_fp,rowwise_pearson,0.31833161869595883,329,27,0.9878316860806622,0.525327893646743,27,True,True,True,True,True
70,test_size_matched_random,ridge_cell_drug_fp,rowwise_pearson,0.38447144608305056,444,27,0.7962041787606593,0.5932067980937737,27,False,True,False,True,True
70,train_test_size_matched_random,ridge_cell_drug_fp,rowwise_pearson,0.3631854388027112,328,27,0.8271306104585503,0.5666775815775973,27,True,True,False,True,True
70,composition_train_test_size_matched_random,ridge_cell_drug_fp,rowwise_pearson,0.4144909242566492,328,27,0.8600120711820121,0.6208916670031385,27,True,True,True,True,True
71,test_size_matched_random,ridge_cell_drug_fp,rowwise_pearson,0.43021434861757685,432,26,0.9753915739546553,0.6254935019154046,26,False,True,False,True,True
71,train_test_size_matched_random,ridge_cell_drug_fp,rowwise_pearson,0.39821191072165024,331,26,1.0138230474388232,0.5911732750032944,26,True,True,False,True,True
71,composition_train_test_size_matched_random,ridge_cell_drug_fp,rowwise_pearson,0.25611195036191015,331,26,0.8953159474759782,0.41341000154436036,26,True,True,True,True,True
72,test_size_matched_random,ridge_cell_drug_fp,rowwise_pearson,0.40231557272267227,432,26,0.8448532533748987,0.6195725838710826,26,False,True,False,True,True
72,train_test_size_matched_random,ridge_cell_drug_fp,rowwise_pearson,0.37874880947423517,334,26,0.8760266229185855,0.5958786744384453,26,True,True,False,True,True
72,composition_train_test_size_matched_random,ridge_cell_drug_fp,rowwise_pearson,0.3423126337168949,334,26,1.027157680440037,0.5481418887583038,26,True,True,True,True,True
73,test_size_matched_random,ridge_cell_drug_fp,rowwise_pearson,0.3806223983991175,443,27,1.0292513758164843,0.5689987695499217,27,False,True,False,True,True
73,train_test_size_matched_random,ridge_cell_drug_fp,rowwise_pearson,0.35273273148572426,327,27,1.0640789926100038,0.540542668704443,27,True,True,False,True,True
73,composition_train_test_size_matched_random,ridge_cell_drug_fp,rowwise_pearson,0.39719827907093747,327,27,0.9763367791961465,0.6037791555420158,27,True,True,True,True,True
74,test_size_matched_random,ridge_cell_drug_fp,rowwise_pearson,0.3331518931968143,445,25,0.8468858321656854,0.5301476748262204,25,False,True,False,True,True
74,train_test_size_matched_random,ridge_cell_drug_fp,rowwise_pearson,0.3009104134697463,333,25,0.8751054722950706,0.49742033740080305,25,True,True,False,True,True
74,composition_train_test_size_matched_random,ridge_cell_drug_fp,rowwise_pearson,0.4483408575361649,333,25,0.7864996166615706,0.695879383308325,25,True,True,True,True,True
75,test_size_matched_random,ridge_cell_drug_fp,rowwise_pearson,0.4093641471745453,451,27,0.7889977027844742,0.6181432470196278,27,False,True,False,True,True
75,train_test_size_matched_random,ridge_cell_drug_fp,rowwise_pearson,0.3525607172527294,328,27,0.8371630177791076,0.5622280192702119,27,True,True,False,True,True
75,composition_train_test_size_matched_random,ridge_cell_drug_fp,rowwise_pearson,0.32141739230967686,328,27,0.8059556152111973,0.5513496186603143,27,True,True,True,True,True
76,test_size_matched_random,ridge_cell_drug_fp,rowwise_pearson,0.36467455755622186,428,27,1.0312366275913747,0.558640621835952,27,False,True,False,True,True
76,train_test_size_matched_random,ridge_cell_drug_fp,rowwise_pearson,0.34349289593898336,327,27,1.0501741753167966,0.530036182473498,27,True,True,False,True,True
76,composition_train_test_size_matched_random,ridge_cell_drug_fp,rowwise_pearson,0.435527117247761,327,27,0.8276977833712134,0.6466684442169809,27,True,True,True,True,True
77,test_size_matched_random,ridge_cell_drug_fp,rowwise_pearson,0.34491494063898503,426,27,0.9022058730133264,0.5202607459368396,27,False,True,False,True,True
77,train_test_size_matched_random,ridge_cell_drug_fp,rowwise_pearson,0.33154941267478516,328,27,0.9234390487388202,0.5061749431445421,27,True,True,False,True,True
77,composition_train_test_size_matched_random,ridge_cell_drug_fp,rowwise_pearson,0.3458953362453484,328,27,0.8947736166863649,0.5471938702775632,27,True,True,True,True,True
78,test_size_matched_random,ridge_cell_drug_fp,rowwise_pearson,0.33259623920808173,444,27,0.8036138824637289,0.5533879040913964,27,False,True,False,True,True
78,train_test_size_matched_random,ridge_cell_drug_fp,rowwise_pearson,0.31132706998261855,328,27,0.8349461933862458,0.5305048497678628,27,True,True,False,True,True
78,composition_train_test_size_matched_random,ridge_cell_drug_fp,rowwise_pearson,0.26200016165953366,328,27,0.8263643124129353,0.44919499965755677,27,True,True,True,True,True
79,test_size_matched_random,ridge_cell_drug_fp,rowwise_pearson,0.4048212819395206,431,27,0.9156077200136747,0.6125887532908055,27,False,True,False,True,True
79,train_test_size_matched_random,ridge_cell_drug_fp,rowwise_pearson,0.3906305612753699,328,27,0.9317375792789491,0.6007978406206413,27,True,True,False,True,True
79,composition_train_test_size_matched_random,ridge_cell_drug_fp,rowwise_pearson,0.361041939982817,328,27,0.7700594290118891,0.596587200463088,27,True,True,True,True,True
80,test_size_matched_random,ridge_cell_drug_fp,rowwise_pearson,0.3737225723449844,446,27,0.8980160907653327,0.5991085735821225,27,False,True,False,True,True
80,train_test_size_matched_random,ridge_cell_drug_fp,rowwise_pearson,0.35709234906233245,329,27,0.9678504693983563,0.5822857376295699,27,True,True,False,True,True
80,composition_train_test_size_matched_random,ridge_cell_drug_fp,rowwise_pearson,0.33514795094988237,329,27,1.0182540525076595,0.5070128332554474,27,True,True,True,True,True
81,test_size_matched_random,ridge_cell_drug_fp,rowwise_pearson,0.39975438394007484,428,25,0.9355677876107251,0.6241829528727688,25,False,True,False,True,True
81,train_test_size_matched_random,ridge_cell_drug_fp,rowwise_pearson,0.3806756297035577,334,25,0.9509186847855928,0.5999608363339766,25,True,True,False,True,True
81,composition_train_test_size_matched_random,ridge_cell_drug_fp,rowwise_pearson,0.30897858595657074,334,25,0.9873187354556877,0.5253567788046746,25,True,True,True,True,True
82,test_size_matched_random,ridge_cell_drug_fp,rowwise_pearson,0.3412991818013293,438,27,0.7538033221729927,0.5741069114152931,27,False,True,False,True,True
82,train_test_size_matched_random,ridge_cell_drug_fp,rowwise_pearson,0.31931196604300416,331,27,0.7861003029119937,0.5533182466384904,27,True,True,False,True,True
82,composition_train_test_size_matched_random,ridge_cell_drug_fp,rowwise_pearson,0.3039993025515755,331,27,0.9911122537426683,0.4970111899500816,27,True,True,True,True,True
83,test_size_matched_random,ridge_cell_drug_fp,rowwise_pearson,0.4373302268255773,439,29,0.8085744302018593,0.658570944375697,29,False,True,False,True,True
83,train_test_size_matched_random,ridge_cell_drug_fp,rowwise_pearson,0.4178293719486326,325,29,0.8306509340478873,0.635018093326734,29,True,True,False,True,True
83,composition_train_test_size_matched_random,ridge_cell_drug_fp,rowwise_pearson,0.32252124196141285,325,29,0.9823106119836046,0.5164078129224897,29,True,True,True,True,True
84,test_size_matched_random,ridge_cell_drug_fp,rowwise_pearson,0.3607259197525415,445,27,0.8186098038481268,0.5690427617877385,27,False,True,False,True,True
84,train_test_size_matched_random,ridge_cell_drug_fp,rowwise_pearson,0.33103267631441996,328,27,0.8419681511260576,0.5368998063561071,27,True,True,False,True,True
84,composition_train_test_size_matched_random,ridge_cell_drug_fp,rowwise_pearson,0.2330353277297304,328,27,0.8668432688519567,0.4107235190652908,27,True,True,True,True,True
85,test_size_matched_random,ridge_cell_drug_fp,rowwise_pearson,0.3294054925975092,451,27,0.7842259449164919,0.5536095460778125,27,False,True,False,True,True
85,train_test_size_matched_random,ridge_cell_drug_fp,rowwise_pearson,0.31315595742439595,327,27,0.8131062956816963,0.5365861911611228,27,True,True,False,True,True
85,composition_train_test_size_matched_random,ridge_cell_drug_fp,rowwise_pearson,0.4135568479002566,327,27,0.804093298291984,0.631483208715135,27,True,True,True,True,True
86,test_size_matched_random,ridge_cell_drug_fp,rowwise_pearson,0.40385668383020096,431,26,0.8191787946019727,0.6228431757672612,26,False,True,False,True,True
86,train_test_size_matched_random,ridge_cell_drug_fp,rowwise_pearson,0.31646763526074156,331,26,0.8836639887979949,0.519473744239711,26,True,True,False,True,True
86,composition_train_test_size_matched_random,ridge_cell_drug_fp,rowwise_pearson,0.3273049624989631,331,26,1.1053496008316708,0.5094538987819995,26,True,True,True,True,True
87,test_size_matched_random,ridge_cell_drug_fp,rowwise_pearson,0.36731611553128196,419,27,0.855777701052629,0.5808210815055088,27,False,True,False,True,True
87,train_test_size_matched_random,ridge_cell_drug_fp,rowwise_pearson,0.34841903004888636,328,27,0.8843077173496818,0.5620563906677549,27,True,True,False,True,True
87,composition_train_test_size_matched_random,ridge_cell_drug_fp,rowwise_pearson,0.2850432044828762,328,27,0.8658547088173579,0.46685699593659397,27,True,True,True,True,True
88,test_size_matched_random,ridge_cell_drug_fp,rowwise_pearson,0.3599742467059219,422,25,0.8372575540914275,0.5815292180466939,25,False,True,False,True,True
88,train_test_size_matched_random,ridge_cell_drug_fp,rowwise_pearson,0.3041077166398105,333,25,0.8999769180732471,0.5190873539006827,25,True,True,False,True,True
88,composition_train_test_size_matched_random,ridge_cell_drug_fp,rowwise_pearson,0.32661615934892424,333,25,0.8566360236485382,0.5484884551586313,25,True,True,True,True,True
89,test_size_matched_random,ridge_cell_drug_fp,rowwise_pearson,0.3248665725754671,419,26,0.776615766156948,0.532846759835974,26,False,True,False,True,True
89,train_test_size_matched_random,ridge_cell_drug_fp,rowwise_pearson,0.3090181693181276,331,26,0.7953588996267007,0.521136577588255,26,True,True,False,True,True
89,composition_train_test_size_matched_random,ridge_cell_drug_fp,rowwise_pearson,0.2869297949966763,331,26,0.8417673304371553,0.46847618472270613,26,True,True,True,True,True
90,test_size_matched_random,ridge_cell_drug_fp,rowwise_pearson,0.35847111660076125,433,27,0.9507955764434927,0.5485881219619985,27,False,True,False,True,True
90,train_test_size_matched_random,ridge_cell_drug_fp,rowwise_pearson,0.34295170344954407,328,27,0.9557539704157472,0.5228180300311236,27,True,True,False,True,True
90,composition_train_test_size_matched_random,ridge_cell_drug_fp,rowwise_pearson,0.4073043003075273,328,27,0.7368129387113918,0.6629963087321893,27,True,True,True,True,True
91,test_size_matched_random,ridge_cell_drug_fp,rowwise_pearson,0.3202998065600969,414,27,0.8733160721833536,0.5228092537519786,27,False,True,False,True,True
91,train_test_size_matched_random,ridge_cell_drug_fp,rowwise_pearson,0.3070523162741781,327,27,0.8947775288982263,0.501245324069086,27,True,True,False,True,True
91,composition_train_test_size_matched_random,ridge_cell_drug_fp,rowwise_pearson,0.43498335435732227,327,27,0.9750936925320762,0.663768673516237,27,True,True,True,True,True
92,test_size_matched_random,ridge_cell_drug_fp,rowwise_pearson,0.38797296333893755,444,26,0.9051724424236429,0.6064299771658136,26,False,True,False,True,True
92,train_test_size_matched_random,ridge_cell_drug_fp,rowwise_pearson,0.3585806247997985,329,26,0.9186534889059956,0.5748638302689363,26,True,True,False,True,True
92,composition_train_test_size_matched_random,ridge_cell_drug_fp,rowwise_pearson,0.3966344933133107,329,26,0.7914529515733341,0.6509086751842091,26,True,True,True,True,True
93,test_size_matched_random,ridge_cell_drug_fp,rowwise_pearson,0.40707769214099904,436,27,0.9092418139496611,0.6016686261348569,27,False,True,False,True,True
93,train_test_size_matched_random,ridge_cell_drug_fp,rowwise_pearson,0.38719883057280813,329,27,0.9335811634531033,0.5843724701698572,27,True,True,False,True,True
93,composition_train_test_size_matched_random,ridge_cell_drug_fp,rowwise_pearson,0.4136629710440253,329,27,0.8161312986566863,0.6395890902402497,27,True,True,True,True,True
94,test_size_matched_random,ridge_cell_drug_fp,rowwise_pearson,0.37453155790091947,437,28,0.9703757679895693,0.5900594944331848,28,False,True,False,True,True
94,train_test_size_matched_random,ridge_cell_drug_fp,rowwise_pearson,0.3534027881557632,325,28,0.9848510220832234,0.5671590978762551,28,True,True,False,True,True
94,composition_train_test_size_matched_random,ridge_cell_drug_fp,rowwise_pearson,0.2549511818219781,325,28,0.8557756681096282,0.4375732627544939,28,True,True,True,True,True
95,test_size_matched_random,ridge_cell_drug_fp,rowwise_pearson,0.33153014786699525,440,27,0.7762186153099387,0.5474041879484712,27,False,True,False,True,True
95,train_test_size_matched_random,ridge_cell_drug_fp,rowwise_pearson,0.30085747870722246,327,27,0.8031992071103354,0.49306838108900836,27,True,True,False,True,True
95,composition_train_test_size_matched_random,ridge_cell_drug_fp,rowwise_pearson,0.4103764773939828,327,27,0.8152830751771818,0.6056823910980464,27,True,True,True,True,True
96,test_size_matched_random,ridge_cell_drug_fp,rowwise_pearson,0.4222750938984435,436,29,0.9271949957871004,0.6393724590551403,29,False,True,False,True,True
96,train_test_size_matched_random,ridge_cell_drug_fp,rowwise_pearson,0.4097560605486495,325,29,0.9388173548153529,0.6263015808649813,29,True,True,False,True,True
96,composition_train_test_size_matched_random,ridge_cell_drug_fp,rowwise_pearson,0.31136009171248236,325,29,0.9743627322344385,0.5304155315457406,29,True,True,True,True,True
97,test_size_matched_random,ridge_cell_drug_fp,rowwise_pearson,0.3894478742160249,443,23,0.8828402238266458,0.5855316277150925,23,False,True,False,True,True
97,train_test_size_matched_random,ridge_cell_drug_fp,rowwise_pearson,0.34882066087298624,332,23,0.9124724330978831,0.5333253689625588,23,True,True,False,True,True
97,composition_train_test_size_matched_random,ridge_cell_drug_fp,rowwise_pearson,0.3512824309087197,332,23,1.1648095202410536,0.5311153978806792,23,True,True,True,True,True
98,test_size_matched_random,ridge_cell_drug_fp,rowwise_pearson,0.3361120696560151,436,27,0.8148518425334177,0.5262986233860153,27,False,True,False,True,True
98,train_test_size_matched_random,ridge_cell_drug_fp,rowwise_pearson,0.3142912198794651,328,27,0.8416937327457183,0.5027690765072867,27,True,True,False,True,True
98,composition_train_test_size_matched_random,ridge_cell_drug_fp,rowwise_pearson,0.3452170169990957,328,27,0.9093749045244264,0.5585666665770881,27,True,True,True,True,True
99,test_size_matched_random,ridge_cell_drug_fp,rowwise_pearson,0.3656458585717782,454,27,0.8578155955908544,0.5556841607477615,27,False,True,False,True,True
99,train_test_size_matched_random,ridge_cell_drug_fp,rowwise_pearson,0.3442846547799191,328,27,0.8776968857731672,0.5326871143849945,27,True,True,False,True,True
99,composition_train_test_size_matched_random,ridge_cell_drug_fp,rowwise_pearson,0.34512923388809624,328,27,0.8416640159214143,0.5256135051369599,27,True,True,True,True,True
100,test_size_matched_random,ridge_cell_drug_fp,rowwise_pearson,0.44595500439111935,453,25,0.9540494496805468,0.6605833772518827,25,False,True,False,True,True
100,train_test_size_matched_random,ridge_cell_drug_fp,rowwise_pearson,0.4028038997523057,337,25,0.9967346218435756,0.6146547785340438,25,True,True,False,True,True
100,composition_train_test_size_matched_random,ridge_cell_drug_fp,rowwise_pearson,0.3056130379688405,337,25,0.999063911666162,0.5199706270807123,25,True,True,True,True,True
