seed,split_type,model_name,epoch,train_loss,val_loss
1,test_size_matched_random,control_conditioned_nonlinear_benchmark,1.0,1.0003468990325928,1.0678250789642334
1,test_size_matched_random,control_conditioned_nonlinear_benchmark,2.0,0.9889768958091736,1.0562164783477783
1,test_size_matched_random,control_conditioned_nonlinear_benchmark,3.0,0.947881281375885,1.0077980756759644
1,test_size_matched_random,control_conditioned_nonlinear_benchmark,4.0,0.9125138521194458,0.9712059497833252
1,test_size_matched_random,control_conditioned_nonlinear_benchmark,5.0,0.8612878918647766,0.918745756149292
1,test_size_matched_random,control_conditioned_nonlinear_benchmark,6.0,0.8134816288948059,0.8789161443710327
1,test_size_matched_random,control_conditioned_nonlinear_benchmark,7.0,0.7880975008010864,0.8498691916465759
1,test_size_matched_random,control_conditioned_nonlinear_benchmark,8.0,0.7728955745697021,0.8461620807647705
1,test_size_matched_random,control_conditioned_nonlinear_benchmark,9.0,0.752021849155426,0.8325953483581543
1,test_size_matched_random,control_conditioned_nonlinear_benchmark,10.0,0.7375655770301819,0.8343117237091064
1,test_size_matched_random,control_conditioned_nonlinear_benchmark,11.0,0.736519992351532,0.8322358727455139
1,test_size_matched_random,control_conditioned_nonlinear_benchmark,12.0,0.7367859482765198,0.8255727291107178
1,train_test_size_matched_random,control_conditioned_nonlinear_benchmark,1.0,1.0015754699707031,0.9002901911735535
1,train_test_size_matched_random,control_conditioned_nonlinear_benchmark,2.0,0.997477889060974,0.8973520994186401
1,train_test_size_matched_random,control_conditioned_nonlinear_benchmark,3.0,0.9849166870117188,0.8886733055114746
1,train_test_size_matched_random,control_conditioned_nonlinear_benchmark,4.0,0.9596899747848512,0.8742338418960571
1,train_test_size_matched_random,control_conditioned_nonlinear_benchmark,5.0,0.9200639724731444,0.8519406914710999
1,train_test_size_matched_random,control_conditioned_nonlinear_benchmark,6.0,0.8872380256652832,0.8368151187896729
1,train_test_size_matched_random,control_conditioned_nonlinear_benchmark,7.0,0.8417372703552246,0.825390636920929
1,train_test_size_matched_random,control_conditioned_nonlinear_benchmark,8.0,0.8305615782737732,0.8065299987792969
1,train_test_size_matched_random,control_conditioned_nonlinear_benchmark,9.0,0.8088381886482239,0.7866345643997192
1,train_test_size_matched_random,control_conditioned_nonlinear_benchmark,10.0,0.7938741445541382,0.7952523231506348
1,train_test_size_matched_random,control_conditioned_nonlinear_benchmark,11.0,0.7728512287139893,0.7819373607635498
1,train_test_size_matched_random,control_conditioned_nonlinear_benchmark,12.0,0.757673978805542,0.7619622349739075
2,test_size_matched_random,control_conditioned_nonlinear_benchmark,1.0,1.0006426572799685,1.2470595836639404
2,test_size_matched_random,control_conditioned_nonlinear_benchmark,2.0,0.9900245666503906,1.234273076057434
2,test_size_matched_random,control_conditioned_nonlinear_benchmark,3.0,0.9623568058013916,1.1993368864059448
2,test_size_matched_random,control_conditioned_nonlinear_benchmark,4.0,0.9382627606391908,1.1699700355529783
2,test_size_matched_random,control_conditioned_nonlinear_benchmark,5.0,0.8749926686286926,1.0862243175506592
2,test_size_matched_random,control_conditioned_nonlinear_benchmark,6.0,0.8436532020568848,1.0485090017318726
2,test_size_matched_random,control_conditioned_nonlinear_benchmark,7.0,0.823262095451355,1.0221565961837769
2,test_size_matched_random,control_conditioned_nonlinear_benchmark,8.0,0.794450581073761,1.0071618556976318
2,test_size_matched_random,control_conditioned_nonlinear_benchmark,9.0,0.7911637425422668,1.023512363433838
2,test_size_matched_random,control_conditioned_nonlinear_benchmark,10.0,0.7892398238182068,1.0085070133209229
2,test_size_matched_random,control_conditioned_nonlinear_benchmark,11.0,0.8228867053985596,1.0593092441558838
2,test_size_matched_random,control_conditioned_nonlinear_benchmark,12.0,0.7556142210960388,0.9960414171218872
2,train_test_size_matched_random,control_conditioned_nonlinear_benchmark,1.0,1.0010546445846558,0.8431270718574524
2,train_test_size_matched_random,control_conditioned_nonlinear_benchmark,2.0,0.9961467385292052,0.8400914669036865
2,train_test_size_matched_random,control_conditioned_nonlinear_benchmark,3.0,0.9857187271118164,0.8362829089164734
2,train_test_size_matched_random,control_conditioned_nonlinear_benchmark,4.0,0.9602003693580629,0.8288773894309998
2,train_test_size_matched_random,control_conditioned_nonlinear_benchmark,5.0,0.9180155396461488,0.8124281167984009
2,train_test_size_matched_random,control_conditioned_nonlinear_benchmark,6.0,0.8712756037712097,0.8036642074584961
2,train_test_size_matched_random,control_conditioned_nonlinear_benchmark,7.0,0.8454123139381409,0.8132017254829407
2,train_test_size_matched_random,control_conditioned_nonlinear_benchmark,8.0,0.8130898475646973,0.8043903708457947
2,train_test_size_matched_random,control_conditioned_nonlinear_benchmark,9.0,0.7848321199417114,0.7925539016723633
2,train_test_size_matched_random,control_conditioned_nonlinear_benchmark,10.0,0.7691943645477295,0.8003894090652466
2,train_test_size_matched_random,control_conditioned_nonlinear_benchmark,11.0,0.7454548478126526,0.7978903651237488
2,train_test_size_matched_random,control_conditioned_nonlinear_benchmark,12.0,0.7326577305793762,0.7973163723945618
3,test_size_matched_random,control_conditioned_nonlinear_benchmark,1.0,1.0003454685211182,0.966480791568756
3,test_size_matched_random,control_conditioned_nonlinear_benchmark,2.0,0.988067626953125,0.960515022277832
3,test_size_matched_random,control_conditioned_nonlinear_benchmark,3.0,0.9580374360084534,0.940729796886444
3,test_size_matched_random,control_conditioned_nonlinear_benchmark,4.0,0.899533748626709,0.9105976223945618
3,test_size_matched_random,control_conditioned_nonlinear_benchmark,5.0,0.8435713648796082,0.8851286768913269
3,test_size_matched_random,control_conditioned_nonlinear_benchmark,6.0,0.833387553691864,0.8678926825523376
3,test_size_matched_random,control_conditioned_nonlinear_benchmark,7.0,0.7950208783149719,0.8435917496681213
3,test_size_matched_random,control_conditioned_nonlinear_benchmark,8.0,0.7733021974563599,0.8317875862121582
3,test_size_matched_random,control_conditioned_nonlinear_benchmark,9.0,0.7574974298477173,0.8255955576896667
3,test_size_matched_random,control_conditioned_nonlinear_benchmark,10.0,0.7594425678253174,0.8251101970672607
3,test_size_matched_random,control_conditioned_nonlinear_benchmark,11.0,0.738290011882782,0.8193658590316772
3,test_size_matched_random,control_conditioned_nonlinear_benchmark,12.0,0.7295958995819092,0.8193693161010742
3,train_test_size_matched_random,control_conditioned_nonlinear_benchmark,1.0,1.0013227462768557,0.9044283032417296
3,train_test_size_matched_random,control_conditioned_nonlinear_benchmark,2.0,0.99796324968338,0.9026799201965332
3,train_test_size_matched_random,control_conditioned_nonlinear_benchmark,3.0,0.989494562149048,0.8973625302314758
3,train_test_size_matched_random,control_conditioned_nonlinear_benchmark,4.0,0.9730907082557678,0.889453113079071
3,train_test_size_matched_random,control_conditioned_nonlinear_benchmark,5.0,0.9319416880607604,0.8844902515411377
3,train_test_size_matched_random,control_conditioned_nonlinear_benchmark,6.0,0.8887624144554138,0.8846667408943176
3,train_test_size_matched_random,control_conditioned_nonlinear_benchmark,7.0,0.8481610417366028,0.8866020441055298
3,train_test_size_matched_random,control_conditioned_nonlinear_benchmark,8.0,0.8434483408927917,0.8610668182373047
3,train_test_size_matched_random,control_conditioned_nonlinear_benchmark,9.0,0.7996481657028198,0.8795688152313232
3,train_test_size_matched_random,control_conditioned_nonlinear_benchmark,10.0,0.8169236779212952,0.8405570387840271
3,train_test_size_matched_random,control_conditioned_nonlinear_benchmark,11.0,0.7833859324455261,0.90897935628891
3,train_test_size_matched_random,control_conditioned_nonlinear_benchmark,12.0,0.7927728295326233,0.8250039219856262
4,test_size_matched_random,control_conditioned_nonlinear_benchmark,1.0,1.000280737876892,0.8014923930168152
4,test_size_matched_random,control_conditioned_nonlinear_benchmark,2.0,0.9872827529907228,0.7945864200592041
4,test_size_matched_random,control_conditioned_nonlinear_benchmark,3.0,0.9580561518669128,0.7792255282402039
4,test_size_matched_random,control_conditioned_nonlinear_benchmark,4.0,0.892756462097168,0.7713335156440735
4,test_size_matched_random,control_conditioned_nonlinear_benchmark,5.0,0.850190281867981,0.7382146716117859
4,test_size_matched_random,control_conditioned_nonlinear_benchmark,6.0,0.8264620304107666,0.7256503105163574
4,test_size_matched_random,control_conditioned_nonlinear_benchmark,7.0,0.7951063513755798,0.7185665369033813
4,test_size_matched_random,control_conditioned_nonlinear_benchmark,8.0,0.7754008769989014,0.7175154685974121
4,test_size_matched_random,control_conditioned_nonlinear_benchmark,9.0,0.7602518200874329,0.7042853236198425
4,test_size_matched_random,control_conditioned_nonlinear_benchmark,10.0,0.8234938383102417,0.7082441449165344
4,test_size_matched_random,control_conditioned_nonlinear_benchmark,11.0,0.7739052176475525,0.69631427526474
4,test_size_matched_random,control_conditioned_nonlinear_benchmark,12.0,0.7503310441970825,0.7032630443572998
4,train_test_size_matched_random,control_conditioned_nonlinear_benchmark,1.0,1.001139998435974,0.8345945477485657
4,train_test_size_matched_random,control_conditioned_nonlinear_benchmark,2.0,0.9976866245269777,0.8320936560630798
4,train_test_size_matched_random,control_conditioned_nonlinear_benchmark,3.0,0.9828805327415466,0.8229153752326965
4,train_test_size_matched_random,control_conditioned_nonlinear_benchmark,4.0,0.9528214335441588,0.8073669075965881
4,train_test_size_matched_random,control_conditioned_nonlinear_benchmark,5.0,0.9197437167167664,0.7905946969985962
4,train_test_size_matched_random,control_conditioned_nonlinear_benchmark,6.0,0.8772475123405457,0.7918151617050171
4,train_test_size_matched_random,control_conditioned_nonlinear_benchmark,7.0,0.8538566827774048,0.7721984386444092
4,train_test_size_matched_random,control_conditioned_nonlinear_benchmark,8.0,0.8233639597892761,0.7731287479400635
4,train_test_size_matched_random,control_conditioned_nonlinear_benchmark,9.0,0.8047475218772888,0.7535902261734009
4,train_test_size_matched_random,control_conditioned_nonlinear_benchmark,10.0,0.7817925810813904,0.7772624492645264
4,train_test_size_matched_random,control_conditioned_nonlinear_benchmark,11.0,0.78339022397995,0.7723669409751892
4,train_test_size_matched_random,control_conditioned_nonlinear_benchmark,12.0,0.7580388188362122,0.7705686688423157
5,test_size_matched_random,control_conditioned_nonlinear_benchmark,1.0,1.0007869005203247,0.8985055685043335
5,test_size_matched_random,control_conditioned_nonlinear_benchmark,2.0,0.9893360137939452,0.8918885588645935
5,test_size_matched_random,control_conditioned_nonlinear_benchmark,3.0,0.9544660449028016,0.8789798021316528
5,test_size_matched_random,control_conditioned_nonlinear_benchmark,4.0,0.9006065130233765,0.8632906675338745
5,test_size_matched_random,control_conditioned_nonlinear_benchmark,5.0,0.8527087569236755,0.8515933752059937
5,test_size_matched_random,control_conditioned_nonlinear_benchmark,6.0,0.8357490301132202,0.8587988615036011
5,test_size_matched_random,control_conditioned_nonlinear_benchmark,7.0,0.7999430894851685,0.8513200283050537
5,test_size_matched_random,control_conditioned_nonlinear_benchmark,8.0,0.8281168341636658,0.8472704887390137
5,test_size_matched_random,control_conditioned_nonlinear_benchmark,9.0,0.7736707329750061,0.834903359413147
5,test_size_matched_random,control_conditioned_nonlinear_benchmark,10.0,0.7740122675895691,0.8363386392593384
5,test_size_matched_random,control_conditioned_nonlinear_benchmark,11.0,0.7514760494232178,0.8321527242660522
5,test_size_matched_random,control_conditioned_nonlinear_benchmark,12.0,0.7296926379203796,0.8324261903762817
5,train_test_size_matched_random,control_conditioned_nonlinear_benchmark,1.0,1.0014585256576538,1.088179349899292
5,train_test_size_matched_random,control_conditioned_nonlinear_benchmark,2.0,0.9968971610069276,1.0836962461471558
5,train_test_size_matched_random,control_conditioned_nonlinear_benchmark,3.0,0.9871141314506532,1.074242353439331
5,train_test_size_matched_random,control_conditioned_nonlinear_benchmark,4.0,0.9626297950744628,1.050032377243042
5,train_test_size_matched_random,control_conditioned_nonlinear_benchmark,5.0,0.9206171035766602,1.0385820865631104
5,train_test_size_matched_random,control_conditioned_nonlinear_benchmark,6.0,0.8609636425971985,0.9880375266075134
5,train_test_size_matched_random,control_conditioned_nonlinear_benchmark,7.0,0.8182313442230225,0.9912519454956056
5,train_test_size_matched_random,control_conditioned_nonlinear_benchmark,8.0,0.8000940680503845,0.9431954026222228
5,train_test_size_matched_random,control_conditioned_nonlinear_benchmark,9.0,0.7825524806976318,1.0088629722595217
5,train_test_size_matched_random,control_conditioned_nonlinear_benchmark,10.0,0.7614786624908447,0.9253544807434082
5,train_test_size_matched_random,control_conditioned_nonlinear_benchmark,11.0,0.7434924840927124,1.0268659591674805
5,train_test_size_matched_random,control_conditioned_nonlinear_benchmark,12.0,0.743258535861969,0.9620907306671144
6,test_size_matched_random,control_conditioned_nonlinear_benchmark,1.0,1.000354528427124,1.0545809268951416
6,test_size_matched_random,control_conditioned_nonlinear_benchmark,2.0,0.988708794116974,1.04485285282135
6,test_size_matched_random,control_conditioned_nonlinear_benchmark,3.0,0.9482442140579224,1.0140069723129272
6,test_size_matched_random,control_conditioned_nonlinear_benchmark,4.0,0.8720348477363586,0.959918737411499
6,test_size_matched_random,control_conditioned_nonlinear_benchmark,5.0,0.8521845936775208,0.9377102255821228
6,test_size_matched_random,control_conditioned_nonlinear_benchmark,6.0,0.8161377310752869,0.9218878149986268
6,test_size_matched_random,control_conditioned_nonlinear_benchmark,7.0,0.7842767834663391,0.915980339050293
6,test_size_matched_random,control_conditioned_nonlinear_benchmark,8.0,0.8056542873382568,0.887499988079071
6,test_size_matched_random,control_conditioned_nonlinear_benchmark,9.0,0.770055890083313,0.9161598682403564
6,test_size_matched_random,control_conditioned_nonlinear_benchmark,10.0,0.7654755115509033,0.8972314596176147
6,test_size_matched_random,control_conditioned_nonlinear_benchmark,11.0,0.744664192199707,0.9103339910507202
6,test_size_matched_random,control_conditioned_nonlinear_benchmark,12.0,0.7338540554046631,0.906413197517395
6,train_test_size_matched_random,control_conditioned_nonlinear_benchmark,1.0,1.001551389694214,0.7960256338119507
6,train_test_size_matched_random,control_conditioned_nonlinear_benchmark,2.0,0.9965784549713136,0.7943397760391235
6,train_test_size_matched_random,control_conditioned_nonlinear_benchmark,3.0,0.9842712879180908,0.789725661277771
6,train_test_size_matched_random,control_conditioned_nonlinear_benchmark,4.0,0.9478821754455566,0.7867627143859863
6,train_test_size_matched_random,control_conditioned_nonlinear_benchmark,5.0,0.8960452675819397,0.7622083425521851
6,train_test_size_matched_random,control_conditioned_nonlinear_benchmark,6.0,0.871893048286438,0.7490085959434509
6,train_test_size_matched_random,control_conditioned_nonlinear_benchmark,7.0,0.8235586881637573,0.7339630722999573
6,train_test_size_matched_random,control_conditioned_nonlinear_benchmark,8.0,0.818614661693573,0.7226904034614563
6,train_test_size_matched_random,control_conditioned_nonlinear_benchmark,9.0,0.7914990782737732,0.722812294960022
6,train_test_size_matched_random,control_conditioned_nonlinear_benchmark,10.0,0.7610734701156616,0.7232615947723389
6,train_test_size_matched_random,control_conditioned_nonlinear_benchmark,11.0,0.7425289154052734,0.72425776720047
6,train_test_size_matched_random,control_conditioned_nonlinear_benchmark,12.0,0.7325121164321899,0.712422251701355
7,test_size_matched_random,control_conditioned_nonlinear_benchmark,1.0,1.0002421140670776,0.956385612487793
7,test_size_matched_random,control_conditioned_nonlinear_benchmark,2.0,0.989328682422638,0.947568655014038
7,test_size_matched_random,control_conditioned_nonlinear_benchmark,3.0,0.9588662385940552,0.9255840182304382
7,test_size_matched_random,control_conditioned_nonlinear_benchmark,4.0,0.9022210240364076,0.883636474609375
7,test_size_matched_random,control_conditioned_nonlinear_benchmark,5.0,0.853326141834259,0.8571898937225342
7,test_size_matched_random,control_conditioned_nonlinear_benchmark,6.0,0.8213096857070923,0.8521513938903809
7,test_size_matched_random,control_conditioned_nonlinear_benchmark,7.0,0.8286915421485901,0.8268024325370789
7,test_size_matched_random,control_conditioned_nonlinear_benchmark,8.0,0.7846226692199707,0.826044499874115
7,test_size_matched_random,control_conditioned_nonlinear_benchmark,9.0,0.7716662883758545,0.8495616912841797
7,test_size_matched_random,control_conditioned_nonlinear_benchmark,10.0,0.7522237300872803,0.84587562084198
7,test_size_matched_random,control_conditioned_nonlinear_benchmark,11.0,0.7514110803604126,0.8364817500114441
7,test_size_matched_random,control_conditioned_nonlinear_benchmark,12.0,0.7405967712402344,0.8294916749000549
7,train_test_size_matched_random,control_conditioned_nonlinear_benchmark,1.0,1.0014857053756714,0.9267150163650512
7,train_test_size_matched_random,control_conditioned_nonlinear_benchmark,2.0,0.997890830039978,0.9242503643035888
7,train_test_size_matched_random,control_conditioned_nonlinear_benchmark,3.0,0.9862475991249084,0.9215229153633118
7,train_test_size_matched_random,control_conditioned_nonlinear_benchmark,4.0,0.9746899604797364,0.9313872456550598
7,train_test_size_matched_random,control_conditioned_nonlinear_benchmark,5.0,0.931565284729004,0.9056817293167114
7,train_test_size_matched_random,control_conditioned_nonlinear_benchmark,6.0,0.8940918445587158,0.8961915969848633
7,train_test_size_matched_random,control_conditioned_nonlinear_benchmark,7.0,0.8919770121574402,0.8839158415794373
7,train_test_size_matched_random,control_conditioned_nonlinear_benchmark,8.0,0.8492498993873596,0.8697407841682434
7,train_test_size_matched_random,control_conditioned_nonlinear_benchmark,9.0,0.8314668536186218,0.8847638964653015
7,train_test_size_matched_random,control_conditioned_nonlinear_benchmark,10.0,0.8107467889785767,0.852902352809906
7,train_test_size_matched_random,control_conditioned_nonlinear_benchmark,11.0,0.8027681708335876,0.8476993441581726
7,train_test_size_matched_random,control_conditioned_nonlinear_benchmark,12.0,0.7872471213340759,0.8529624342918396
8,test_size_matched_random,control_conditioned_nonlinear_benchmark,1.0,1.0002254247665403,0.8361986875534058
8,test_size_matched_random,control_conditioned_nonlinear_benchmark,2.0,0.9825127720832824,0.8264413475990295
8,test_size_matched_random,control_conditioned_nonlinear_benchmark,3.0,0.929267644882202,0.8012645840644836
8,test_size_matched_random,control_conditioned_nonlinear_benchmark,4.0,0.8622519969940186,0.7857586741447449
8,test_size_matched_random,control_conditioned_nonlinear_benchmark,5.0,0.8284509778022766,0.7837785482406616
8,test_size_matched_random,control_conditioned_nonlinear_benchmark,6.0,0.8107263445854187,0.7830566167831421
8,test_size_matched_random,control_conditioned_nonlinear_benchmark,7.0,0.7932256460189819,0.7722275257110596
8,test_size_matched_random,control_conditioned_nonlinear_benchmark,8.0,0.7780249118804932,0.7554802298545837
8,test_size_matched_random,control_conditioned_nonlinear_benchmark,9.0,0.7826271653175354,0.7661049365997314
8,test_size_matched_random,control_conditioned_nonlinear_benchmark,10.0,0.7545861601829529,0.7587942481040955
8,test_size_matched_random,control_conditioned_nonlinear_benchmark,11.0,0.7409617304801941,0.7651834487915039
8,test_size_matched_random,control_conditioned_nonlinear_benchmark,12.0,0.7389876246452332,0.7543709874153137
8,train_test_size_matched_random,control_conditioned_nonlinear_benchmark,1.0,1.002029299736023,1.06163489818573
8,train_test_size_matched_random,control_conditioned_nonlinear_benchmark,2.0,0.9977154731750488,1.0572398900985718
8,train_test_size_matched_random,control_conditioned_nonlinear_benchmark,3.0,0.9890246391296388,1.0486046075820925
8,train_test_size_matched_random,control_conditioned_nonlinear_benchmark,4.0,0.9710779190063475,1.0352822542190552
8,train_test_size_matched_random,control_conditioned_nonlinear_benchmark,5.0,0.9403125047683716,1.0144376754760742
8,train_test_size_matched_random,control_conditioned_nonlinear_benchmark,6.0,0.8899855613708496,0.9926987886428832
8,train_test_size_matched_random,control_conditioned_nonlinear_benchmark,7.0,0.8456217050552368,0.9804098010063172
8,train_test_size_matched_random,control_conditioned_nonlinear_benchmark,8.0,0.8161773681640625,0.9748353362083436
8,train_test_size_matched_random,control_conditioned_nonlinear_benchmark,9.0,0.7904012203216553,0.9540061354637146
8,train_test_size_matched_random,control_conditioned_nonlinear_benchmark,10.0,0.779962420463562,0.9527056217193604
8,train_test_size_matched_random,control_conditioned_nonlinear_benchmark,11.0,0.7738163471221924,0.9533970952033995
8,train_test_size_matched_random,control_conditioned_nonlinear_benchmark,12.0,0.7872121334075928,0.947602927684784
9,test_size_matched_random,control_conditioned_nonlinear_benchmark,1.0,1.001148700714111,1.0615190267562866
9,test_size_matched_random,control_conditioned_nonlinear_benchmark,2.0,0.9921926856040956,1.0549449920654297
9,test_size_matched_random,control_conditioned_nonlinear_benchmark,3.0,0.9606040716171264,1.0289908647537231
9,test_size_matched_random,control_conditioned_nonlinear_benchmark,4.0,0.8992987275123596,0.9794238805770874
9,test_size_matched_random,control_conditioned_nonlinear_benchmark,5.0,0.8746002912521362,0.9499589800834656
9,test_size_matched_random,control_conditioned_nonlinear_benchmark,6.0,0.8163245916366577,0.8940958380699158
9,test_size_matched_random,control_conditioned_nonlinear_benchmark,7.0,0.7962955236434937,0.8777341842651367
9,test_size_matched_random,control_conditioned_nonlinear_benchmark,8.0,0.7811341285705566,0.8568964600563049
9,test_size_matched_random,control_conditioned_nonlinear_benchmark,9.0,0.7628152966499329,0.8495684266090393
9,test_size_matched_random,control_conditioned_nonlinear_benchmark,10.0,0.7457460761070251,0.8399704098701477
9,test_size_matched_random,control_conditioned_nonlinear_benchmark,11.0,0.7390817999839783,0.8219940662384033
9,test_size_matched_random,control_conditioned_nonlinear_benchmark,12.0,0.7278623580932617,0.8251279592514038
9,train_test_size_matched_random,control_conditioned_nonlinear_benchmark,1.0,1.0021426677703855,0.7877902984619141
9,train_test_size_matched_random,control_conditioned_nonlinear_benchmark,2.0,0.9988949298858644,0.7852050065994263
9,train_test_size_matched_random,control_conditioned_nonlinear_benchmark,3.0,0.9892026782035828,0.7809730768203735
9,train_test_size_matched_random,control_conditioned_nonlinear_benchmark,4.0,0.9724153876304626,0.7754693031311035
9,train_test_size_matched_random,control_conditioned_nonlinear_benchmark,5.0,0.9371854662895204,0.7577952146530151
9,train_test_size_matched_random,control_conditioned_nonlinear_benchmark,6.0,0.8929863572120667,0.7428386807441711
9,train_test_size_matched_random,control_conditioned_nonlinear_benchmark,7.0,0.8439226150512695,0.7264925241470337
9,train_test_size_matched_random,control_conditioned_nonlinear_benchmark,8.0,0.8006212711334229,0.7211377620697021
9,train_test_size_matched_random,control_conditioned_nonlinear_benchmark,9.0,0.7739260792732239,0.7106924057006836
9,train_test_size_matched_random,control_conditioned_nonlinear_benchmark,10.0,0.7845844626426697,0.7041513919830322
9,train_test_size_matched_random,control_conditioned_nonlinear_benchmark,11.0,0.7684869766235352,0.7093695998191833
9,train_test_size_matched_random,control_conditioned_nonlinear_benchmark,12.0,0.7548931837081909,0.7112483978271484
10,test_size_matched_random,control_conditioned_nonlinear_benchmark,1.0,1.000794768333435,0.969224452972412
10,test_size_matched_random,control_conditioned_nonlinear_benchmark,2.0,0.989216446876526,0.9596821069717408
10,test_size_matched_random,control_conditioned_nonlinear_benchmark,3.0,0.9700138568878174,0.9470287561416626
10,test_size_matched_random,control_conditioned_nonlinear_benchmark,4.0,0.9132867455482484,0.9072071313858032
10,test_size_matched_random,control_conditioned_nonlinear_benchmark,5.0,0.8534857630729675,0.8703863620758057
10,test_size_matched_random,control_conditioned_nonlinear_benchmark,6.0,0.8300749659538269,0.8517410159111023
10,test_size_matched_random,control_conditioned_nonlinear_benchmark,7.0,0.842816948890686,0.8666321039199829
10,test_size_matched_random,control_conditioned_nonlinear_benchmark,8.0,0.795267641544342,0.8484120965003967
10,test_size_matched_random,control_conditioned_nonlinear_benchmark,9.0,0.7603367567062378,0.8277223110198975
10,test_size_matched_random,control_conditioned_nonlinear_benchmark,10.0,0.7613621950149536,0.8297369480133057
10,test_size_matched_random,control_conditioned_nonlinear_benchmark,11.0,0.7397308349609375,0.8117983937263489
10,test_size_matched_random,control_conditioned_nonlinear_benchmark,12.0,0.7297149300575256,0.8250952363014221
10,train_test_size_matched_random,control_conditioned_nonlinear_benchmark,1.0,1.0020325183868408,1.113728642463684
10,train_test_size_matched_random,control_conditioned_nonlinear_benchmark,2.0,0.9987707138061525,1.11093270778656
10,train_test_size_matched_random,control_conditioned_nonlinear_benchmark,3.0,0.9887717366218568,1.1031503677368164
10,train_test_size_matched_random,control_conditioned_nonlinear_benchmark,4.0,0.9671006202697754,1.0876330137252808
10,train_test_size_matched_random,control_conditioned_nonlinear_benchmark,5.0,0.9289997816085817,1.0570135116577148
10,train_test_size_matched_random,control_conditioned_nonlinear_benchmark,6.0,0.8772628903388977,1.0185757875442505
10,train_test_size_matched_random,control_conditioned_nonlinear_benchmark,7.0,0.8480559587478638,0.9992868900299072
10,train_test_size_matched_random,control_conditioned_nonlinear_benchmark,8.0,0.8128672242164612,0.9691970944404602
10,train_test_size_matched_random,control_conditioned_nonlinear_benchmark,9.0,0.8006099462509155,0.9807382225990297
10,train_test_size_matched_random,control_conditioned_nonlinear_benchmark,10.0,0.7765779495239258,0.957808256149292
10,train_test_size_matched_random,control_conditioned_nonlinear_benchmark,11.0,0.7483043074607849,0.9421074986457824
10,train_test_size_matched_random,control_conditioned_nonlinear_benchmark,12.0,0.7330043315887451,0.951532781124115
11,test_size_matched_random,control_conditioned_nonlinear_benchmark,1.0,1.000786304473877,1.0062626600265503
11,test_size_matched_random,control_conditioned_nonlinear_benchmark,2.0,0.99379962682724,1.0004554986953735
11,test_size_matched_random,control_conditioned_nonlinear_benchmark,3.0,0.9570946097373962,0.9669840931892396
11,test_size_matched_random,control_conditioned_nonlinear_benchmark,4.0,0.8906742930412292,0.9070014357566832
11,test_size_matched_random,control_conditioned_nonlinear_benchmark,5.0,0.8471304178237915,0.8641197085380554
11,test_size_matched_random,control_conditioned_nonlinear_benchmark,6.0,0.8560328483581543,0.8741286396980286
11,test_size_matched_random,control_conditioned_nonlinear_benchmark,7.0,0.8138067722320557,0.8374016880989075
11,test_size_matched_random,control_conditioned_nonlinear_benchmark,8.0,0.7853383421897888,0.8144782185554504
11,test_size_matched_random,control_conditioned_nonlinear_benchmark,9.0,0.7802842855453491,0.8223150968551636
11,test_size_matched_random,control_conditioned_nonlinear_benchmark,10.0,0.7550092935562134,0.8082202076911926
11,test_size_matched_random,control_conditioned_nonlinear_benchmark,11.0,0.7495966553688049,0.8121902942657471
11,test_size_matched_random,control_conditioned_nonlinear_benchmark,12.0,0.7426390647888184,0.8036998510360718
11,train_test_size_matched_random,control_conditioned_nonlinear_benchmark,1.0,1.0006437301635742,0.7441433072090149
11,train_test_size_matched_random,control_conditioned_nonlinear_benchmark,2.0,0.9953940510749816,0.743675172328949
11,train_test_size_matched_random,control_conditioned_nonlinear_benchmark,3.0,0.9755010604858398,0.7394664883613586
11,train_test_size_matched_random,control_conditioned_nonlinear_benchmark,4.0,0.932750940322876,0.7337251305580139
11,train_test_size_matched_random,control_conditioned_nonlinear_benchmark,5.0,0.8751829862594604,0.7341880202293396
11,train_test_size_matched_random,control_conditioned_nonlinear_benchmark,6.0,0.8254193663597107,0.7358765602111816
11,train_test_size_matched_random,control_conditioned_nonlinear_benchmark,7.0,0.779970109462738,0.717998743057251
11,train_test_size_matched_random,control_conditioned_nonlinear_benchmark,8.0,0.7724089622497559,0.7270788550376892
11,train_test_size_matched_random,control_conditioned_nonlinear_benchmark,9.0,0.753556489944458,0.716808557510376
11,train_test_size_matched_random,control_conditioned_nonlinear_benchmark,10.0,0.7539899349212646,0.7151457071304321
11,train_test_size_matched_random,control_conditioned_nonlinear_benchmark,11.0,0.738464891910553,0.7024886608123779
11,train_test_size_matched_random,control_conditioned_nonlinear_benchmark,12.0,0.7254044413566589,0.699923574924469
12,test_size_matched_random,control_conditioned_nonlinear_benchmark,1.0,1.0011905431747437,0.965885579586029
12,test_size_matched_random,control_conditioned_nonlinear_benchmark,2.0,0.9942931532859802,0.9591981768608092
12,test_size_matched_random,control_conditioned_nonlinear_benchmark,3.0,0.9828336238861084,0.947407066822052
12,test_size_matched_random,control_conditioned_nonlinear_benchmark,4.0,0.9225126504898072,0.9022210836410522
12,test_size_matched_random,control_conditioned_nonlinear_benchmark,5.0,0.8611806631088257,0.8543100953102112
12,test_size_matched_random,control_conditioned_nonlinear_benchmark,6.0,0.8211502432823181,0.8417639136314392
12,test_size_matched_random,control_conditioned_nonlinear_benchmark,7.0,0.8055807948112488,0.8340360522270203
12,test_size_matched_random,control_conditioned_nonlinear_benchmark,8.0,0.7868350744247437,0.8347108364105225
12,test_size_matched_random,control_conditioned_nonlinear_benchmark,9.0,0.7747310400009155,0.8212841153144836
12,test_size_matched_random,control_conditioned_nonlinear_benchmark,10.0,0.7526153922080994,0.8126364350318909
12,test_size_matched_random,control_conditioned_nonlinear_benchmark,11.0,0.7398948669433594,0.8024069666862488
12,test_size_matched_random,control_conditioned_nonlinear_benchmark,12.0,0.7432898283004761,0.8257608413696289
12,train_test_size_matched_random,control_conditioned_nonlinear_benchmark,1.0,1.001742959022522,1.2535221576690674
12,train_test_size_matched_random,control_conditioned_nonlinear_benchmark,2.0,0.9988364577293396,1.2491880655288696
12,train_test_size_matched_random,control_conditioned_nonlinear_benchmark,3.0,0.9912745356559752,1.237526535987854
12,train_test_size_matched_random,control_conditioned_nonlinear_benchmark,4.0,0.9797323346138,1.2224334478378296
12,train_test_size_matched_random,control_conditioned_nonlinear_benchmark,5.0,0.9593991041183472,1.1960293054580688
12,train_test_size_matched_random,control_conditioned_nonlinear_benchmark,6.0,0.9119653701782228,1.1018346548080444
12,train_test_size_matched_random,control_conditioned_nonlinear_benchmark,7.0,0.8688226938247681,1.03825581073761
12,train_test_size_matched_random,control_conditioned_nonlinear_benchmark,8.0,0.8329215049743652,0.9732052087783812
12,train_test_size_matched_random,control_conditioned_nonlinear_benchmark,9.0,0.8151589035987854,0.9740038514137268
12,train_test_size_matched_random,control_conditioned_nonlinear_benchmark,10.0,0.8050540685653687,0.9895964860916138
12,train_test_size_matched_random,control_conditioned_nonlinear_benchmark,11.0,0.7875653505325317,0.9383141994476318
12,train_test_size_matched_random,control_conditioned_nonlinear_benchmark,12.0,0.7676319479942322,0.9408892393112184
13,test_size_matched_random,control_conditioned_nonlinear_benchmark,1.0,0.9999812245368958,1.1896477937698364
13,test_size_matched_random,control_conditioned_nonlinear_benchmark,2.0,0.986616849899292,1.1762150526046753
13,test_size_matched_random,control_conditioned_nonlinear_benchmark,3.0,0.9516505599021912,1.136485934257507
13,test_size_matched_random,control_conditioned_nonlinear_benchmark,4.0,0.8854278326034546,1.0791069269180298
13,test_size_matched_random,control_conditioned_nonlinear_benchmark,5.0,0.843487560749054,1.0433151721954346
13,test_size_matched_random,control_conditioned_nonlinear_benchmark,6.0,0.821365475654602,1.0188506841659546
13,test_size_matched_random,control_conditioned_nonlinear_benchmark,7.0,0.8037040829658508,1.0163652896881104
13,test_size_matched_random,control_conditioned_nonlinear_benchmark,8.0,0.7770991921424866,0.9924929141998292
13,test_size_matched_random,control_conditioned_nonlinear_benchmark,9.0,0.7644659876823425,0.9999387264251708
13,test_size_matched_random,control_conditioned_nonlinear_benchmark,10.0,0.7533256411552429,0.9927936792373656
13,test_size_matched_random,control_conditioned_nonlinear_benchmark,11.0,0.7564043998718262,1.0039012432098389
13,test_size_matched_random,control_conditioned_nonlinear_benchmark,12.0,0.7430938482284546,0.9611052870750428
13,train_test_size_matched_random,control_conditioned_nonlinear_benchmark,1.0,1.0007697343826294,1.074534893035889
13,train_test_size_matched_random,control_conditioned_nonlinear_benchmark,2.0,0.9924983382225036,1.0672825574874878
13,train_test_size_matched_random,control_conditioned_nonlinear_benchmark,3.0,0.974584937095642,1.0576603412628174
13,train_test_size_matched_random,control_conditioned_nonlinear_benchmark,4.0,0.939781129360199,1.0376060009002686
13,train_test_size_matched_random,control_conditioned_nonlinear_benchmark,5.0,0.8924707174301147,1.0158015489578247
13,train_test_size_matched_random,control_conditioned_nonlinear_benchmark,6.0,0.8469295501708984,0.9906916618347168
13,train_test_size_matched_random,control_conditioned_nonlinear_benchmark,7.0,0.8347291946411133,1.014732003211975
13,train_test_size_matched_random,control_conditioned_nonlinear_benchmark,8.0,0.805523157119751,1.006489396095276
13,train_test_size_matched_random,control_conditioned_nonlinear_benchmark,9.0,0.7730671763420105,0.9651328325271606
13,train_test_size_matched_random,control_conditioned_nonlinear_benchmark,10.0,0.7587226629257202,0.9853116869926452
13,train_test_size_matched_random,control_conditioned_nonlinear_benchmark,11.0,0.7455480694770813,0.9819095730781556
13,train_test_size_matched_random,control_conditioned_nonlinear_benchmark,12.0,0.743802547454834,1.0024069547653198
14,test_size_matched_random,control_conditioned_nonlinear_benchmark,1.0,1.0012526512145996,0.9911944270133972
14,test_size_matched_random,control_conditioned_nonlinear_benchmark,2.0,0.9934922456741332,0.9843076467514038
14,test_size_matched_random,control_conditioned_nonlinear_benchmark,3.0,0.9659950733184814,0.9588887095451356
14,test_size_matched_random,control_conditioned_nonlinear_benchmark,4.0,0.9251089096069336,0.9240140914916992
14,test_size_matched_random,control_conditioned_nonlinear_benchmark,5.0,0.8574362397193909,0.875543475151062
14,test_size_matched_random,control_conditioned_nonlinear_benchmark,6.0,0.8565701842308044,0.8809192776679993
14,test_size_matched_random,control_conditioned_nonlinear_benchmark,7.0,0.8416849374771118,0.8713527917861938
14,test_size_matched_random,control_conditioned_nonlinear_benchmark,8.0,0.8021068572998047,0.8618170022964478
14,test_size_matched_random,control_conditioned_nonlinear_benchmark,9.0,0.8210350275039673,0.8818799257278442
14,test_size_matched_random,control_conditioned_nonlinear_benchmark,10.0,0.780335545539856,0.8574170470237732
14,test_size_matched_random,control_conditioned_nonlinear_benchmark,11.0,0.7555334568023682,0.8709257245063782
14,test_size_matched_random,control_conditioned_nonlinear_benchmark,12.0,0.7668060064315796,0.8770619630813599
14,train_test_size_matched_random,control_conditioned_nonlinear_benchmark,1.0,1.0015366077423096,1.0136899948120115
14,train_test_size_matched_random,control_conditioned_nonlinear_benchmark,2.0,0.998839557170868,1.0103261470794678
14,train_test_size_matched_random,control_conditioned_nonlinear_benchmark,3.0,0.9871875047683716,1.0006598234176636
14,train_test_size_matched_random,control_conditioned_nonlinear_benchmark,4.0,0.967540442943573,0.9794402718544006
14,train_test_size_matched_random,control_conditioned_nonlinear_benchmark,5.0,0.9225955009460448,0.9359196424484252
14,train_test_size_matched_random,control_conditioned_nonlinear_benchmark,6.0,0.8833601474761963,0.8940076231956482
14,train_test_size_matched_random,control_conditioned_nonlinear_benchmark,7.0,0.848597526550293,0.8585522770881653
14,train_test_size_matched_random,control_conditioned_nonlinear_benchmark,8.0,0.8196245431900024,0.8445398807525635
14,train_test_size_matched_random,control_conditioned_nonlinear_benchmark,9.0,0.7899337410926819,0.8264865279197693
14,train_test_size_matched_random,control_conditioned_nonlinear_benchmark,10.0,0.7738662958145142,0.8152548670768738
14,train_test_size_matched_random,control_conditioned_nonlinear_benchmark,11.0,0.76301509141922,0.8205947875976562
14,train_test_size_matched_random,control_conditioned_nonlinear_benchmark,12.0,0.7381871342658997,0.8054054975509644
15,test_size_matched_random,control_conditioned_nonlinear_benchmark,1.0,1.0007506608963013,1.0284572839736938
15,test_size_matched_random,control_conditioned_nonlinear_benchmark,2.0,0.98898446559906,1.0179038047790527
15,test_size_matched_random,control_conditioned_nonlinear_benchmark,3.0,0.9545257091522216,0.984073281288147
15,test_size_matched_random,control_conditioned_nonlinear_benchmark,4.0,0.8891607522964478,0.915976583957672
15,test_size_matched_random,control_conditioned_nonlinear_benchmark,5.0,0.8476583957672119,0.8723932504653931
15,test_size_matched_random,control_conditioned_nonlinear_benchmark,6.0,0.8155987858772278,0.8442155718803406
15,test_size_matched_random,control_conditioned_nonlinear_benchmark,7.0,0.7882906794548035,0.8383333086967468
15,test_size_matched_random,control_conditioned_nonlinear_benchmark,8.0,0.784360408782959,0.8470143675804138
15,test_size_matched_random,control_conditioned_nonlinear_benchmark,9.0,0.7504836916923523,0.8123247027397156
15,test_size_matched_random,control_conditioned_nonlinear_benchmark,10.0,0.7604954242706299,0.8316172957420349
15,test_size_matched_random,control_conditioned_nonlinear_benchmark,11.0,0.7403789162635803,0.82053142786026
15,test_size_matched_random,control_conditioned_nonlinear_benchmark,12.0,0.7361279726028442,0.8320146799087524
15,train_test_size_matched_random,control_conditioned_nonlinear_benchmark,1.0,1.0015617609024048,0.9872630834579468
15,train_test_size_matched_random,control_conditioned_nonlinear_benchmark,2.0,0.9965345859527588,0.9837082624435424
15,train_test_size_matched_random,control_conditioned_nonlinear_benchmark,3.0,0.9814030528068542,0.9731414914131165
15,train_test_size_matched_random,control_conditioned_nonlinear_benchmark,4.0,0.9592090845108032,0.9568451046943665
15,train_test_size_matched_random,control_conditioned_nonlinear_benchmark,5.0,0.9182887077331544,0.9300677180290222
15,train_test_size_matched_random,control_conditioned_nonlinear_benchmark,6.0,0.9274582266807556,0.9362950921058656
15,train_test_size_matched_random,control_conditioned_nonlinear_benchmark,7.0,0.8611560463905334,0.8816062211990356
15,train_test_size_matched_random,control_conditioned_nonlinear_benchmark,8.0,0.8216308951377869,0.8677545785903931
15,train_test_size_matched_random,control_conditioned_nonlinear_benchmark,9.0,0.807898759841919,0.8598509430885315
15,train_test_size_matched_random,control_conditioned_nonlinear_benchmark,10.0,0.8074080348014832,0.8763672113418579
15,train_test_size_matched_random,control_conditioned_nonlinear_benchmark,11.0,0.8033879995346069,0.8636089563369751
15,train_test_size_matched_random,control_conditioned_nonlinear_benchmark,12.0,0.7840168476104736,0.8604012727737427
16,test_size_matched_random,control_conditioned_nonlinear_benchmark,1.0,1.0010695457458496,1.2714581489562988
16,test_size_matched_random,control_conditioned_nonlinear_benchmark,2.0,0.9941996335983276,1.2632039785385132
16,test_size_matched_random,control_conditioned_nonlinear_benchmark,3.0,0.9785788655281068,1.2423045635223389
16,test_size_matched_random,control_conditioned_nonlinear_benchmark,4.0,0.9363763928413392,1.175255298614502
16,test_size_matched_random,control_conditioned_nonlinear_benchmark,5.0,0.8872953653335571,1.086259126663208
16,test_size_matched_random,control_conditioned_nonlinear_benchmark,6.0,0.8367741107940674,1.002643346786499
16,test_size_matched_random,control_conditioned_nonlinear_benchmark,7.0,0.815893828868866,0.9804571866989136
16,test_size_matched_random,control_conditioned_nonlinear_benchmark,8.0,0.8084151744842529,0.949336051940918
16,test_size_matched_random,control_conditioned_nonlinear_benchmark,9.0,0.7969935536384583,0.9509442448616028
16,test_size_matched_random,control_conditioned_nonlinear_benchmark,10.0,0.7717632055282593,0.9296867847442628
16,test_size_matched_random,control_conditioned_nonlinear_benchmark,11.0,0.7747718691825867,0.938795566558838
16,test_size_matched_random,control_conditioned_nonlinear_benchmark,12.0,0.7814167141914368,0.947450578212738
16,train_test_size_matched_random,control_conditioned_nonlinear_benchmark,1.0,1.0015175342559814,0.8034919500350952
16,train_test_size_matched_random,control_conditioned_nonlinear_benchmark,2.0,0.9983922839164734,0.80097895860672
16,train_test_size_matched_random,control_conditioned_nonlinear_benchmark,3.0,0.9908475279808044,0.7959879636764526
16,train_test_size_matched_random,control_conditioned_nonlinear_benchmark,4.0,0.9781659245491028,0.7892057299613953
16,train_test_size_matched_random,control_conditioned_nonlinear_benchmark,5.0,0.9589381217956544,0.785813570022583
16,train_test_size_matched_random,control_conditioned_nonlinear_benchmark,6.0,0.920378804206848,0.7665238976478577
16,train_test_size_matched_random,control_conditioned_nonlinear_benchmark,7.0,0.8798676133155823,0.7444233894348145
16,train_test_size_matched_random,control_conditioned_nonlinear_benchmark,8.0,0.8400800228118896,0.7257186770439148
16,train_test_size_matched_random,control_conditioned_nonlinear_benchmark,9.0,0.8372601866722107,0.7361088395118713
16,train_test_size_matched_random,control_conditioned_nonlinear_benchmark,10.0,0.7975240349769592,0.7092103958129883
16,train_test_size_matched_random,control_conditioned_nonlinear_benchmark,11.0,0.7792811393737793,0.6792719960212708
16,train_test_size_matched_random,control_conditioned_nonlinear_benchmark,12.0,0.7688989639282227,0.7080342173576355
17,test_size_matched_random,control_conditioned_nonlinear_benchmark,1.0,1.000537395477295,1.1614532470703125
17,test_size_matched_random,control_conditioned_nonlinear_benchmark,2.0,0.9904534220695496,1.1503986120224
17,test_size_matched_random,control_conditioned_nonlinear_benchmark,3.0,0.9682005643844604,1.12068510055542
17,test_size_matched_random,control_conditioned_nonlinear_benchmark,4.0,0.9145114421844482,1.0396580696105957
17,test_size_matched_random,control_conditioned_nonlinear_benchmark,5.0,0.8544267416000366,0.9533636569976808
17,test_size_matched_random,control_conditioned_nonlinear_benchmark,6.0,0.8195947408676147,0.9068583846092224
17,test_size_matched_random,control_conditioned_nonlinear_benchmark,7.0,0.8043802976608276,0.8964981436729431
17,test_size_matched_random,control_conditioned_nonlinear_benchmark,8.0,0.8020175099372864,0.8915172219276428
17,test_size_matched_random,control_conditioned_nonlinear_benchmark,9.0,0.7744821310043335,0.8566855192184448
17,test_size_matched_random,control_conditioned_nonlinear_benchmark,10.0,0.7571166157722473,0.8679351210594177
17,test_size_matched_random,control_conditioned_nonlinear_benchmark,11.0,0.7453708052635193,0.8397752046585083
17,test_size_matched_random,control_conditioned_nonlinear_benchmark,12.0,0.7427701950073242,0.8666500449180603
17,train_test_size_matched_random,control_conditioned_nonlinear_benchmark,1.0,1.0016064643859863,0.9418742656707764
17,train_test_size_matched_random,control_conditioned_nonlinear_benchmark,2.0,0.9972089529037476,0.9375186562538148
17,train_test_size_matched_random,control_conditioned_nonlinear_benchmark,3.0,0.9862897396087646,0.929334819316864
17,train_test_size_matched_random,control_conditioned_nonlinear_benchmark,4.0,0.9641630053520204,0.9110860228538512
17,train_test_size_matched_random,control_conditioned_nonlinear_benchmark,5.0,0.9279353022575378,0.8878247141838074
17,train_test_size_matched_random,control_conditioned_nonlinear_benchmark,6.0,0.8892138600349426,0.8731563091278076
17,train_test_size_matched_random,control_conditioned_nonlinear_benchmark,7.0,0.8298764824867249,0.8422863483428955
17,train_test_size_matched_random,control_conditioned_nonlinear_benchmark,8.0,0.8180367946624756,0.9042379260063172
17,train_test_size_matched_random,control_conditioned_nonlinear_benchmark,9.0,0.8001762628555298,0.8696983456611633
17,train_test_size_matched_random,control_conditioned_nonlinear_benchmark,10.0,0.76573646068573,0.8452653884887695
17,train_test_size_matched_random,control_conditioned_nonlinear_benchmark,11.0,0.766452968120575,0.8257040977478027
17,train_test_size_matched_random,control_conditioned_nonlinear_benchmark,12.0,0.7479891180992126,0.8205505013465881
18,test_size_matched_random,control_conditioned_nonlinear_benchmark,1.0,1.000764012336731,0.9115166068077089
18,test_size_matched_random,control_conditioned_nonlinear_benchmark,2.0,0.990476369857788,0.906156063079834
18,test_size_matched_random,control_conditioned_nonlinear_benchmark,3.0,0.9557535648345948,0.8863158822059631
18,test_size_matched_random,control_conditioned_nonlinear_benchmark,4.0,0.8955711126327515,0.8587779402732849
18,test_size_matched_random,control_conditioned_nonlinear_benchmark,5.0,0.8639185428619385,0.8530026078224182
18,test_size_matched_random,control_conditioned_nonlinear_benchmark,6.0,0.8375341892242432,0.8265231847763062
18,test_size_matched_random,control_conditioned_nonlinear_benchmark,7.0,0.816036581993103,0.822475254535675
18,test_size_matched_random,control_conditioned_nonlinear_benchmark,8.0,0.7951551675796509,0.8096694350242615
18,test_size_matched_random,control_conditioned_nonlinear_benchmark,9.0,0.7827656865119934,0.8150801658630371
18,test_size_matched_random,control_conditioned_nonlinear_benchmark,10.0,0.7719200849533081,0.8136895298957825
18,test_size_matched_random,control_conditioned_nonlinear_benchmark,11.0,0.7777031064033508,0.822197675704956
18,test_size_matched_random,control_conditioned_nonlinear_benchmark,12.0,0.766547441482544,0.7996683716773987
18,train_test_size_matched_random,control_conditioned_nonlinear_benchmark,1.0,1.0023558139801023,0.8494042158126831
18,train_test_size_matched_random,control_conditioned_nonlinear_benchmark,2.0,0.9987132549285888,0.847377359867096
18,train_test_size_matched_random,control_conditioned_nonlinear_benchmark,3.0,0.9906439781188964,0.8448371887207031
18,train_test_size_matched_random,control_conditioned_nonlinear_benchmark,4.0,0.9685144424438475,0.8374741673469543
18,train_test_size_matched_random,control_conditioned_nonlinear_benchmark,5.0,0.9343462586402892,0.8269491195678711
18,train_test_size_matched_random,control_conditioned_nonlinear_benchmark,6.0,0.8981282711029053,0.8176266551017761
18,train_test_size_matched_random,control_conditioned_nonlinear_benchmark,7.0,0.8526797294616699,0.8201771378517151
18,train_test_size_matched_random,control_conditioned_nonlinear_benchmark,8.0,0.8271952271461487,0.8261591792106628
18,train_test_size_matched_random,control_conditioned_nonlinear_benchmark,9.0,0.8005608320236206,0.8110037446022034
18,train_test_size_matched_random,control_conditioned_nonlinear_benchmark,10.0,0.7978698015213013,0.7795185446739197
18,train_test_size_matched_random,control_conditioned_nonlinear_benchmark,11.0,0.7917966246604919,0.7626288533210754
18,train_test_size_matched_random,control_conditioned_nonlinear_benchmark,12.0,0.7738407254219055,0.8291912078857422
19,test_size_matched_random,control_conditioned_nonlinear_benchmark,1.0,1.0003565549850464,1.0625473260879517
19,test_size_matched_random,control_conditioned_nonlinear_benchmark,2.0,0.9881117343902588,1.0526913404464722
19,test_size_matched_random,control_conditioned_nonlinear_benchmark,3.0,0.9447134137153624,1.0110331773757937
19,test_size_matched_random,control_conditioned_nonlinear_benchmark,4.0,0.8821762800216675,0.9499981999397278
19,test_size_matched_random,control_conditioned_nonlinear_benchmark,5.0,0.8288956880569458,0.8942956924438477
19,test_size_matched_random,control_conditioned_nonlinear_benchmark,6.0,0.8023258447647095,0.8899171352386475
19,test_size_matched_random,control_conditioned_nonlinear_benchmark,7.0,0.7774587273597717,0.8592299222946167
19,test_size_matched_random,control_conditioned_nonlinear_benchmark,8.0,0.7669621706008911,0.8726228475570679
19,test_size_matched_random,control_conditioned_nonlinear_benchmark,9.0,0.7535188794136047,0.8519393801689148
19,test_size_matched_random,control_conditioned_nonlinear_benchmark,10.0,0.7357585430145264,0.8338339328765869
19,test_size_matched_random,control_conditioned_nonlinear_benchmark,11.0,0.7325312495231628,0.8571833968162537
19,test_size_matched_random,control_conditioned_nonlinear_benchmark,12.0,0.7198899388313293,0.8476728796958923
19,train_test_size_matched_random,control_conditioned_nonlinear_benchmark,1.0,1.001573920249939,0.7618818283081055
19,train_test_size_matched_random,control_conditioned_nonlinear_benchmark,2.0,0.9970163702964784,0.7595572471618652
19,train_test_size_matched_random,control_conditioned_nonlinear_benchmark,3.0,0.9853936433792114,0.7564899921417236
19,train_test_size_matched_random,control_conditioned_nonlinear_benchmark,4.0,0.955771505832672,0.7563868165016174
19,train_test_size_matched_random,control_conditioned_nonlinear_benchmark,5.0,0.9131577014923096,0.7436221837997437
19,train_test_size_matched_random,control_conditioned_nonlinear_benchmark,6.0,0.8772249221801758,0.7366814613342285
19,train_test_size_matched_random,control_conditioned_nonlinear_benchmark,7.0,0.8102668523788452,0.7558833956718445
19,train_test_size_matched_random,control_conditioned_nonlinear_benchmark,8.0,0.7797600030899048,0.7468417286872864
19,train_test_size_matched_random,control_conditioned_nonlinear_benchmark,9.0,0.7492262125015259,0.7352409958839417
19,train_test_size_matched_random,control_conditioned_nonlinear_benchmark,10.0,0.7497550249099731,0.7423791289329529
19,train_test_size_matched_random,control_conditioned_nonlinear_benchmark,11.0,0.7196810841560364,0.7365245223045349
19,train_test_size_matched_random,control_conditioned_nonlinear_benchmark,12.0,0.7157805562019348,0.7252458333969116
20,test_size_matched_random,control_conditioned_nonlinear_benchmark,1.0,1.0003541707992554,1.0897585153579712
20,test_size_matched_random,control_conditioned_nonlinear_benchmark,2.0,0.989802062511444,1.075367093086243
20,test_size_matched_random,control_conditioned_nonlinear_benchmark,3.0,0.955719828605652,1.0358089208602903
20,test_size_matched_random,control_conditioned_nonlinear_benchmark,4.0,0.9096271395683287,0.9746464490890504
20,test_size_matched_random,control_conditioned_nonlinear_benchmark,5.0,0.8512104749679565,0.9209264516830444
20,test_size_matched_random,control_conditioned_nonlinear_benchmark,6.0,0.82513427734375,0.9039549231529236
20,test_size_matched_random,control_conditioned_nonlinear_benchmark,7.0,0.807570219039917,0.866119384765625
20,test_size_matched_random,control_conditioned_nonlinear_benchmark,8.0,0.7939161658287048,0.8397865295410156
20,test_size_matched_random,control_conditioned_nonlinear_benchmark,9.0,0.7746612429618835,0.8320251703262329
20,test_size_matched_random,control_conditioned_nonlinear_benchmark,10.0,0.761716902256012,0.8471792936325073
20,test_size_matched_random,control_conditioned_nonlinear_benchmark,11.0,0.7561634182929993,0.8309032320976257
20,test_size_matched_random,control_conditioned_nonlinear_benchmark,12.0,0.7365630269050598,0.8316380381584167
20,train_test_size_matched_random,control_conditioned_nonlinear_benchmark,1.0,1.00117027759552,1.0130382776260376
20,train_test_size_matched_random,control_conditioned_nonlinear_benchmark,2.0,0.995640993118286,1.0109732151031494
20,train_test_size_matched_random,control_conditioned_nonlinear_benchmark,3.0,0.9792678356170654,1.003177046775818
20,train_test_size_matched_random,control_conditioned_nonlinear_benchmark,4.0,0.9324884414672852,0.9871981143951416
20,train_test_size_matched_random,control_conditioned_nonlinear_benchmark,5.0,0.8836408257484436,0.9554816484451294
20,train_test_size_matched_random,control_conditioned_nonlinear_benchmark,6.0,0.8582479953765869,0.9288171529769896
20,train_test_size_matched_random,control_conditioned_nonlinear_benchmark,7.0,0.8390514850616455,0.9111067652702332
20,train_test_size_matched_random,control_conditioned_nonlinear_benchmark,8.0,0.8009197115898132,0.8899078369140625
20,train_test_size_matched_random,control_conditioned_nonlinear_benchmark,9.0,0.7938556671142578,0.9170010685920716
20,train_test_size_matched_random,control_conditioned_nonlinear_benchmark,10.0,0.7638860940933228,0.8334888815879822
20,train_test_size_matched_random,control_conditioned_nonlinear_benchmark,11.0,0.7600148916244507,0.8855944871902466
20,train_test_size_matched_random,control_conditioned_nonlinear_benchmark,12.0,0.7391596436500549,0.8466518521308899
21,test_size_matched_random,control_conditioned_nonlinear_benchmark,1.0,1.0016969442367554,0.903831422328949
21,test_size_matched_random,control_conditioned_nonlinear_benchmark,2.0,0.9960448145866394,0.9002466201782227
21,test_size_matched_random,control_conditioned_nonlinear_benchmark,3.0,0.977247953414917,0.888935387134552
21,test_size_matched_random,control_conditioned_nonlinear_benchmark,4.0,0.9466814994812012,0.8769768476486206
21,test_size_matched_random,control_conditioned_nonlinear_benchmark,5.0,0.899235188961029,0.8521029949188232
21,test_size_matched_random,control_conditioned_nonlinear_benchmark,6.0,0.8532221913337708,0.8278549313545227
21,test_size_matched_random,control_conditioned_nonlinear_benchmark,7.0,0.8272684216499329,0.8333408832550049
21,test_size_matched_random,control_conditioned_nonlinear_benchmark,8.0,0.8100685477256775,0.8127889037132263
21,test_size_matched_random,control_conditioned_nonlinear_benchmark,9.0,0.8110219836235046,0.805545449256897
21,test_size_matched_random,control_conditioned_nonlinear_benchmark,10.0,0.7903334498405457,0.8404667377471924
21,test_size_matched_random,control_conditioned_nonlinear_benchmark,11.0,0.781374454498291,0.8221326470375061
21,test_size_matched_random,control_conditioned_nonlinear_benchmark,12.0,0.7586268782615662,0.8284458518028259
21,train_test_size_matched_random,control_conditioned_nonlinear_benchmark,1.0,1.0016193389892578,1.0395504236221311
21,train_test_size_matched_random,control_conditioned_nonlinear_benchmark,2.0,0.9985291361808776,1.037453293800354
21,train_test_size_matched_random,control_conditioned_nonlinear_benchmark,3.0,0.9899582266807556,1.0321859121322632
21,train_test_size_matched_random,control_conditioned_nonlinear_benchmark,4.0,0.971977949142456,1.0206373929977417
21,train_test_size_matched_random,control_conditioned_nonlinear_benchmark,5.0,0.942388355731964,1.000351905822754
21,train_test_size_matched_random,control_conditioned_nonlinear_benchmark,6.0,0.9150800704956056,0.9891173839569092
21,train_test_size_matched_random,control_conditioned_nonlinear_benchmark,7.0,0.8886985778808594,0.9675973653793336
21,train_test_size_matched_random,control_conditioned_nonlinear_benchmark,8.0,0.8797537684440613,0.9512920379638672
21,train_test_size_matched_random,control_conditioned_nonlinear_benchmark,9.0,0.8336924910545349,0.9379006028175354
21,train_test_size_matched_random,control_conditioned_nonlinear_benchmark,10.0,0.8151006102561951,0.9456225633621216
21,train_test_size_matched_random,control_conditioned_nonlinear_benchmark,11.0,0.7934535145759583,0.9479756951332092
21,train_test_size_matched_random,control_conditioned_nonlinear_benchmark,12.0,0.7792261242866516,0.906341016292572
22,test_size_matched_random,control_conditioned_nonlinear_benchmark,1.0,1.0014901161193848,1.0827112197875977
22,test_size_matched_random,control_conditioned_nonlinear_benchmark,2.0,0.9959293007850648,1.077023983001709
22,test_size_matched_random,control_conditioned_nonlinear_benchmark,3.0,0.9790268540382384,1.0621929168701172
22,test_size_matched_random,control_conditioned_nonlinear_benchmark,4.0,0.9504884481430054,1.0327894687652588
22,test_size_matched_random,control_conditioned_nonlinear_benchmark,5.0,0.8976296186447144,0.9866350293159484
22,test_size_matched_random,control_conditioned_nonlinear_benchmark,6.0,0.8729618787765503,0.9842466711997986
22,test_size_matched_random,control_conditioned_nonlinear_benchmark,7.0,0.8414847254753113,0.9214348793029784
22,test_size_matched_random,control_conditioned_nonlinear_benchmark,8.0,0.8456664681434631,0.9386825561523438
22,test_size_matched_random,control_conditioned_nonlinear_benchmark,9.0,0.8040270805358887,0.9107264876365662
22,test_size_matched_random,control_conditioned_nonlinear_benchmark,10.0,0.7905627489089966,0.908944606781006
22,test_size_matched_random,control_conditioned_nonlinear_benchmark,11.0,0.7969186902046204,0.9009655117988586
22,test_size_matched_random,control_conditioned_nonlinear_benchmark,12.0,0.765457034111023,0.8970800042152405
22,train_test_size_matched_random,control_conditioned_nonlinear_benchmark,1.0,1.001541018486023,0.6880496144294739
22,train_test_size_matched_random,control_conditioned_nonlinear_benchmark,2.0,0.9979447722434998,0.6864562630653381
22,train_test_size_matched_random,control_conditioned_nonlinear_benchmark,3.0,0.9878794550895692,0.6805424094200134
22,train_test_size_matched_random,control_conditioned_nonlinear_benchmark,4.0,0.967618465423584,0.6758362054824829
22,train_test_size_matched_random,control_conditioned_nonlinear_benchmark,5.0,0.9369988441467284,0.6702594757080078
22,train_test_size_matched_random,control_conditioned_nonlinear_benchmark,6.0,0.9076802730560304,0.6576375365257263
22,train_test_size_matched_random,control_conditioned_nonlinear_benchmark,7.0,0.8638678193092346,0.6621690392494202
22,train_test_size_matched_random,control_conditioned_nonlinear_benchmark,8.0,0.8332082629203796,0.6432556509971619
22,train_test_size_matched_random,control_conditioned_nonlinear_benchmark,9.0,0.807316243648529,0.6379756927490234
22,train_test_size_matched_random,control_conditioned_nonlinear_benchmark,10.0,0.7957811951637268,0.6791557669639587
22,train_test_size_matched_random,control_conditioned_nonlinear_benchmark,11.0,0.7724001407623291,0.6709545850753784
22,train_test_size_matched_random,control_conditioned_nonlinear_benchmark,12.0,0.764848530292511,0.660508394241333
23,test_size_matched_random,control_conditioned_nonlinear_benchmark,1.0,1.0006003379821775,1.0159305334091189
23,test_size_matched_random,control_conditioned_nonlinear_benchmark,2.0,0.9911975860595704,1.0100486278533936
23,test_size_matched_random,control_conditioned_nonlinear_benchmark,3.0,0.9677405953407288,0.9953944683074952
23,test_size_matched_random,control_conditioned_nonlinear_benchmark,4.0,0.9230121374130248,0.9657607078552246
23,test_size_matched_random,control_conditioned_nonlinear_benchmark,5.0,0.8530169129371643,0.9139295816421508
23,test_size_matched_random,control_conditioned_nonlinear_benchmark,6.0,0.8253254890441895,0.9045849442481996
23,test_size_matched_random,control_conditioned_nonlinear_benchmark,7.0,0.7996822595596313,0.8660972714424133
23,test_size_matched_random,control_conditioned_nonlinear_benchmark,8.0,0.7831135392189026,0.8586006164550781
23,test_size_matched_random,control_conditioned_nonlinear_benchmark,9.0,0.7560636401176453,0.8402801156044006
23,test_size_matched_random,control_conditioned_nonlinear_benchmark,10.0,0.7534648180007935,0.8256909251213074
23,test_size_matched_random,control_conditioned_nonlinear_benchmark,11.0,0.7461545467376709,0.8272458910942078
23,test_size_matched_random,control_conditioned_nonlinear_benchmark,12.0,0.7438205480575562,0.828271746635437
23,train_test_size_matched_random,control_conditioned_nonlinear_benchmark,1.0,1.001391053199768,0.9898940324783324
23,train_test_size_matched_random,control_conditioned_nonlinear_benchmark,2.0,0.9995010495185852,0.988660216331482
23,train_test_size_matched_random,control_conditioned_nonlinear_benchmark,3.0,0.992713212966919,0.9842133522033693
23,train_test_size_matched_random,control_conditioned_nonlinear_benchmark,4.0,0.9773030877113342,0.9759325385093688
23,train_test_size_matched_random,control_conditioned_nonlinear_benchmark,5.0,0.9604588150978088,0.9710513949394226
23,train_test_size_matched_random,control_conditioned_nonlinear_benchmark,6.0,0.9131200909614564,0.9406537413597108
23,train_test_size_matched_random,control_conditioned_nonlinear_benchmark,7.0,0.8764237761497498,0.9335381984710692
23,train_test_size_matched_random,control_conditioned_nonlinear_benchmark,8.0,0.8433060646057129,0.9229899048805236
23,train_test_size_matched_random,control_conditioned_nonlinear_benchmark,9.0,0.8013299107551575,0.8806589841842651
23,train_test_size_matched_random,control_conditioned_nonlinear_benchmark,10.0,0.782552182674408,0.8813151121139526
23,train_test_size_matched_random,control_conditioned_nonlinear_benchmark,11.0,0.7632600665092468,0.8795489072799683
23,train_test_size_matched_random,control_conditioned_nonlinear_benchmark,12.0,0.7619718909263611,0.8501225113868713
24,test_size_matched_random,control_conditioned_nonlinear_benchmark,1.0,1.0014029741287231,1.008213758468628
24,test_size_matched_random,control_conditioned_nonlinear_benchmark,2.0,0.9918259978294371,1.003063082695007
24,test_size_matched_random,control_conditioned_nonlinear_benchmark,3.0,0.9689910411834716,0.988059103488922
24,test_size_matched_random,control_conditioned_nonlinear_benchmark,4.0,0.8955978155136108,0.9489733576774596
24,test_size_matched_random,control_conditioned_nonlinear_benchmark,5.0,0.8459910154342651,0.9026087522506714
24,test_size_matched_random,control_conditioned_nonlinear_benchmark,6.0,0.8168038725852966,0.899653971195221
24,test_size_matched_random,control_conditioned_nonlinear_benchmark,7.0,0.7977830171585083,0.8877087831497192
24,test_size_matched_random,control_conditioned_nonlinear_benchmark,8.0,0.7798349857330322,0.8653092980384827
24,test_size_matched_random,control_conditioned_nonlinear_benchmark,9.0,0.7660456895828247,0.8559330701828003
24,test_size_matched_random,control_conditioned_nonlinear_benchmark,10.0,0.7642413377761841,0.8732248544692993
24,test_size_matched_random,control_conditioned_nonlinear_benchmark,11.0,0.745341420173645,0.869943380355835
24,test_size_matched_random,control_conditioned_nonlinear_benchmark,12.0,0.7260783910751343,0.8477578163146973
24,train_test_size_matched_random,control_conditioned_nonlinear_benchmark,1.0,1.0014028549194336,0.9114060401916504
24,train_test_size_matched_random,control_conditioned_nonlinear_benchmark,2.0,0.9971764087677002,0.9082292318344116
24,train_test_size_matched_random,control_conditioned_nonlinear_benchmark,3.0,0.981974482536316,0.8971734642982483
24,train_test_size_matched_random,control_conditioned_nonlinear_benchmark,4.0,0.9494240283966064,0.873035192489624
24,train_test_size_matched_random,control_conditioned_nonlinear_benchmark,5.0,0.888996422290802,0.831321120262146
24,train_test_size_matched_random,control_conditioned_nonlinear_benchmark,6.0,0.8444601893424988,0.8223299384117126
24,train_test_size_matched_random,control_conditioned_nonlinear_benchmark,7.0,0.8757332563400269,0.8606842160224915
24,train_test_size_matched_random,control_conditioned_nonlinear_benchmark,8.0,0.8017557263374329,0.8465660214424133
24,train_test_size_matched_random,control_conditioned_nonlinear_benchmark,9.0,0.7675577998161316,0.8177167773246765
24,train_test_size_matched_random,control_conditioned_nonlinear_benchmark,10.0,0.8074827194213867,0.8604781627655029
24,train_test_size_matched_random,control_conditioned_nonlinear_benchmark,11.0,0.7473468780517578,0.8623421788215637
24,train_test_size_matched_random,control_conditioned_nonlinear_benchmark,12.0,0.7330191135406494,0.8173962831497192
25,test_size_matched_random,control_conditioned_nonlinear_benchmark,1.0,1.0007885694503784,0.9170937538146972
25,test_size_matched_random,control_conditioned_nonlinear_benchmark,2.0,0.9899117946624756,0.9079827070236206
25,test_size_matched_random,control_conditioned_nonlinear_benchmark,3.0,0.9475651979446412,0.8743249773979187
25,test_size_matched_random,control_conditioned_nonlinear_benchmark,4.0,0.8894810676574707,0.8368218541145325
25,test_size_matched_random,control_conditioned_nonlinear_benchmark,5.0,0.8510525226593018,0.8049771189689636
25,test_size_matched_random,control_conditioned_nonlinear_benchmark,6.0,0.8294274806976318,0.8099262714385986
25,test_size_matched_random,control_conditioned_nonlinear_benchmark,7.0,0.8084138035774231,0.8136482238769531
25,test_size_matched_random,control_conditioned_nonlinear_benchmark,8.0,0.7818073630332947,0.7711982131004333
25,test_size_matched_random,control_conditioned_nonlinear_benchmark,9.0,0.7712092399597168,0.7702712416648865
25,test_size_matched_random,control_conditioned_nonlinear_benchmark,10.0,0.7520598769187927,0.7565228343009949
25,test_size_matched_random,control_conditioned_nonlinear_benchmark,11.0,0.7557934522628784,0.7746253609657288
25,test_size_matched_random,control_conditioned_nonlinear_benchmark,12.0,0.7345256209373474,0.7517778277397156
25,train_test_size_matched_random,control_conditioned_nonlinear_benchmark,1.0,1.0015829801559448,0.988879144191742
25,train_test_size_matched_random,control_conditioned_nonlinear_benchmark,2.0,0.9969979524612428,0.9847695231437684
25,train_test_size_matched_random,control_conditioned_nonlinear_benchmark,3.0,0.9819414615631104,0.9711978435516356
25,train_test_size_matched_random,control_conditioned_nonlinear_benchmark,4.0,0.9422819018363952,0.9376387596130372
25,train_test_size_matched_random,control_conditioned_nonlinear_benchmark,5.0,0.9003819227218628,0.8914026618003845
25,train_test_size_matched_random,control_conditioned_nonlinear_benchmark,6.0,0.9026125073432922,0.8780719041824341
25,train_test_size_matched_random,control_conditioned_nonlinear_benchmark,7.0,0.8379827737808228,0.822637140750885
25,train_test_size_matched_random,control_conditioned_nonlinear_benchmark,8.0,0.8154523372650146,0.825501561164856
25,train_test_size_matched_random,control_conditioned_nonlinear_benchmark,9.0,0.7997474670410156,0.798236072063446
25,train_test_size_matched_random,control_conditioned_nonlinear_benchmark,10.0,0.7958461046218872,0.7839695811271667
25,train_test_size_matched_random,control_conditioned_nonlinear_benchmark,11.0,0.7666167616844177,0.7972951531410217
25,train_test_size_matched_random,control_conditioned_nonlinear_benchmark,12.0,0.7575899362564087,0.7779741883277893
26,test_size_matched_random,control_conditioned_nonlinear_benchmark,1.0,1.001837134361267,1.0565176010131836
26,test_size_matched_random,control_conditioned_nonlinear_benchmark,2.0,0.9953397512435912,1.052189588546753
26,test_size_matched_random,control_conditioned_nonlinear_benchmark,3.0,0.9735155701637268,1.036604642868042
26,test_size_matched_random,control_conditioned_nonlinear_benchmark,4.0,0.9193188548088074,0.97491455078125
26,test_size_matched_random,control_conditioned_nonlinear_benchmark,5.0,0.8715812563896179,0.9352999925613404
26,test_size_matched_random,control_conditioned_nonlinear_benchmark,6.0,0.8209825158119202,0.8903218507766724
26,test_size_matched_random,control_conditioned_nonlinear_benchmark,7.0,0.7929376363754272,0.873435914516449
26,test_size_matched_random,control_conditioned_nonlinear_benchmark,8.0,0.7627085447311401,0.8853396773338318
26,test_size_matched_random,control_conditioned_nonlinear_benchmark,9.0,0.7471159100532532,0.9043947458267212
26,test_size_matched_random,control_conditioned_nonlinear_benchmark,10.0,0.7551935315132141,0.899653434753418
26,test_size_matched_random,control_conditioned_nonlinear_benchmark,11.0,0.7370101809501648,0.8981091976165771
26,test_size_matched_random,control_conditioned_nonlinear_benchmark,12.0,0.7354208827018738,0.9003462195396423
26,train_test_size_matched_random,control_conditioned_nonlinear_benchmark,1.0,1.0014666318893433,1.041601538658142
26,train_test_size_matched_random,control_conditioned_nonlinear_benchmark,2.0,0.9970097541809082,1.0372803211212158
26,train_test_size_matched_random,control_conditioned_nonlinear_benchmark,3.0,0.9783719182014464,1.0192420482635498
26,train_test_size_matched_random,control_conditioned_nonlinear_benchmark,4.0,0.9436095356941224,0.9785847663879396
26,train_test_size_matched_random,control_conditioned_nonlinear_benchmark,5.0,0.8949219584465027,0.9265170693397522
26,train_test_size_matched_random,control_conditioned_nonlinear_benchmark,6.0,0.8569079041481018,0.8944824934005737
26,train_test_size_matched_random,control_conditioned_nonlinear_benchmark,7.0,0.8280084729194641,0.8794960379600525
26,train_test_size_matched_random,control_conditioned_nonlinear_benchmark,8.0,0.8369125723838806,0.8695932030677795
26,train_test_size_matched_random,control_conditioned_nonlinear_benchmark,9.0,0.7943732738494873,0.8612085580825806
26,train_test_size_matched_random,control_conditioned_nonlinear_benchmark,10.0,0.7763329744338989,0.8441230058670044
26,train_test_size_matched_random,control_conditioned_nonlinear_benchmark,11.0,0.7635644674301147,0.8726211786270142
26,train_test_size_matched_random,control_conditioned_nonlinear_benchmark,12.0,0.7739444375038147,0.8801748156547546
27,test_size_matched_random,control_conditioned_nonlinear_benchmark,1.0,1.0007599592208862,0.9349905848503112
27,test_size_matched_random,control_conditioned_nonlinear_benchmark,2.0,0.9912899136543274,0.929953396320343
27,test_size_matched_random,control_conditioned_nonlinear_benchmark,3.0,0.9692621231079102,0.9208642840385436
27,test_size_matched_random,control_conditioned_nonlinear_benchmark,4.0,0.9143104553222656,0.8993543982505798
27,test_size_matched_random,control_conditioned_nonlinear_benchmark,5.0,0.8691808581352234,0.8599600791931152
27,test_size_matched_random,control_conditioned_nonlinear_benchmark,6.0,0.835575520992279,0.8493688106536865
27,test_size_matched_random,control_conditioned_nonlinear_benchmark,7.0,0.8217245936393738,0.8258992433547974
27,test_size_matched_random,control_conditioned_nonlinear_benchmark,8.0,0.8091835379600525,0.8220055103302002
27,test_size_matched_random,control_conditioned_nonlinear_benchmark,9.0,0.791025698184967,0.8071664571762085
27,test_size_matched_random,control_conditioned_nonlinear_benchmark,10.0,0.7905153036117554,0.8154423236846924
27,test_size_matched_random,control_conditioned_nonlinear_benchmark,11.0,0.7740696668624878,0.7985379695892334
27,test_size_matched_random,control_conditioned_nonlinear_benchmark,12.0,0.7789731621742249,0.8084139823913574
27,train_test_size_matched_random,control_conditioned_nonlinear_benchmark,1.0,1.0013468265533447,0.9639177322387696
27,train_test_size_matched_random,control_conditioned_nonlinear_benchmark,2.0,0.9968231916427612,0.9599756002426147
27,train_test_size_matched_random,control_conditioned_nonlinear_benchmark,3.0,0.9844302535057068,0.9528781175613404
27,train_test_size_matched_random,control_conditioned_nonlinear_benchmark,4.0,0.9594305753707886,0.9416601657867432
27,train_test_size_matched_random,control_conditioned_nonlinear_benchmark,5.0,0.9195560216903688,0.9212993383407592
27,train_test_size_matched_random,control_conditioned_nonlinear_benchmark,6.0,0.8745776414871216,0.8940276503562927
27,train_test_size_matched_random,control_conditioned_nonlinear_benchmark,7.0,0.8589658141136169,0.919951558113098
27,train_test_size_matched_random,control_conditioned_nonlinear_benchmark,8.0,0.8295220732688904,0.912565529346466
27,train_test_size_matched_random,control_conditioned_nonlinear_benchmark,9.0,0.831335723400116,0.911660373210907
27,train_test_size_matched_random,control_conditioned_nonlinear_benchmark,10.0,0.794770359992981,0.901939332485199
27,train_test_size_matched_random,control_conditioned_nonlinear_benchmark,11.0,0.7821179032325745,0.8837345242500305
27,train_test_size_matched_random,control_conditioned_nonlinear_benchmark,12.0,0.7613285779953003,0.8824071288108826
28,test_size_matched_random,control_conditioned_nonlinear_benchmark,1.0,1.0011281967163086,1.1997039318084717
28,test_size_matched_random,control_conditioned_nonlinear_benchmark,2.0,0.9908324480056764,1.185966730117798
28,test_size_matched_random,control_conditioned_nonlinear_benchmark,3.0,0.9613111615180968,1.144271969795227
28,test_size_matched_random,control_conditioned_nonlinear_benchmark,4.0,0.91571044921875,1.0629574060440063
28,test_size_matched_random,control_conditioned_nonlinear_benchmark,5.0,0.8984856009483337,1.0086243152618408
28,test_size_matched_random,control_conditioned_nonlinear_benchmark,6.0,0.8363140225410461,0.9116647243499756
28,test_size_matched_random,control_conditioned_nonlinear_benchmark,7.0,0.8162627220153809,0.9135773181915284
28,test_size_matched_random,control_conditioned_nonlinear_benchmark,8.0,0.8138700723648071,0.9148489832878112
28,test_size_matched_random,control_conditioned_nonlinear_benchmark,9.0,0.7842634320259094,0.8707261681556702
28,test_size_matched_random,control_conditioned_nonlinear_benchmark,10.0,0.7671130299568176,0.8574731349945068
28,test_size_matched_random,control_conditioned_nonlinear_benchmark,11.0,0.7537939548492432,0.8566168546676636
28,test_size_matched_random,control_conditioned_nonlinear_benchmark,12.0,0.7366053462028503,0.8319881558418274
28,train_test_size_matched_random,control_conditioned_nonlinear_benchmark,1.0,1.0017081499099731,0.9923348426818848
28,train_test_size_matched_random,control_conditioned_nonlinear_benchmark,2.0,0.999358057975769,0.9900956153869628
28,train_test_size_matched_random,control_conditioned_nonlinear_benchmark,3.0,0.9902665615081788,0.9819754362106324
28,train_test_size_matched_random,control_conditioned_nonlinear_benchmark,4.0,0.9688091278076172,0.96168851852417
28,train_test_size_matched_random,control_conditioned_nonlinear_benchmark,5.0,0.9363743662834167,0.9437735080718994
28,train_test_size_matched_random,control_conditioned_nonlinear_benchmark,6.0,0.8723856806755066,0.878231406211853
28,train_test_size_matched_random,control_conditioned_nonlinear_benchmark,7.0,0.8274445533752441,0.8346462845802307
28,train_test_size_matched_random,control_conditioned_nonlinear_benchmark,8.0,0.8053447008132935,0.8167293667793274
28,train_test_size_matched_random,control_conditioned_nonlinear_benchmark,9.0,0.7978993654251099,0.8105359077453613
28,train_test_size_matched_random,control_conditioned_nonlinear_benchmark,10.0,0.7632189989089966,0.8004137873649597
28,train_test_size_matched_random,control_conditioned_nonlinear_benchmark,11.0,0.7394021153450012,0.8106931447982788
28,train_test_size_matched_random,control_conditioned_nonlinear_benchmark,12.0,0.744982898235321,0.8433234691619873
29,test_size_matched_random,control_conditioned_nonlinear_benchmark,1.0,1.0014532804489136,0.7708745002746582
29,test_size_matched_random,control_conditioned_nonlinear_benchmark,2.0,0.994601845741272,0.7679983377456665
29,test_size_matched_random,control_conditioned_nonlinear_benchmark,3.0,0.9743441939353944,0.7595071792602539
29,test_size_matched_random,control_conditioned_nonlinear_benchmark,4.0,0.9179045557975768,0.741209864616394
29,test_size_matched_random,control_conditioned_nonlinear_benchmark,5.0,0.8667283058166504,0.7378796339035034
29,test_size_matched_random,control_conditioned_nonlinear_benchmark,6.0,0.8154524564743042,0.6990973353385925
29,test_size_matched_random,control_conditioned_nonlinear_benchmark,7.0,0.8188933730125427,0.6845639944076538
29,test_size_matched_random,control_conditioned_nonlinear_benchmark,8.0,0.7756619453430176,0.6821045875549316
29,test_size_matched_random,control_conditioned_nonlinear_benchmark,9.0,0.7533972263336182,0.6997717618942261
29,test_size_matched_random,control_conditioned_nonlinear_benchmark,10.0,0.7403521537780762,0.6979729533195496
29,test_size_matched_random,control_conditioned_nonlinear_benchmark,11.0,0.7299433350563049,0.7186403870582581
29,test_size_matched_random,control_conditioned_nonlinear_benchmark,12.0,0.7170360088348389,0.6817444562911987
29,train_test_size_matched_random,control_conditioned_nonlinear_benchmark,1.0,1.001634120941162,0.8945488333702087
29,train_test_size_matched_random,control_conditioned_nonlinear_benchmark,2.0,0.998345911502838,0.89226895570755
29,train_test_size_matched_random,control_conditioned_nonlinear_benchmark,3.0,0.9874936938285828,0.8865411877632141
29,train_test_size_matched_random,control_conditioned_nonlinear_benchmark,4.0,0.9604636430740356,0.8740056157112122
29,train_test_size_matched_random,control_conditioned_nonlinear_benchmark,5.0,0.9144988656044006,0.8706991672515869
29,train_test_size_matched_random,control_conditioned_nonlinear_benchmark,6.0,0.8643140196800232,0.8693286776542664
29,train_test_size_matched_random,control_conditioned_nonlinear_benchmark,7.0,0.8132454752922058,0.8645919561386108
29,train_test_size_matched_random,control_conditioned_nonlinear_benchmark,8.0,0.7865308523178101,0.8618999123573303
29,train_test_size_matched_random,control_conditioned_nonlinear_benchmark,9.0,0.7813235521316528,0.8269261121749878
29,train_test_size_matched_random,control_conditioned_nonlinear_benchmark,10.0,0.7781327366828918,0.8203487992286682
29,train_test_size_matched_random,control_conditioned_nonlinear_benchmark,11.0,0.7447113990783691,0.82565838098526
29,train_test_size_matched_random,control_conditioned_nonlinear_benchmark,12.0,0.7306906580924988,0.8778998851776123
30,test_size_matched_random,control_conditioned_nonlinear_benchmark,1.0,1.0009100437164309,0.9422475695610046
30,test_size_matched_random,control_conditioned_nonlinear_benchmark,2.0,0.9898883700370787,0.9346565008163452
30,test_size_matched_random,control_conditioned_nonlinear_benchmark,3.0,0.9573586583137512,0.9220560193061828
30,test_size_matched_random,control_conditioned_nonlinear_benchmark,4.0,0.9069413542747498,0.8814617991447449
30,test_size_matched_random,control_conditioned_nonlinear_benchmark,5.0,0.859782874584198,0.8740649819374084
30,test_size_matched_random,control_conditioned_nonlinear_benchmark,6.0,0.8343102335929871,0.8322657346725464
30,test_size_matched_random,control_conditioned_nonlinear_benchmark,7.0,0.793602705001831,0.8144699931144714
30,test_size_matched_random,control_conditioned_nonlinear_benchmark,8.0,0.7797591686248779,0.8372347354888916
30,test_size_matched_random,control_conditioned_nonlinear_benchmark,9.0,0.7650259137153625,0.7700970768928528
30,test_size_matched_random,control_conditioned_nonlinear_benchmark,10.0,0.7592877745628357,0.7892786264419556
30,test_size_matched_random,control_conditioned_nonlinear_benchmark,11.0,0.7436493635177612,0.8036765456199646
30,test_size_matched_random,control_conditioned_nonlinear_benchmark,12.0,0.7419590353965759,0.8190242052078247
30,train_test_size_matched_random,control_conditioned_nonlinear_benchmark,1.0,1.0019967555999756,0.6856335401535034
30,train_test_size_matched_random,control_conditioned_nonlinear_benchmark,2.0,0.9979248046875,0.6831883192062378
30,train_test_size_matched_random,control_conditioned_nonlinear_benchmark,3.0,0.9849069714546204,0.6790890693664551
30,train_test_size_matched_random,control_conditioned_nonlinear_benchmark,4.0,0.9558866024017334,0.6719570159912109
30,train_test_size_matched_random,control_conditioned_nonlinear_benchmark,5.0,0.9240466356277466,0.6632204651832581
30,train_test_size_matched_random,control_conditioned_nonlinear_benchmark,6.0,0.8735820055007935,0.6639618277549744
30,train_test_size_matched_random,control_conditioned_nonlinear_benchmark,7.0,0.8308894634246826,0.6457457542419434
30,train_test_size_matched_random,control_conditioned_nonlinear_benchmark,8.0,0.7970410585403442,0.6518591642379761
30,train_test_size_matched_random,control_conditioned_nonlinear_benchmark,9.0,0.7789128422737122,0.6616908311843872
30,train_test_size_matched_random,control_conditioned_nonlinear_benchmark,10.0,0.7557227611541748,0.6312776207923889
30,train_test_size_matched_random,control_conditioned_nonlinear_benchmark,11.0,0.7621334195137024,0.6208837032318115
30,train_test_size_matched_random,control_conditioned_nonlinear_benchmark,12.0,0.7263864278793335,0.6224079728126526
